viaje_id,inicio_viaje,estacion_origen,localidad_origen,estacion_destino,localidad_destino,duracion_min,distancia_km,tipo_bicicleta,tipo_usuario,clima,temperatura_c,precipitacion_mm,fin_de_semana
V000671,2026-04-22 08:35:33,Plaza de Bolívar,La Candelaria,Universidades Centro,La Candelaria,13.8,4.14,Eléctrica,Suscriptor,Nublado,17.2,0.0,No
V002336,2026-03-26 20:39:41,Plaza de Bolívar,La Candelaria,Universidades Centro,La Candelaria,10.8,2.47,Eléctrica,Ocasional,Lluvia ligera,15.2,0.9,No
V002504,2026-03-09 11:25:42,Parque de los Novios,Barrios Unidos,Hacienda Santa Bárbara,Usaquén,6.6,0.83,Eléctrica,Suscriptor,Nublado,17.1,0.0,No
V002587,2026-04-29 04:04:46,Parque de la 93,Chapinero,Parque de la 93,Chapinero,7.6,1.68,Mecánica,Suscriptor,Nublado,21.0,0.0,No
V000820,2026-05-26 03:55:26,Zona G,Chapinero,Parque Nacional,Santa Fe,16.6,2.89,Mecánica,Suscriptor,Lluvia,18.7,7.8,No
V001962,2026-04-10 08:19:28,Calle 72,Chapinero,Calle 72,Chapinero,10.5,1.49,Mecánica,Suscriptor,Despejado,,0.0,No
V000833,2026-04-13 19:29:31,Centro Internacional,Santa Fe,Las Nieves,Santa Fe,19.2,2.7,Eléctrica,Suscriptor,Nublado,15.8,0.0,No
V003175,2026-05-12 18:27:06,Chorro de Quevedo,La Candelaria,Universidades Centro,La Candelaria,7.6,1.71,Mecánica,Suscriptor,Despejado,18.5,0.0,No
V002592,2026-02-16 09:58:57,Zona G,Chapinero,Parque de la 93,Chapinero,9.2,2.6,Eléctrica,Suscriptor,Lluvia,18.1,8.2,No
V001902,2026-05-02 08:49:08,Parque de los Novios,Barrios Unidos,San Felipe,Barrios Unidos,9.6,2.09,Eléctrica,Suscriptor,Despejado,20.0,0.0,Sí
V001245,2026-03-03 07:34:14,Parque de los Novios,Barrios Unidos,San Felipe,Barrios Unidos,28.5,7.7,Eléctrica,Suscriptor,Lluvia,13.3,9.8,No
V001388,2026-04-14 17:23:54,Zona G,Chapinero,Universidades Centro,La Candelaria,12.0,2.43,Mecánica,Suscriptor,Nublado,22.3,0.0,No
V001529,2026-03-31 07:56:02,Parque de los Hippies,Chapinero,Parque de la 93,Chapinero,7.1,2.06,Eléctrica,Suscriptor,Despejado,15.5,0.0,No
V003025,2026-04-09 19:44:43,Las Aguas,La Candelaria,Las Aguas,La Candelaria,4.2,0.92,Mecánica,Suscriptor,Nublado,17.1,0.0,No
V000834,2026-02-01 11:31:31,Hacienda Santa Bárbara,Usaquén,Parque de la 93,Chapinero,18.3,3.99,Eléctrica,Suscriptor,Nublado,16.1,0.0,Sí
V002635,2026-03-01 14:46:54,Las Nieves,Santa Fe,Centro Internacional,Santa Fe,10.2,1.26,Mecánica,Ocasional,Nublado,16.9,0.0,Sí
V000965,2026-04-10 17:36:36,Parque de los Hippies,Chapinero,Calle 63,Chapinero,25.4,7.15,Eléctrica,Suscriptor,Lluvia,16.9,9.2,No
V000035,2026-02-23 05:50:59,Parque de la 93,Chapinero,Parque de los Hippies,Chapinero,16.9,3.85,Eléctrica,Ocasional,Despejado,13.9,0.0,No
V000122,2026-02-25 04:47:45,Calle 72,Chapinero,Chorro de Quevedo,La Candelaria,16.6,3.5,Mecánica,Suscriptor,Nublado,13.5,0.0,No
V001426,2026-05-26 19:38:29,Las Aguas,La Candelaria,Las Aguas,La Candelaria,3.6,0.76,Mecánica,Suscriptor,Despejado,19.0,0.0,No
V000880,2026-05-11 18:58:13,Hacienda Santa Bárbara,Usaquén,Parque de los Hippies,Chapinero,12.4,2.64,Mecánica,Suscriptor,Despejado,18.7,0.0,No
V000306,2026-04-07 18:31:38,Universidad Javeriana,Chapinero,Calle 72,Chapinero,22.4,5.15,Eléctrica,Suscriptor,Despejado,17.7,0.0,No
V001236,2026-03-21 21:58:34,Parque de los Novios,Barrios Unidos,Zona G,Chapinero,16.4,2.73,Eléctrica,Suscriptor,Nublado,15.9,0.0,Sí
V001800,2026-05-29 10:02:24,Parque de los Novios,Barrios Unidos,Parque de los Novios,Barrios Unidos,9.8,1.59,Mecánica,Suscriptor,Nublado,16.4,0.0,No
V000182,2026-02-14 08:32:41,Corferias,Teusaquillo,Hacienda Santa Bárbara,Usaquén,9.3,1.68,Eléctrica,Suscriptor,Nublado,13.4,0.0,Sí
V000413,2026-04-29 07:54:39,Calle 63,Chapinero,Parque El Virrey Norte,Usaquén,10.2,2.17,Eléctrica,Suscriptor,Despejado,18.8,0.0,No
V000747,2026-05-06 00:40:53,San Felipe,Barrios Unidos,Calle 80,Barrios Unidos,12.4,2.98,Mecánica,Suscriptor,Despejado,15.3,0.0,No
V001304,2026-03-01 18:03:10,Parque El Virrey Norte,Usaquén,Calle 100,Usaquén,18.2,3.92,Mecánica,Suscriptor,Despejado,17.3,0.0,Sí
V000842,2026-04-30 15:31:43,Parkway,Teusaquillo,Unicentro,Usaquén,12.4,2.55,Mecánica,Suscriptor,Despejado,18.4,0.0,No
V001699,2026-02-26 08:01:30,Universidad Javeriana,Chapinero,Universidad Nacional,Teusaquillo,9.1,1.55,Eléctrica,,Lluvia ligera,17.0,1.9,No
V000843,2026-03-12 06:52:16,Universidad Nacional,Teusaquillo,Corferias,Teusaquillo,33.0,4.88,Mecánica,Ocasional,Despejado,16.5,0.0,No
V002014,2026-05-09 19:49:46,Galerías,Teusaquillo,Parkway,Teusaquillo,6.3,1.62,Mecánica,Suscriptor,Lluvia ligera,14.0,1.8,Sí
V003009,2026-02-17 18:11:46,Universidades Centro,La Candelaria,Plaza de Bolívar,La Candelaria,5.8,1.22,Eléctrica,Suscriptor,Despejado,12.8,0.0,No
V001889,2026-05-13 07:37:07,Universidad Nacional,Teusaquillo,Corferias,Teusaquillo,10.8,1.67,Mecánica,Suscriptor,Nublado,16.2,0.0,No
V000132,2026-03-18 14:34:01,Las Nieves,Santa Fe,Museo Nacional,Santa Fe,8.4,1.81,Eléctrica,Ocasional,Nublado,21.1,0.0,No
V001542,2026-02-17 08:25:32,Universidades Centro,La Candelaria,Chorro de Quevedo,La Candelaria,36.6,7.58,Mecánica,Ocasional,Despejado,20.7,0.0,No
V001590,2026-04-03 21:11:28,Parque Nacional,Santa Fe,Museo Nacional,Santa Fe,20.3,4.03,Eléctrica,Suscriptor,Despejado,20.2,0.0,No
V000179,2026-03-31 13:28:37,Parque Nacional,Santa Fe,Museo Nacional,Santa Fe,7.3,1.47,Mecánica,Suscriptor,Nublado,15.9,0.0,No
V001184,2026-03-30 02:56:53,Universidad Javeriana,Chapinero,Calle 72,Chapinero,11.8,2.04,Mecánica,Suscriptor,Nublado,18.2,0.0,No
V000080,2026-04-23 18:42:37,Plaza de Bolívar,La Candelaria,Plaza de Bolívar,La Candelaria,9.1,1.62,Mecánica,Suscriptor,Despejado,17.3,0.0,No
V003111,2026-04-04 15:48:11,Parque de los Hippies,Chapinero,Zona G,Chapinero,11.4,3.05,Eléctrica,Ocasional,Despejado,17.9,0.0,Sí
V002160,2026-02-03 18:30:08,Centro Internacional,Santa Fe,Museo Nacional,Santa Fe,8.0,1.89,Mecánica,Suscriptor,Despejado,14.8,0.0,No
V002844,2026-02-22 08:53:35,Plaza de Bolívar,La Candelaria,Chorro de Quevedo,La Candelaria,16.7,3.28,Eléctrica,Suscriptor,Despejado,16.9,0.0,Sí
V002119,2026-03-26 22:19:59,Calle 63,Chapinero,Simón Bolívar Norte,Barrios Unidos,12.5,2.37,Eléctrica,Suscriptor,Despejado,11.8,0.0,No
V000701,2026-02-12 08:39:40,Centro Internacional,Santa Fe,Las Nieves,Santa Fe,20.9,5.37,Eléctrica,Suscriptor,Despejado,,0.0,No
V002885,2026-03-15 13:55:01,Museo Nacional,Santa Fe,Las Nieves,Santa Fe,6.3,,electrica,Ocasional,Nublado,18.3,0.0,Sí
V002680,2026-05-08 16:29:56,Plaza de Bolívar,La Candelaria,Las Aguas,La Candelaria,8.6,1.8,Eléctrica,Suscriptor,Nublado,17.4,0.0,No
V002970,2026-03-14 03:34:18,Parque El Virrey Norte,Usaquén,Parque El Virrey Norte,Usaquén,6.5,1.38,Mecánica,Suscriptor,Nublado,15.4,0.0,Sí
V002973,2026-02-17 12:18:43,Parkway,Teusaquillo,Galerías,Teusaquillo,8.7,1.79,Eléctrica,Suscriptor,Lluvia,13.6,8.8,No
V002707,2026-04-15 19:03:51,Universidad Javeriana,Chapinero,Calle 72,Chapinero,17.2,3.42,Eléctrica,Suscriptor,Nublado,16.1,0.0,No
V000583,2026-05-14 08:24:20,Calle 80,Barrios Unidos,San Felipe,Barrios Unidos,20.1,4.36,Eléctrica,Suscriptor,Despejado,19.0,0.0,No
V002100,2026-03-10 19:01:15,Museo Nacional,Santa Fe,Parque Nacional,Santa Fe,7.7,1.87,Eléctrica,Suscriptor,Nublado,16.1,0.0,No
V000585,2026-04-10 18:43:49,Galerías,Teusaquillo,Simón Bolívar Sur,Teusaquillo,12.7,1.62,Mecánica,Suscriptor,lluvia ligera,18.2,0.0,No
V002711,2026-05-18 09:35:56,Parque Nacional,Santa Fe,Universidad Nacional,Teusaquillo,19.3,5.98,Eléctrica,Suscriptor,Despejado,16.3,0.0,No
V002537,2026-03-21 09:03:08,Zona G,Chapinero,Universidad Javeriana,Chapinero,7.7,1.71,Eléctrica,Suscriptor,Lluvia,20.1,7.8,Sí
V000741,2026-02-17 17:46:57,Unicentro,Usaquén,Corferias,Teusaquillo,25.3,5.47,Mecánica,Suscriptor,Despejado,11.9,0.0,No
V001620,2026-04-16 13:58:36,Parque de los Hippies,Chapinero,Parque de la 93,Chapinero,15.4,3.08,Eléctrica,Suscriptor,Nublado,22.6,0.0,No
V002297,2026-03-28 17:13:05,Parque de la 93,Chapinero,Calle 100,Usaquén,26.3,5.78,Eléctrica,Suscriptor,Nublado,17.3,0.0,Sí
V000428,2026-05-20 12:45:56,Universidad Nacional,Teusaquillo,Calle 72,Chapinero,25.2,4.29,Mecánica,Ocasional,Lluvia,18.1,11.6,No
V000972,2026-04-04 17:03:01,Galerías,Teusaquillo,Simón Bolívar Norte,Barrios Unidos,19.2,4.74,Mecánica,Suscriptor,Nublado,18.0,0.0,Sí
V000659,2026-03-18 18:34:13,San Felipe,Barrios Unidos,San Felipe,Barrios Unidos,4.5,0.99,Eléctrica,Ocasional,Lluvia ligera,16.3,1.4,No
V001431,2026-02-03 01:11:37,Zona G,Chapinero,Chorro de Quevedo,La Candelaria,21.3,3.17,Eléctrica,Suscriptor,Despejado,16.3,0.0,No
V001628,2026-02-01 08:39:48,Zona G,Chapinero,Zona G,Chapinero,5.4,0.85,Mecánica,Suscriptor,Despejado,15.2,0.0,Sí
V000088,2026-03-28 08:08:15,Calle 116,Usaquén,Hacienda Santa Bárbara,Usaquén,7.2,1.42,Mecánica,Suscriptor,Nublado,15.3,0.0,Sí
V001779,2026-03-24 19:48:52,Chorro de Quevedo,La Candelaria,Plaza de Bolívar,La Candelaria,13.1,,Mecánica,Ocasional,Nublado,15.0,0.0,No
V001600,2026-04-22 17:14:47,Parque El Virrey Norte,Usaquén,Hacienda Santa Bárbara,Usaquén,14.3,3.35,Eléctrica,Suscriptor,Despejado,,0.0,No
V002572,2026-05-11 12:25:24,Parque de los Hippies,Chapinero,Unicentro,Usaquén,12.8,2.57,Eléctrica,Suscriptor,Nublado,17.6,0.0,No
V000751,2026-04-18 20:03:29,Las Nieves,Santa Fe,Museo Nacional,Santa Fe,11.9,1.45,Eléctrica,Suscriptor,Despejado,19.7,0.0,Sí
V001698,2026-05-16 23:16:18,Calle 100,Usaquén,Las Nieves,Santa Fe,19.9,3.85,Mecánica,Suscriptor,Lluvia ligera,22.2,1.9,Sí
V003178,2026-02-13 08:34:06,Galerías,Teusaquillo,Parkway,Teusaquillo,6.4,1.17,Mecánica,Ocasional,Nublado,21.2,0.0,No
V000670,2026-03-01 18:51:29,Calle 72,Chapinero,Calle 63,Chapinero,31.1,6.68,Mecánica,Suscriptor,Lluvia ligera,14.1,2.2,Sí
V000096,2026-05-06 07:16:57,Galerías,Teusaquillo,Simón Bolívar Sur,Teusaquillo,12.3,2.7,Eléctrica,Ocasional,Despejado,19.8,0.0,No
V001321,2026-05-05 14:51:29,Universidad Javeriana,Chapinero,Zona G,Chapinero,11.3,,Mecánica,Suscriptor,Despejado,16.4,0.0,No
V001421,2026-03-28 08:28:40,Zona G,Chapinero,Zona G,Chapinero,11.8,2.48,Eléctrica,Ocasional,Nublado,16.0,0.0,Sí
V002715,2026-03-10 21:11:43,Chorro de Quevedo,La Candelaria,Calle 72,Chapinero,14.1,3.21,Eléctrica,Suscriptor,Nublado,13.9,0.0,No
V000638,2026-02-11 18:29:08,Parque de los Hippies,Chapinero,San Felipe,Barrios Unidos,12.8,2.7,Eléctrica,Suscriptor,Despejado,13.7,0.0,No
V001919,2026-05-06 08:32:33,Chorro de Quevedo,La Candelaria,Universidades Centro,La Candelaria,6.6,1.86,Eléctrica,Suscriptor,Despejado,16.1,0.0,No
V002312,2026-02-16 08:23:43,Las Aguas,La Candelaria,Universidades Centro,La Candelaria,16.5,2.87,Mecánica,Suscriptor,Lluvia ligera,14.7,1.2,No
V002577,2026-04-20 02:06:21,Zona G,Chapinero,Parque de los Hippies,Chapinero,21.2,4.2,Mecánica,Suscriptor,Nublado,19.1,0.0,No
V000187,2026-05-05 17:29:27,Calle 100,Usaquén,Simón Bolívar Sur,Teusaquillo,8.6,1.84,Eléctrica,Ocasional,Nublado,16.5,0.0,No
V001766,2026-03-29 15:40:06,Parque Nacional,Santa Fe,Museo Nacional,Santa Fe,17.6,4.06,Eléctrica,Ocasional,Lluvia,14.1,3.4,Sí
V001383,2026-04-15 16:15:45,Plaza de Bolívar,La Candelaria,Las Aguas,La Candelaria,7.4,1.32,Eléctrica,Suscriptor,Despejado,21.1,0.0,No
V000528,2026-02-25 07:20:09,Simón Bolívar Sur,Chapinero ,Galerías,Teusaquillo,10.2,2.16,Eléctrica,Suscriptor,Despejado,15.1,0.0,No
V002838,2026-04-24 18:42:57,Zona G,Chapinero,Zona G,Chapinero,10.8,1.54,Mecánica,Ocasional,Nublado,18.0,0.0,No
V003024,2026-04-08 09:48:19,Museo Nacional,Santa Fe,Universidad Javeriana,Chapinero,11.5,3.36,Mecánica,Suscriptor,Nublado,14.6,0.0,No
V001241,2026-05-25 17:02:44,Simón Bolívar Sur,Teusaquillo,Universidad Nacional,Teusaquillo,11.1,2.38,Mecánica,Suscriptor,Nublado,16.2,0.0,No
V000363,2026-02-10 19:18:38,Chorro de Quevedo,La Candelaria,Universidades Centro,La Candelaria,12.0,2.6,Mecánica,Suscriptor,Lluvia,10.9,8.0,No
V001848,2026-05-27 07:11:21,Parkway,Teusaquillo,Universidad Nacional,Teusaquillo,17.5,3.97,Eléctrica,Suscriptor,Despejado,17.3,0.0,No
V001947,2026-03-03 18:00:47,Centro Internacional,Santa Fe,Las Nieves,Santa Fe,8.6,1.52,Mecánica,Suscriptor,Despejado,17.2,0.0,No
V002018,2026-05-16 18:00:46,Galerías,Teusaquillo,Zona G,Chapinero,27.6,5.62,Mecánica,Suscriptor,Lluvia,16.0,7.5,Sí
V000562,2026-04-14 11:13:49,Museo Nacional,Santa Fe,Centro Internacional,Santa Fe,8.9,2.74,Eléctrica,Suscriptor,Nublado,16.8,0.0,No
V002422,2026-02-13 18:06:43,Calle 100,Usaquén,Universidades Centro,La Candelaria,21.7,4.74,Eléctrica,Suscriptor,Nublado,9.4,0.0,No
V001085,2026-03-16 08:47:00,Zona G,Chapinero,Las Nieves,Santa Fe,13.2,3.54,Eléctrica,Ocasional,Lluvia ligera,13.3,0.2,No
V001630,2026-05-17 17:51:00,Universidad Javeriana,Chapinero,Universidad Javeriana,Chapinero,5.1,0.71,Mecánica,Suscriptor,Despejado,16.5,0.0,Sí
V001855,2026-03-07 20:07:28,Parque El Virrey Norte,Usaquén,Parque de los Hippies,Chapinero,16.0,3.16,Eléctrica,Suscriptor,Despejado,16.7,0.0,Sí
V002404,2026-02-24 08:43:33,San Felipe,Barrios Unidos,Hacienda Santa Bárbara,Usaquén,11.7,2.15,Eléctrica,Ocasional,Nublado,16.5,0.0,No
V000434,2026-02-15 07:18:54,Calle 116,Usaquén,Las Aguas,La Candelaria,23.5,2.67,Mecánica,Suscriptor,Despejado,15.7,0.0,Sí
V000415,2026-05-04 08:32:09,Las Nieves,Santa Fe,Simón Bolívar Sur,Teusaquillo,13.0,2.13,Mecánica,Suscriptor,Despejado,14.1,0.0,No
V002093,2026-03-11 23:05:15,Universidad Nacional,Teusaquillo,Simón Bolívar Sur,Teusaquillo,12.1,2.9,Eléctrica,Suscriptor,Nublado,15.8,0.0,No
V002507,2026-02-27 19:36:55,Plaza de Bolívar,La Candelaria,Galerías,Teusaquillo,16.0,2.97,Mecánica,Ocasional,Despejado,13.6,0.0,No
V001326,2026-05-24 18:33:07,Parque de los Novios,Barrios Unidos,Parque El Virrey Norte,Usaquén,14.1,2.84,Mecánica,,Nublado,14.9,0.0,Sí
V000740,2026-03-29 16:06:26,Universidades Centro,La Candelaria,Plaza de Bolívar,La Candelaria,18.5,5.5,Eléctrica,Ocasional,Nublado,13.9,0.0,Sí
V002816,2026-02-28 03:51:43,Centro Internacional,Santa Fe,Parque Nacional,Santa Fe,20.6,5.75,Eléctrica,Suscriptor,Lluvia ligera,15.2,1.3,Sí
V000737,2026-04-21 05:37:25,Parque de la 93,Chapinero,Parque de la 93,Chapinero,4.0,0.98,Eléctrica,Suscriptor,Nublado,12.9,0.0,No
V001059,2026-02-18 07:18:01,Hacienda Santa Bárbara,Usaquén,Calle 63,Chapinero,26.4,4.36,Mecánica,Suscriptor,Despejado,16.0,0.0,No
V002662,2026-05-29 02:06:47,Museo Nacional,Santa Fe,Centro Internacional,Santa Fe,14.0,2.45,Mecánica,Suscriptor,Despejado,20.5,0.0,No
V001265,2026-03-26 17:25:17,Parque Nacional,Santa Fe,Corferias,Teusaquillo,23.5,3.31,Mecánica,Ocasional,Despejado,19.2,0.0,No
V002643,2026-04-21 22:14:12,Simón Bolívar Sur,Teusaquillo,Galerías,Teusaquillo,12.9,2.41,Mecánica,Suscriptor,Despejado,22.3,0.0,No
V000743,2026-04-15 22:20:23,Calle 100,Usaquén,Calle 116,Usaquén,9.6,2.26,Eléctrica,Suscriptor,Despejado,17.2,0.0,No
V000728,2026-05-07 07:14:22,Galerías,Teusaquillo,Corferias,Teusaquillo,9.5,2.39,Eléctrica,Suscriptor,Lluvia ligera,17.1,2.3,No
V002840,2026-04-15 20:34:18,Plaza de Bolívar,La Candelaria,Plaza de Bolívar,La Candelaria,4.2,0.99,Mecánica,Suscriptor,Lluvia ligera,13.6,1.5,No
V000677,2026-05-26 18:46:42,Universidad Nacional,Teusaquillo,Parkway,Teusaquillo,5.4,1.31,Mecánica,Suscriptor,Nublado,18.0,0.0,No
V000181,2026-05-15 10:46:22,Parque El Virrey Norte,Usaquén,Hacienda Santa Bárbara,Usaquén,3.1,0.7,Eléctrica,Ocasional,Lluvia ligera,18.2,1.9,No
V002582,2026-05-16 08:50:59,Universidades Centro,La Candelaria,Plaza de Bolívar,La Candelaria,34.6,6.68,Mecánica,Suscriptor,Lluvia ligera,13.6,1.0,Sí
V001939,2026-03-04 07:15:07,Calle 63,Chapinero,Simón Bolívar Norte,Barrios Unidos,11.9,3.08,Mecánica,Ocasional,Lluvia ligera,17.5,1.8,No
V000702,2026-02-04 01:18:55,San Felipe,Barrios Unidos,San Felipe,Barrios Unidos,14.4,3.14,Eléctrica,Suscriptor,Lluvia,16.3,9.8,No
V000376,2026-02-11 05:10:29,Hacienda Santa Bárbara,Usaquén,Parque de los Novios,Barrios Unidos,15.1,2.92,Eléctrica,Ocasional,Lluvia,13.2,11.0,No
V000475,2026-04-07 19:52:41,Las Nieves,Santa Fe,Simón Bolívar Sur,Teusaquillo,10.1,1.69,Eléctrica,Ocasional,Lluvia,18.7,6.2,No
V002440,2026-03-01 17:03:15,Calle 100,Usaquén,Calle 63,Chapinero,12.9,1.95,Mecánica,Suscriptor,Despejado,13.4,0.0,Sí
V000856,2026-02-26 18:41:43,Las Aguas,La Candelaria,Universidades Centro,La Candelaria,22.1,5.84,Eléctrica,Suscriptor,Despejado,16.2,0.0,No
V001931,2026-04-07 18:26:37,Parkway,Teusaquillo,Simón Bolívar Sur,Teusaquillo,26.4,7.14,Eléctrica,Suscriptor,Despejado,19.3,0.0,No
V002704,2026-04-04 03:57:27,Universidad Nacional,Teusaquillo,Calle 100,Usaquén,14.0,3.5,Eléctrica,Ocasional,Lluvia ligera,15.6,1.0,Sí
V003115,2026-04-05 20:38:32,Galerías,Teusaquillo,Universidad Nacional,Teusaquillo,7.5,1.5,Eléctrica,Ocasional,Despejado,18.7,0.0,Sí
V000125,2026-04-23 15:25:18,Parque Nacional,Santa Fe,Parque Nacional,Santa Fe,9.6,1.73,Mecánica,Suscriptor,Nublado,17.1,0.0,No
V000735,2026-02-26 17:31:38,Hacienda Santa Bárbara,Usaquén,Parque El Virrey Norte,Usaquén,12.0,2.57,Eléctrica,Suscriptor,Despejado,13.8,0.0,No
V002971,2026-04-02 19:12:35,Simón Bolívar Sur,Teusaquillo,Universidad Nacional,Teusaquillo,16.3,4.92,Mecánica,Suscriptor,Nublado,17.9,0.0,No
V000126,2026-03-06 09:39:36,Calle 63,Chapinero,Universidad Javeriana,Chapinero,18.2,2.99,Eléctrica,Suscriptor,Despejado,18.8,0.0,No
V000668,2026-03-31 09:24:11,Universidad Javeriana,Chapinero,Calle 116,Usaquén,18.9,3.0,Mecánica,Suscriptor,Despejado,17.8,0.0,No
V000445,2026-03-04 11:14:44,Universidades Centro,La Candelaria,Centro Internacional,Santa Fe,8.7,1.49,Eléctrica,Suscriptor,Despejado,16.8,0.0,No
V002763,2026-02-06 00:44:55,Corferias,Teusaquillo,Centro Internacional,Santa Fe,22.6,4.74,Eléctrica,Ocasional,Despejado,15.1,0.0,No
V002195,2026-05-22 19:08:13,Universidades Centro,La Candelaria,Chorro de Quevedo,La Candelaria,11.5,1.74,Mecánica,Suscriptor,Nublado,18.6,0.0,No
V000514,2026-05-07 17:01:23,Calle 116,Usaquén,Parque Nacional,Santa Fe,26.7,5.37,Mecánica,Suscriptor,Despejado,14.0,0.0,No
V000373,2026-05-15 18:13:24,Plaza de Bolívar,La Candelaria,Museo Nacional,Santa Fe,32.2,8.91,Eléctrica,Suscriptor,Despejado,13.8,0.0,No
V002277,2026-02-02 06:42:01,Universidad Javeriana,Chapinero,Universidad Javeriana,Chapinero,8.5,1.32,Eléctrica,Suscriptor,Despejado,11.5,0.0,No
V001767,2026-03-28 16:39:28,Calle 100,Usaquén,Parque El Virrey Norte,Usaquén,14.0,3.41,Eléctrica,Suscriptor,Despejado,18.0,0.0,Sí
V000855,2026-04-13 09:56:19,Parque de los Hippies,Chapinero,Las Nieves,Santa Fe,19.9,5.04,Eléctrica,Suscriptor,Lluvia ligera,15.6,1.7,No
V000319,2026-02-19 20:56:51,Corferias,Teusaquillo,Museo Nacional,Santa Fe,17.6,3.69,Mecánica,Suscriptor,Nublado,16.0,0.0,No
V002222,2026-04-22 18:56:45,Parque de los Novios,Barrios Unidos,Parque de los Novios,Barrios Unidos,6.1,1.24,Mecánica,Suscriptor,Nublado,18.9,0.0,No
V001163,2026-04-30 17:21:23,Simón Bolívar Sur,Teusaquillo,Parkway,Teusaquillo,14.0,2.22,Eléctrica,Ocasional,Nublado,19.4,0.0,No
V001922,2026-02-13 17:50:48,Calle 63,Chapinero,Calle 63,Chapinero,5.6,1.26,Eléctrica,Ocasional,Despejado,15.3,0.0,No
V001802,2026-03-08 17:16:18,Parque Nacional,Santa Fe,Parque de los Novios,Barrios Unidos,10.7,1.28,Mecánica,Suscriptor,Despejado,13.7,0.0,Sí
V000362,2026-04-21 18:30:25,Hacienda Santa Bárbara,Usaquén,Parque El Virrey Norte,Usaquén,14.3,2.16,Mecánica,Suscriptor,Despejado,18.2,0.0,No
V002663,2026-05-06 07:30:48,Parque de la 93,Chapinero,Calle 72,Chapinero,8.7,1.91,Mecánica,Suscriptor,Nublado,18.8,0.0,No
V003021,2026-03-30 18:55:45,Corferias,Teusaquillo,Universidad Nacional,Teusaquillo,11.6,2.83,Mecánica,,Despejado,18.0,0.0,No
V001644,2026-03-31 18:20:23,Museo Nacional,Santa Fe,Museo Nacional,Santa Fe,9.0,1.89,Mecánica,Suscriptor,Despejado,15.4,0.0,No
V000708,2026-05-14 18:16:52,Zona G,Chapinero,Zona G,Chapinero,9.2,1.93,Mecánica,Suscriptor,Lluvia ligera,15.8,1.8,No
V000944,2026-03-05 14:53:11,Universidad Javeriana,Chapinero,Parque El Virrey Norte,Usaquén,22.5,2.85,Mecánica,Suscriptor,Lluvia ligera,21.9,1.5,No
V002996,2026-02-28 06:31:53,Galerías,Teusaquillo,Corferias,Teusaquillo,17.3,3.46,Mecánica,Suscriptor,Despejado,14.7,0.0,Sí
V001864,2026-04-12 07:55:48,Museo Nacional,Santa Fe,Museo Nacional,Santa Fe,6.2,1.62,Eléctrica,Suscriptor,Nublado,16.7,0.0,Sí
V001397,2026-03-04 17:13:42,Museo Nacional,Santa Fe,Calle 63,Chapinero,8.6,1.6,electrica,Suscriptor,Despejado,16.5,0.0,No
V002153,2026-05-07 19:24:08,Calle 80,Barrios Unidos,Calle 80,Barrios Unidos,6.2,1.71,Eléctrica,Suscriptor,Despejado,19.2,0.0,No
V001823,2026-03-31 19:16:52,Calle 80,Barrios Unidos,Calle 80,Barrios Unidos,16.9,4.12,Mecánica,Ocasional,Nublado,18.0,0.0,No
V000378,2026-03-25 20:05:28,Parque de los Novios,Barrios Unidos,Plaza de Bolívar,La Candelaria,10.9,2.88,Eléctrica,Suscriptor,Lluvia,19.5,5.1,No
V001470,2026-02-18 09:15:10,Parque Nacional,Santa Fe,Las Nieves,Santa Fe,18.6,3.49,Eléctrica,Ocasional,Despejado,12.9,0.0,No
V003095,2026-02-06 17:20:08,Parque de los Novios,Barrios Unidos,Calle 116,Usaquén,7.9,1.5,Mecánica,Suscriptor,Nublado,17.2,0.0,No
V002393,2026-05-07 19:57:45,Parque de los Hippies,Chapinero,Calle 72,Chapinero,30.5,6.21,Eléctrica,Ocasional,Despejado,16.0,0.0,No
V002343,2026-03-20 15:07:07,Galerías,Teusaquillo,Las Aguas,La Candelaria,11.2,2.27,Eléctrica,Suscriptor,Nublado,16.5,0.0,No
V000717,2026-03-25 15:23:40,Calle 100,Usaquén,Unicentro,Usaquén,21.2,4.32,Mecánica,Suscriptor,Nublado,19.1,0.0,No
V001226,2026-05-12 08:46:43,Calle 80,Barrios Unidos,Parque de los Novios,Barrios Unidos,9.5,1.86,Mecánica,Ocasional,Nublado,18.1,0.0,No
V002946,2026-04-12 22:09:41,Plaza de Bolívar,La Candelaria,Las Aguas,La Candelaria,14.0,2.93,Mecánica,Suscriptor,Lluvia ligera,14.3,1.8,Sí
V001167,2026-04-08 06:50:22,Simón Bolívar Norte,Barrios Unidos,Parque de los Novios,Barrios Unidos,10.7,2.99,Eléctrica,Ocasional,Nublado,,0.0,No
V000758,2026-04-15 07:17:52,Parque Nacional,Santa Fe,Las Nieves,Santa Fe,16.2,3.82,Eléctrica,Suscriptor,Lluvia ligera,17.4,2.0,No
V000297,2026-03-15 12:38:06,Las Aguas,La Candelaria,Chorro de Quevedo,La Candelaria,5.5,0.78,Eléctrica,Suscriptor,Nublado,14.7,0.0,Sí
V003060,2026-02-07 08:00:01,Parque El Virrey Norte,Usaquén,Unicentro,Usaquén,10.3,2.31,Mecánica,Suscriptor,Lluvia ligera,15.3,0.8,Sí
V001770,2026-05-31 17:17:17,Calle 80,Barrios Unidos,Simón Bolívar Norte,Barrios Unidos,13.6,2.67,Mecánica,Suscriptor,Despejado,17.6,0.0,Sí
V001683,2026-02-28 19:48:11,Las Nieves,Santa Fe,Las Nieves,Santa Fe,9.3,1.99,Eléctrica,Ocasional,Despejado,17.2,0.0,Sí
V001938,2026-03-08 18:11:53,Parque Nacional,Santa Fe,Las Nieves,Santa Fe,5.1,1.02,Eléctrica,Ocasional,Despejado,17.9,0.0,Sí
V001488,2026-05-19 18:09:39,Calle 100,Usaquén,Unicentro,Usaquén,28.2,4.64,Mecánica,Suscriptor,Despejado,16.0,0.0,No
V002194,2026-04-05 09:02:41,Las Nieves,Santa Fe,Museo Nacional,Santa Fe,12.4,3.15,Eléctrica,Suscriptor,Nublado,16.6,0.0,Sí
V000195,2026-03-19 17:46:26,Simón Bolívar Norte,Barrios Unidos,Parque de los Novios,Barrios Unidos,25.3,5.68,Eléctrica,Suscriptor,Despejado,14.9,0.0,No
V001128,2026-02-20 16:02:52,Calle 100,Usaquén,Parque El Virrey Norte,Usaquén,15.1,2.64,Mecánica,Suscriptor,Lluvia ligera,16.9,2.1,No
V003041,2026-04-30 13:06:08,Parque de los Novios,Barrios Unidos,Corferias,Teusaquillo,11.7,2.05,Mecánica,Suscriptor,Despejado,13.5,0.0,No
V003129,2026-02-04 08:41:50,Parque de los Novios,Barrios Unidos,Calle 72,Chapinero,28.5,5.72,Mecánica,Ocasional,Despejado,16.5,0.0,No
V000424,2026-03-21 09:46:54,San Felipe,Barrios Unidos,Calle 80,Barrios Unidos,15.1,3.06,Mecánica,Ocasional,Nublado,17.5,0.0,Sí
V000718,2026-03-27 08:57:34,Parque de los Novios,Barrios Unidos,Parque de los Novios,Barrios Unidos,11.3,2.02,Mecánica,Suscriptor,Lluvia,16.2,8.5,No
V002575,2026-02-24 08:14:13,Universidad Javeriana,Chapinero,Centro Internacional,Santa Fe,15.0,3.15,Eléctrica,Ocasional,Nublado,15.1,0.0,No
V002219,2026-03-22 18:37:05,Galerías,Teusaquillo,Galerías,Teusaquillo,9.9,1.5,Mecánica,Suscriptor,Nublado,17.7,0.0,Sí
V000604,2026-02-12 07:58:49,Calle 72,Chapinero,Las Nieves,Santa Fe,29.1,6.58,Eléctrica,Suscriptor,Despejado,14.8,0.0,No
V000930,2026-02-24 06:50:15,Centro Internacional,Santa Fe,Las Nieves,Santa Fe,9.2,1.12,Eléctrica,Suscriptor,Nublado,14.5,0.0,No
V001209,2026-04-15 18:02:27,Simón Bolívar Sur,Teusaquillo,Universidad Nacional,Teusaquillo,28.3,5.25,Mecánica,Suscriptor,Nublado,15.3,0.0,No
V000207,2026-03-10 18:18:14,Calle 80,Barrios Unidos,Parque de los Novios,Barrios Unidos,19.1,3.78,Mecánica,Suscriptor,Despejado,19.1,0.0,No
V002975,2026-02-10 07:55:26,Centro Internacional,Santa Fe,Museo Nacional,Santa Fe,9.7,2.72,Mecánica,Suscriptor,Nublado,13.5,0.0,No
V000260,2026-02-01 09:18:46,Simón Bolívar Sur,Teusaquillo,Galerías,Teusaquillo,7.6,1.24,Eléctrica,Ocasional,Despejado,11.1,0.0,Sí
V000644,2026-03-28 17:56:22,Centro Internacional,Santa Fe,Museo Nacional,Santa Fe,4.5,1.09,Mecánica,Suscriptor,Nublado,15.4,0.0,Sí
V003172,2026-02-10 17:41:24,Galerías,Teusaquillo,Parque El Virrey Norte,Usaquén,10.0,0.71,Mecánica,Suscriptor,Nublado,18.8,0.0,No
V002658,2026-04-08 09:01:37,Calle 72,Chapinero,Parque de los Hippies,Chapinero,20.9,4.6,Eléctrica,Ocasional,Despejado,18.8,0.0,No
V001565,2026-03-25 09:42:54,Parque de los Novios,Barrios Unidos,San Felipe,Barrios Unidos,20.0,4.03,Eléctrica,Suscriptor,Despejado,13.9,0.0,No
V002877,2026-05-19 19:07:10,Las Nieves,Santa Fe,Las Nieves,Santa Fe,7.8,1.28,Eléctrica,Suscriptor,Despejado,17.5,0.0,No
V003048,2026-02-18 09:44:35,Plaza de Bolívar,La Candelaria,Plaza de Bolívar,La Candelaria,4.8,1.11,Eléctrica,Suscriptor,Nublado,15.5,0.0,No
V000805,2026-04-11 17:00:31,San Felipe,Barrios Unidos,Parque de los Novios,Barrios Unidos,10.9,1.89,Eléctrica,Suscriptor,Despejado,17.9,0.0,Sí
V001391,2026-05-19 17:27:54,Chorro de Quevedo,La Candelaria,Las Aguas,La Candelaria,21.7,2.7,Mecánica,Suscriptor,Nublado,17.4,0.0,No
V000359,2026-02-19 02:29:01,Parque de los Hippies,Chapinero,Parque de los Novios,Barrios Unidos,23.4,3.0,Mecánica,Suscriptor,Nublado,18.8,0.0,No
V000803,2026-03-06 19:35:10,Calle 63,Chapinero,Parque de la 93,Chapinero,17.8,2.93,Mecánica,Suscriptor,Despejado,15.3,0.0,No
V000962,2026-03-06 17:33:24,Corferias,Teusaquillo,Galerías,Teusaquillo,34.3,6.3,Mecánica,Ocasional,Despejado,18.5,0.0,No
V000281,2026-04-11 18:23:27,Plaza de Bolívar,La Candelaria,Chorro de Quevedo,La Candelaria,25.1,5.87,Mecánica,Suscriptor,Despejado,19.9,0.0,Sí
V002256,2026-05-05 18:25:45,Hacienda Santa Bárbara,Usaquén,Parque El Virrey Norte,Usaquén,6.4,1.45,Mecánica,Ocasional,Despejado,18.7,0.0,No
V000315,2026-02-13 06:36:45,Simón Bolívar Sur,Teusaquillo,Parque Nacional,Santa Fe,16.2,3.52,Eléctrica,Suscriptor,Lluvia ligera,13.4,1.6,No
V001514,2026-05-17 18:13:24,Calle 116,Usaquén,Calle 100,Usaquén,9.5,1.75,Eléctrica,Suscriptor,Lluvia ligera,21.7,1.6,Sí
V002767,2026-04-12 10:51:40,Calle 63,Chapinero,Plaza de Bolívar,La Candelaria,10.7,2.12,Eléctrica,Suscriptor,Nublado,18.0,0.0,Sí
V001934,2026-02-26 14:57:04,Hacienda Santa Bárbara,Usaquén,Calle 100,Usaquén,13.5,2.23,Mecánica,Suscriptor,Despejado,19.5,0.0,No
V000268,2026-05-26 19:21:55,Parkway,Teusaquillo,Parque de la 93,Chapinero,11.2,2.16,Eléctrica,Suscriptor,Lluvia,20.4,7.7,No
V000540,2026-04-22 07:30:29,Parkway,Chapinero ,Corferias,Teusaquillo,14.9,2.68,Eléctrica,Suscriptor,Lluvia ligera,22.1,1.1,No
V000284,2026-05-30 17:55:24,Las Aguas,La Candelaria,Plaza de Bolívar,La Candelaria,13.6,3.06,Eléctrica,Suscriptor,Nublado,16.3,0.0,Sí
V002325,2026-04-01 06:10:01,Centro Internacional,Santa Fe,Parque El Virrey Norte,Usaquén,24.2,5.17,Mecánica,Suscriptor,Nublado,16.2,0.0,No
V002183,2026-03-01 17:58:49,Universidad Javeriana,Chapinero,Parque de los Hippies,Chapinero,17.0,4.91,Eléctrica,Suscriptor,Lluvia ligera,15.6,1.4,Sí
V002819,2026-04-18 14:43:03,Plaza de Bolívar,La Candelaria,Las Aguas,La Candelaria,12.0,2.81,Eléctrica,Suscriptor,Despejado,16.5,0.0,Sí
V000515,2026-05-19 02:51:39,Las Nieves,Santa Fe,Unicentro,Usaquén,6.4,1.18,Eléctrica,Suscriptor,Lluvia ligera,18.4,0.6,No
V001314,2026-03-02 18:38:06,Simón Bolívar Norte,Barrios Unidos,San Felipe,Barrios Unidos,10.7,2.2,Eléctrica,Ocasional,Despejado,19.0,0.0,No
V000825,2026-04-04 20:20:06,Parque de la 93,Chapinero,Zona G,Chapinero,43.4,8.14,Mecánica,Suscriptor,Lluvia ligera,16.7,2.1,Sí
V001182,2026-04-23 18:38:58,Las Nieves,Santa Fe,Centro Internacional,Santa Fe,16.2,3.34,Mecánica,Suscriptor,Nublado,21.3,0.0,No
V000663,2026-03-31 08:26:09,Zona G,Chapinero,Universidad Javeriana,Chapinero,15.2,3.33,Mecánica,Ocasional,Lluvia,13.1,8.9,No
V002167,2026-02-08 09:37:11,Parkway,Teusaquillo,Simón Bolívar Sur,Teusaquillo,19.1,3.49,Mecánica,Suscriptor,Despejado,16.5,0.0,Sí
V000188,2026-04-04 17:54:15,Simón Bolívar Sur,Teusaquillo,Galerías,Teusaquillo,31.6,5.81,Mecánica,Ocasional,Lluvia ligera,20.2,0.8,Sí
V001743,2026-02-25 09:06:05,Simón Bolívar Norte,Barrios Unidos,Calle 80,Barrios Unidos,26.1,5.0,Mecánica,Ocasional,Lluvia ligera,16.3,2.3,No
V002437,2026-03-01 14:58:33,Parque de la 93,Chapinero,Parque Nacional,Santa Fe,17.6,3.03,Eléctrica,Suscriptor,Despejado,18.2,0.0,Sí
V002142,2026-05-27 08:52:20,Calle 72,Chapinero,Zona G,Chapinero,9.2,1.78,Mecánica,Ocasional,Nublado,16.7,0.0,No
V000837,2026-03-25 03:28:20,Zona G,Chapinero,Universidad Javeriana,Chapinero,6.3,1.26,Eléctrica,Suscriptor,Nublado,15.6,0.0,No
V002714,2026-05-14 11:56:00,Corferias,Teusaquillo,Universidad Nacional,Teusaquillo,15.9,3.27,Mecánica,Suscriptor,Nublado,18.4,0.0,No
V001424,2026-05-02 19:55:34,Las Nieves,Santa Fe,Centro Internacional,Santa Fe,9.6,2.26,Mecánica,Suscriptor,Despejado,18.4,0.0,Sí
V001691,2026-05-15 08:35:06,Las Nieves,Santa Fe,Las Nieves,Santa Fe,7.4,1.25,Eléctrica,Suscriptor,Nublado,18.3,0.0,No
V001033,2026-03-24 17:24:41,Galerías,Teusaquillo,Unicentro,Usaquén,20.5,3.29,Mecánica,Suscriptor,Lluvia ligera,17.4,0.3,No
V002995,2026-05-03 21:33:21,Universidades Centro,La Candelaria,Chorro de Quevedo,La Candelaria,18.4,3.57,Eléctrica,Ocasional,Despejado,17.9,0.0,Sí
V001494,2026-05-22 21:06:34,Parque de los Novios,Barrios Unidos,Parque El Virrey Norte,Usaquén,12.7,3.63,Eléctrica,Suscriptor,Lluvia,23.6,8.9,No
V002873,2026-02-01 16:46:47,Las Aguas,La Candelaria,Las Aguas,La Candelaria,6.5,,Mecánica,Ocasional,Despejado,8.0,0.0,Sí
V000975,2026-04-07 08:29:17,San Felipe,Barrios Unidos,Parque de los Novios,Barrios Unidos,8.5,1.82,Eléctrica,Suscriptor,Lluvia,14.9,4.8,No
V002479,2026-04-18 21:01:39,Corferias,Teusaquillo,Parkway,Teusaquillo,21.9,4.38,Mecánica,Suscriptor,Despejado,17.9,0.0,Sí
V002019,2026-05-09 19:54:45,Universidad Nacional,Teusaquillo,Parkway,Teusaquillo,20.9,4.29,Eléctrica,Ocasional,Despejado,16.8,0.0,Sí
V002107,2026-05-28 19:39:28,Universidad Nacional,Teusaquillo,Galerías,Teusaquillo,10.6,2.5,Eléctrica,Suscriptor,Despejado,,0.0,No
V001980,2026-05-24 19:57:45,Simón Bolívar Sur,Teusaquillo,Galerías,Teusaquillo,9.3,1.48,Mecánica,Suscriptor,Despejado,19.4,0.0,Sí
V003017,2026-04-12 04:40:42,San Felipe,Barrios Unidos,Parque de los Novios,Barrios Unidos,18.3,2.94,Eléctrica,Suscriptor,Nublado,14.4,0.0,Sí
V002361,2026-03-18 09:18:34,Universidad Javeriana,Chapinero,Calle 63,Chapinero,15.9,3.31,Eléctrica,Suscriptor,Lluvia ligera,15.9,0.6,No
V001125,2026-02-03 11:24:59,Zona G,Chapinero,Parque de los Hippies,Chapinero,15.7,2.95,Mecánica,Suscriptor,Despejado,16.0,0.0,No
V001574,2026-03-31 16:56:32,Chorro de Quevedo,La Candelaria,Chorro de Quevedo,La Candelaria,7.1,,Eléctrica,Suscriptor,Lluvia,14.7,8.0,No
V003149,2026-03-27 11:25:07,Calle 63,Chapinero,Universidad Javeriana,Chapinero,21.1,3.22,Mecánica,Suscriptor,Despejado,18.7,0.0,No
V002843,2026-04-24 22:18:13,Parque de los Hippies,Chapinero,Parque de la 93,Chapinero,10.2,1.95,Eléctrica,Suscriptor,Despejado,17.8,0.0,No
V002655,2026-04-21 18:28:40,Simón Bolívar Norte,Barrios Unidos,Calle 72,Chapinero,42.4,10.55,Eléctrica,Suscriptor,Despejado,19.4,0.0,No
V000934,2026-05-11 18:03:43,Calle 72,Chapinero,Universidad Javeriana,Chapinero,13.3,2.63,Mecánica,Suscriptor,Nublado,17.6,0.0,No
V002898,2026-02-20 11:07:24,Calle 63,Chapinero,Universidad Javeriana,Chapinero,22.9,3.8,Mecánica,Suscriptor,Lluvia ligera,12.3,1.3,No
V000613,2026-03-04 13:16:41,Universidad Nacional,Teusaquillo,Galerías,Teusaquillo,15.3,2.64,Eléctrica,Suscriptor,Nublado,,0.0,No
V003157,2026-05-11 19:04:29,Parque de la 93,Chapinero,Parque de la 93,Chapinero,6.4,1.45,Mecánica,Suscriptor,Despejado,15.4,0.0,No
V002730,2026-05-02 19:55:52,Corferias,Teusaquillo,Universidad Nacional,Teusaquillo,4.9,0.82,Mecánica,Suscriptor,Lluvia ligera,14.2,0.9,Sí
V000891,2026-05-13 17:20:15,Centro Internacional,Santa Fe,Las Nieves,Santa Fe,8.4,1.96,Eléctrica,Ocasional,Lluvia ligera,16.2,0.5,No
V000986,2026-04-07 04:42:21,Calle 63,Chapinero,Parque de los Novios,Barrios Unidos,11.9,2.68,Mecánica,Suscriptor,Lluvia,19.4,9.3,No
V000565,2026-02-08 09:08:45,Universidad Nacional,Teusaquillo,Universidad Nacional,Teusaquillo,4.6,0.93,Mecánica,Ocasional,Lluvia ligera,,0.5,Sí
V000774,2026-04-14 15:31:24,Las Aguas,La Candelaria,Universidad Javeriana,Chapinero,16.4,3.61,Mecánica,Suscriptor,Lluvia ligera,11.4,0.8,No
V001284,2026-03-24 07:59:36,Parkway,Teusaquillo,Universidad Nacional,Teusaquillo,24.6,5.13,Eléctrica,Suscriptor,Lluvia,13.9,7.6,No
V001954,2026-05-25 06:59:15,Parque El Virrey Norte,Usaquén,Parque Nacional,Santa Fe,18.1,3.69,Mecánica,Ocasional,Despejado,15.0,0.0,No
V001808,2026-02-14 11:25:13,Simón Bolívar Norte,Barrios Unidos,San Felipe,Barrios Unidos,18.9,3.99,Mecánica,Ocasional,Nublado,16.9,0.0,Sí
V003054,2026-02-23 05:36:49,Simón Bolívar Sur,Teusaquillo,Corferias,Teusaquillo,9.0,2.43,Eléctrica,Suscriptor,Lluvia ligera,17.6,0.9,No
V001623,2026-05-21 08:55:42,Parkway,Teusaquillo,Galerías,Teusaquillo,21.2,4.4,Mecánica,Suscriptor,Lluvia,16.2,9.8,No
V000673,2026-04-29 08:09:30,Calle 72,Chapinero,Plaza de Bolívar,La Candelaria,17.4,3.59,Eléctrica,Suscriptor,Nublado,20.1,0.0,No
V000733,2026-02-21 19:05:00,Calle 80,Barrios Unidos,Calle 80,Barrios Unidos,12.8,2.75,Eléctrica,Suscriptor,Despejado,14.5,0.0,Sí
V001510,2026-03-03 08:34:38,Calle 100,Usaquén,Hacienda Santa Bárbara,Usaquén,29.9,5.18,Eléctrica,Ocasional,Nublado,15.3,0.0,No
V001407,2026-03-05 12:57:30,Centro Internacional,Santa Fe,Parque Nacional,Santa Fe,18.5,3.18,Eléctrica,Suscriptor,Nublado,15.2,0.0,No
V002668,2026-04-20 00:33:45,Parque de los Novios,Barrios Unidos,San Felipe,Barrios Unidos,7.4,1.28,Mecánica,Suscriptor,Despejado,14.5,0.0,No
V002117,2026-05-07 17:34:23,Las Nieves,Santa Fe,Museo Nacional,Santa Fe,9.3,1.93,Mecánica,Suscriptor,Nublado,14.5,0.0,No
V003015,2026-03-01 19:40:13,Parque Nacional,Santa Fe,Centro Internacional,Santa Fe,13.6,3.73,Eléctrica,Ocasional,Nublado,16.6,0.0,Sí
V002286,2026-04-19 17:49:10,Chorro de Quevedo,La Candelaria,Galerías,Teusaquillo,17.8,4.47,Eléctrica,Suscriptor,Nublado,18.5,0.0,Sí
V002420,2026-02-25 18:03:58,Calle 63,Chapinero,Plaza de Bolívar,La Candelaria,13.5,2.78,Eléctrica,Suscriptor,Despejado,14.9,0.0,No
V001539,2026-04-25 20:57:58,Plaza de Bolívar,La Candelaria,Las Aguas,La Candelaria,10.5,1.35,Mecánica,Suscriptor,Despejado,13.2,0.0,Sí
V002318,2026-04-30 18:30:02,Museo Nacional,Santa Fe,Parque Nacional,Santa Fe,18.0,4.57,Mecánica,Suscriptor,Despejado,15.4,0.0,No
V002254,2026-04-22 17:53:43,Calle 80,Barrios Unidos,San Felipe,Barrios Unidos,9.6,2.84,Eléctrica,Suscriptor,Nublado,17.1,0.0,No
V000341,2026-04-29 09:49:23,Universidad Nacional,Teusaquillo,Universidades Centro,La Candelaria,16.5,2.67,Mecánica,Suscriptor,Despejado,16.5,0.0,No
V001068,2026-05-13 08:52:39,Unicentro,Usaquén,Hacienda Santa Bárbara,Usaquén,12.7,2.39,Eléctrica,Suscriptor,Lluvia ligera,15.2,0.6,No
V002741,2026-02-23 18:46:44,Museo Nacional,Santa Fe,Calle 116,Usaquén,22.3,3.26,Mecánica,Suscriptor,Despejado,15.8,0.0,No
V001891,2026-03-27 08:00:46,Centro Internacional,Santa Fe,Corferias,Teusaquillo,25.8,5.16,Mecánica,Suscriptor,Despejado,17.4,0.0,No
V001917,2026-03-24 18:32:43,Calle 72,Chapinero,Las Nieves,Santa Fe,16.6,4.42,Eléctrica,Suscriptor,Despejado,14.3,0.0,No
V000714,2026-02-17 08:31:54,Parque El Virrey Norte,Usaquén,Calle 116,Usaquén,15.0,2.24,Eléctrica,Ocasional,Nublado,15.7,0.0,No
V002133,2026-04-10 07:46:09,Calle 100,Usaquén,Parque El Virrey Norte,Usaquén,6.5,1.32,Mecánica,Suscriptor,Despejado,16.7,0.0,No
V000691,2026-03-17 15:57:52,Parkway,Teusaquillo,Galerías,Teusaquillo,7.0,1.28,Mecánica,Suscriptor,Despejado,18.0,0.0,No
V000204,2026-05-16 18:48:44,Hacienda Santa Bárbara,Usaquén,Parque El Virrey Norte,Usaquén,11.7,,Eléctrica,Suscriptor,Despejado,15.1,0.0,Sí
V001082,2026-03-30 18:06:30,Las Aguas,La Candelaria,Las Aguas,La Candelaria,7.6,1.39,Mecánica,Suscriptor,Despejado,17.3,0.0,No
V000652,2026-04-09 05:13:16,Las Aguas,La Candelaria,Universidades Centro,La Candelaria,10.6,1.93,Mecánica,Suscriptor,Nublado,19.4,0.0,No
V002428,2026-04-07 18:41:43,Calle 100,Usaquén,Parque de los Hippies,Chapinero,13.1,2.77,Eléctrica,Ocasional,Nublado,19.6,0.0,No
V001894,2026-04-23 17:02:02,Simón Bolívar Norte,Barrios Unidos,Parque de los Novios,Barrios Unidos,16.3,3.34,Mecánica,Suscriptor,Nublado,13.0,0.0,No
V001760,2026-05-15 21:26:08,Plaza de Bolívar,La Candelaria,Chorro de Quevedo,La Candelaria,8.9,2.25,Eléctrica,Suscriptor,Despejado,19.1,0.0,No
V002051,2026-04-16 11:50:41,Universidades Centro,La Candelaria,Plaza de Bolívar,La Candelaria,22.5,5.18,Eléctrica,Suscriptor,Lluvia ligera,16.1,1.2,No
V002624,2026-03-11 00:06:05,Calle 116,Usaquén,Unicentro,Usaquén,8.4,1.67,Mecánica,Ocasional,Despejado,13.3,0.0,No
V002810,2026-02-17 10:56:04,Centro Internacional,Santa Fe,Zona G,Chapinero,20.5,2.82,Mecánica,Suscriptor,Nublado,,0.0,No
V001492,2026-03-12 05:45:23,Zona G,Chapinero,Parque de los Hippies,Chapinero,20.1,3.76,Mecánica,Suscriptor,Nublado,16.4,0.0,No
V001074,2026-03-09 17:09:33,Galerías,Teusaquillo,Galerías,Teusaquillo,16.1,2.82,Mecánica,Suscriptor,Nublado,17.2,0.0,No
V002109,2026-04-19 18:53:46,Calle 63,Chapinero,Parque El Virrey Norte,Usaquén,18.9,4.48,Eléctrica,Suscriptor,Despejado,16.8,0.0,Sí
V001017,2026-04-08 18:51:34,Parque de los Novios,Barrios Unidos,Parque de los Hippies,Chapinero,14.8,3.41,Mecánica,,Nublado,15.6,0.0,No
V000503,2026-03-21 11:16:28,Calle 72,Chapinero,Galerías,Teusaquillo,18.8,3.58,Eléctrica,Suscriptor,Nublado,12.2,0.0,Sí
V002987,2026-04-25 18:02:57,Calle 72,Chapinero,Parque de la 93,Chapinero,18.9,5.12,Eléctrica,Suscriptor,Nublado,15.8,0.0,Sí
V002216,2026-05-11 17:06:32,Parque El Virrey Norte,Usaquén,Parque El Virrey Norte,Usaquén,9.3,2.02,Mecánica,Ocasional,Despejado,17.9,0.0,No
V000486,2026-04-13 17:59:51,Unicentro,Usaquén,Centro Internacional,Santa Fe,14.8,1.79,Eléctrica,Ocasional,Nublado,16.3,0.0,No
V002694,2026-05-23 19:23:08,Simón Bolívar Norte,Barrios Unidos,Museo Nacional,Santa Fe,7.6,1.63,Eléctrica,Suscriptor,Nublado,16.7,0.0,Sí
V003152,2026-05-20 10:52:10,Museo Nacional,Santa Fe,Las Nieves,Santa Fe,17.1,4.49,Eléctrica,Ocasional,Lluvia,19.9,3.5,No
V003016,2026-02-07 01:58:36,Calle 72,Chapinero,Parque de la 93,Chapinero,20.3,3.16,Eléctrica,Suscriptor,Nublado,15.9,0.0,Sí
V002548,2026-02-15 18:40:44,Universidad Javeriana,Chapinero,Museo Nacional,Santa Fe,11.2,1.99,Mecánica,Suscriptor,Nublado,14.4,0.0,Sí
V002887,2026-04-16 07:41:16,Parque de los Novios,Barrios Unidos,Parque de los Novios,Barrios Unidos,6.0,1.14,Eléctrica,Ocasional,Nublado,19.1,0.0,No
V003138,2026-03-16 11:58:57,Parque de los Hippies,Chapinero,Parque de los Novios,Barrios Unidos,11.5,1.09,Eléctrica,Suscriptor,Lluvia,16.0,10.9,No
V002958,2026-05-13 06:22:15,Calle 72,Chapinero,Parque de los Hippies,Chapinero,12.6,2.09,Mecánica,Suscriptor,Despejado,18.6,0.0,No
V003151,2026-03-30 12:33:04,Parque de los Novios,Barrios Unidos,Hacienda Santa Bárbara,Usaquén,26.1,5.84,Eléctrica,Ocasional,Lluvia ligera,16.6,1.6,No
V001821,2026-04-16 15:32:42,Las Aguas,La Candelaria,Parque de los Hippies,Chapinero,21.7,3.94,Eléctrica,Suscriptor,Nublado,19.3,0.0,No
V001525,2026-03-22 19:51:19,Simón Bolívar Norte,Barrios Unidos,Zona G,Chapinero,11.7,1.91,Mecánica,Suscriptor,Despejado,14.6,0.0,Sí
V000921,2026-02-26 09:08:41,Universidad Javeriana,Chapinero,Calle 63,Chapinero,21.2,4.63,Mecánica,Ocasional,Despejado,12.7,0.0,No
V000225,2026-05-27 18:30:18,Corferias,Teusaquillo,Corferias,Teusaquillo,2.6,0.7,Eléctrica,Ocasional,Despejado,19.6,0.0,No
V000431,2026-05-10 17:43:41,Calle 63,Chapinero,Universidad Javeriana,Chapinero,6.4,1.6,Mecánica,Ocasional,Despejado,18.6,0.0,Sí
V003029,2026-02-16 17:46:42,Calle 100,Usaquén,Simón Bolívar Norte,Barrios Unidos,11.7,2.37,Eléctrica,Suscriptor,Despejado,15.7,0.0,No
V001375,2026-05-05 19:23:39,Parque de los Novios,Barrios Unidos,Museo Nacional,Santa Fe,36.8,6.73,Mecánica,Suscriptor,Lluvia,16.7,3.9,No
V002842,2026-04-07 17:27:30,Las Aguas,La Candelaria,Las Aguas,La Candelaria,8.0,2.02,Eléctrica,Suscriptor,Despejado,15.8,0.0,No
V001058,2026-03-04 18:01:43,Calle 80,Barrios Unidos,Calle 80,Barrios Unidos,9.4,2.23,Mecánica,Suscriptor,Nublado,15.5,0.0,No
V000804,2026-02-28 18:11:20,Corferias,Teusaquillo,Galerías,Teusaquillo,16.2,3.66,Eléctrica,Suscriptor,Lluvia ligera,14.5,1.8,Sí
V000173,2026-03-22 09:49:23,Parque Nacional,Santa Fe,Centro Internacional,Santa Fe,14.5,3.5,Mecánica,Ocasional,Lluvia ligera,13.6,0.9,Sí
V000893,2026-04-30 19:32:23,Universidad Nacional,Teusaquillo,Corferias,Teusaquillo,6.8,1.7,Eléctrica,Ocasional,Lluvia ligera,17.1,1.3,No
V002446,2026-04-05 19:10:06,Calle 72,Chapinero,Universidad Javeriana,Chapinero,16.7,2.98,Mecánica,Suscriptor,Nublado,19.0,0.0,Sí
V000111,2026-04-01 18:52:50,San Felipe,Barrios Unidos,Calle 80,Barrios Unidos,8.1,1.74,Mecánica,Suscriptor,Despejado,14.3,0.0,No
V000071,2026-05-06 12:03:11,Unicentro,Usaquén,Calle 100,Usaquén,9.6,2.4,Eléctrica,Suscriptor,Lluvia ligera,20.3,0.7,No
V001597,2026-04-14 09:11:54,Parque de la 93,Chapinero,Universidad Javeriana,Chapinero,16.3,,Eléctrica,Suscriptor,Despejado,19.4,0.0,No
V002801,2026-03-24 19:13:00,San Felipe,Barrios Unidos,Calle 80,Barrios Unidos,25.4,4.98,Eléctrica,Suscriptor,Despejado,18.8,0.0,No
V003114,2026-02-02 20:53:34,Galerías,Teusaquillo,Parque de los Novios,Barrios Unidos,16.3,3.16,Mecánica,Suscriptor,Despejado,16.5,0.0,No
V001458,2026-02-03 18:07:49,Calle 80,Barrios Unidos,Universidad Javeriana,Chapinero,18.2,3.7,Mecánica,Ocasional,Nublado,19.5,0.0,No
V003018,2026-03-14 07:03:13,San Felipe,Barrios Unidos,San Felipe,Barrios Unidos,8.7,1.4,Mecánica,Suscriptor,Lluvia ligera,20.5,1.4,Sí
V002731,2026-04-28 17:23:00,Centro Internacional,Santa Fe,Galerías,Teusaquillo,15.1,2.78,Mecánica,Suscriptor,Nublado,15.8,0.0,No
V002171,2026-03-23 09:07:20,Centro Internacional,Santa Fe,Parque Nacional,Santa Fe,5.5,1.47,Eléctrica,Suscriptor,Nublado,14.6,0.0,No
V000588,2026-03-30 18:59:03,Calle 80,Barrios Unidos,Simón Bolívar Norte,Barrios Unidos,12.8,2.38,Eléctrica,Suscriptor,Despejado,19.0,0.0,No
V001257,2026-03-11 18:46:37,Las Nieves,Santa Fe,Plaza de Bolívar,La Candelaria,20.5,5.24,Eléctrica,Suscriptor,Nublado,13.5,0.0,No
V001003,2026-05-19 18:46:59,Zona G,Chapinero,Universidad Javeriana,Chapinero,7.8,1.65,Mecánica,Ocasional,Despejado,19.1,0.0,No
V002387,2026-03-07 08:53:49,Calle 80,Barrios Unidos,San Felipe,Barrios Unidos,12.1,2.33,Eléctrica,Suscriptor,Lluvia ligera,18.9,0.5,Sí
V000031,2026-02-22 07:09:40,Parque de los Hippies,Chapinero,Parque El Virrey Norte,Usaquén,15.5,3.97,Mecánica,Suscriptor,Nublado,12.8,0.0,Sí
V000675,2026-03-25 03:07:18,Simón Bolívar Norte,Barrios Unidos,Parque de los Novios,Barrios Unidos,12.0,1.93,Mecánica,Ocasional,Nublado,20.9,0.0,No
V002862,2026-05-15 14:33:30,San Felipe,Barrios Unidos,Simón Bolívar Norte,Barrios Unidos,19.0,3.45,Mecánica,Suscriptor,Despejado,15.6,0.0,No
V000119,2026-05-23 07:12:16,Museo Nacional,Santa Fe,Centro Internacional,Santa Fe,24.0,5.35,Mecánica,Ocasional,Despejado,17.4,0.0,Sí
V000427,2026-05-27 13:05:35,Corferias,Teusaquillo,Parkway,Teusaquillo,39.2,7.81,Mecánica,Ocasional,Lluvia ligera,18.4,2.1,No
V000421,2026-04-17 05:29:31,Galerías,Teusaquillo,Galerías,Teusaquillo,5.4,0.78,Eléctrica,Ocasional,Nublado,16.3,0.0,No
V002287,2026-04-18 07:48:02,Unicentro,Usaquén,Parque El Virrey Norte,Usaquén,5.3,0.93,Eléctrica,Suscriptor,Nublado,15.9,0.0,Sí
V000593,2026-02-09 04:02:38,Parkway,Teusaquillo,Galerías,Teusaquillo,15.3,3.02,Mecánica,Suscriptor,Despejado,12.7,0.0,No
V001865,2026-03-13 19:17:03,Las Aguas,La Candelaria,San Felipe,Barrios Unidos,37.1,7.87,Mecánica,Suscriptor,Nublado,18.1,0.0,No
V001831,2026-05-06 19:24:04,Calle 100,Usaquén,Parkway,Teusaquillo,25.1,5.65,Mecánica,Suscriptor,Lluvia ligera,16.6,1.4,No
V002527,2026-03-12 22:31:27,Calle 116,Usaquén,Calle 116,Usaquén,5.6,,Eléctrica,Ocasional,Despejado,18.4,0.0,No
V000738,2026-02-18 18:22:35,Universidad Nacional,Teusaquillo,Universidad Nacional,Teusaquillo,7.5,1.66,Mecánica,Suscriptor,Despejado,16.6,0.0,No
V003186,2026-02-03 19:42:30,San Felipe,Barrios Unidos,Simón Bolívar Norte,Barrios Unidos,14.8,3.35,Eléctrica,Ocasional,Despejado,16.4,0.0,No
V002605,2026-02-11 02:50:08,Parque El Virrey Norte,Usaquén,Calle 116,Usaquén,8.1,1.85,Eléctrica,Suscriptor,Lluvia ligera,14.6,0.4,No
V001853,2026-04-15 19:49:10,Calle 63,Chapinero,Parque de la 93,Chapinero,14.4,3.11,Mecánica,Suscriptor,Despejado,16.3,0.0,No
V001041,2026-05-07 07:54:44,Galerías,Teusaquillo,Calle 72,Chapinero,16.3,3.08,Mecánica,Suscriptor,Nublado,20.3,0.0,No
V002529,2026-05-26 01:54:39,Parque de la 93,Chapinero,Calle 72,Chapinero,8.2,1.32,Mecánica,Suscriptor,Nublado,18.0,0.0,No
V000739,2026-05-28 08:50:20,Parque de los Hippies,Chapinero,Parque de la 93,Chapinero,10.0,2.09,Eléctrica,Suscriptor,Despejado,16.8,0.0,No
V001415,2026-03-18 19:42:16,Museo Nacional,Santa Fe,Parkway,Teusaquillo,23.3,5.43,Eléctrica,Suscriptor,Nublado,13.7,0.0,No
V002189,2026-05-08 19:43:06,Parque de los Hippies,Chapinero,Zona G,Chapinero,6.4,1.2,Mecánica,Suscriptor,Despejado,13.5,0.0,No
V000370,2026-04-01 19:58:21,Calle 72,Chapinero,Calle 63,Chapinero,19.2,4.82,Eléctrica,Suscriptor,Nublado,21.1,0.0,No
V000770,2026-05-30 23:17:09,Las Nieves,Santa Fe,Parque Nacional,Santa Fe,5.1,1.01,Mecánica,Suscriptor,Lluvia,14.6,3.7,Sí
V000700,2026-05-10 04:53:10,Parque El Virrey Norte,Usaquén,Parque Nacional,Santa Fe,8.1,1.8,Mecánica,Suscriptor,Lluvia,20.1,8.4,Sí
V000993,2026-05-05 17:50:55,Universidad Javeriana,Chapinero,Museo Nacional,Santa Fe,11.0,2.56,Eléctrica,Suscriptor,Lluvia ligera,17.2,1.4,No
V002164,2026-05-29 17:54:35,Universidades Centro,La Candelaria,Calle 80,Barrios Unidos,13.7,2.85,Mecánica,Ocasional,Nublado,17.8,0.0,No
V000276,2026-02-14 18:15:40,Parque de los Hippies,Chapinero,Parque de la 93,Chapinero,13.7,3.18,Mecánica,Suscriptor,Despejado,13.4,0.0,Sí
V002753,2026-02-08 03:11:33,Parque de los Novios,Barrios Unidos,Simón Bolívar Norte,Barrios Unidos,18.7,3.69,Mecánica,Ocasional,Despejado,12.5,0.0,Sí
V002327,2026-02-24 18:35:22,San Felipe,Barrios Unidos,Parque de los Novios,Barrios Unidos,7.0,1.47,Eléctrica,Suscriptor,Despejado,15.9,0.0,No
V002303,2026-04-29 18:19:36,Calle 63,Chapinero,Parque de los Hippies,Chapinero,22.6,4.86,Mecánica,Suscriptor,Despejado,19.6,0.0,No
V002962,2026-05-02 23:04:13,Parque de los Novios,Barrios Unidos,Calle 63,Chapinero,40.5,7.96,Mecánica,Ocasional,Despejado,16.5,0.0,Sí
V001264,2026-03-20 19:15:33,Museo Nacional,Santa Fe,Las Nieves,Santa Fe,13.1,1.34,electrica,Suscriptor,lluvia ligera,18.2,0.0,No
V002032,2026-04-18 23:13:01,Centro Internacional,Santa Fe,Museo Nacional,Santa Fe,7.9,1.73,Eléctrica,Suscriptor,Lluvia,16.4,10.0,Sí
V002634,2026-03-01 17:11:26,Galerías,Teusaquillo,Plaza de Bolívar,La Candelaria,19.3,3.17,Mecánica,Ocasional,Despejado,17.0,0.0,Sí
V002461,2026-02-27 17:24:41,Parque de los Hippies,Chapinero,Parque de los Hippies,Chapinero,7.2,1.13,Mecánica,Suscriptor,Lluvia,17.6,7.9,No
V002565,2026-02-01 21:44:38,Parque El Virrey Norte,Usaquén,Calle 100,Usaquén,25.9,5.48,Mecánica,Ocasional,Despejado,14.6,0.0,Sí
V002140,2026-04-04 00:30:28,Calle 116,Usaquén,Universidades Centro,La Candelaria,11.8,2.35,Mecánica,Suscriptor,Despejado,19.6,0.0,Sí
V002210,2026-05-08 19:33:40,Simón Bolívar Norte,Barrios Unidos,Simón Bolívar Norte,Barrios Unidos,15.9,3.14,Eléctrica,Suscriptor,Nublado,18.3,0.0,No
V001445,2026-04-30 08:39:28,Parque El Virrey Norte,Usaquén,Calle 63,Chapinero,17.4,4.68,Eléctrica,Suscriptor,Nublado,19.0,0.0,No
V002780,2026-03-24 22:02:02,Universidad Javeriana,Chapinero,Simón Bolívar Sur,Teusaquillo,10.0,2.89,Eléctrica,Ocasional,Despejado,18.0,0.0,No
V002202,2026-05-29 18:08:22,Centro Internacional,Santa Fe,Galerías,Teusaquillo,13.7,2.2,Mecánica,Ocasional,Nublado,19.0,0.0,No
V002827,2026-03-18 22:11:34,Parque de los Hippies,Chapinero,Calle 63,Chapinero,23.4,5.7,Eléctrica,Ocasional,Despejado,18.4,0.0,No
V002451,2026-04-19 17:35:30,Unicentro,Usaquén,Calle 116,Usaquén,10.5,2.17,Eléctrica,Suscriptor,Lluvia,19.3,10.2,Sí
V002291,2026-04-08 19:53:22,Galerías,Teusaquillo,Galerías,Teusaquillo,7.2,1.88,Eléctrica,Suscriptor,Nublado,19.4,0.0,No
V001734,2026-05-11 07:25:54,Museo Nacional,Santa Fe,Simón Bolívar Sur,Teusaquillo,27.6,5.44,Mecánica,Suscriptor,Despejado,18.0,0.0,No
V001797,2026-03-10 19:02:01,Galerías,Teusaquillo,Galerías,Teusaquillo,5.9,1.44,Eléctrica,Ocasional,Nublado,16.4,0.0,No
V001602,2026-05-31 19:31:44,Simón Bolívar Norte,Barrios Unidos,Universidad Javeriana,Chapinero,19.6,3.62,Mecánica,Ocasional,Nublado,18.2,0.0,Sí
V003070,2026-03-03 21:14:29,Galerías,Teusaquillo,Simón Bolívar Sur,Teusaquillo,6.6,1.58,Mecánica,Ocasional,Despejado,16.0,0.0,No
V001023,2026-02-24 18:48:28,Simón Bolívar Sur,Teusaquillo,Las Aguas,La Candelaria,22.6,3.66,Eléctrica,Suscriptor,Lluvia ligera,16.9,0.8,No
V000025,2026-05-22 03:15:02,Parque de los Hippies,Chapinero,Parque Nacional,Santa Fe,17.5,3.85,Mecánica,Ocasional,Despejado,20.2,0.0,No
V000524,2026-02-25 02:37:57,Calle 100,Usaquén,Parque El Virrey Norte,Usaquén,8.4,1.26,Mecánica,Suscriptor,Despejado,17.0,0.0,No
V003081,2026-05-27 19:07:06,Museo Nacional,Santa Fe,Centro Internacional,Santa Fe,13.0,2.9,Mecánica,Suscriptor,Lluvia ligera,15.0,2.0,No
V000416,2026-02-21 17:51:57,Parque El Virrey Norte,Usaquén,Unicentro,Usaquén,29.6,4.91,Mecánica,Ocasional,Lluvia,13.6,8.7,Sí
V003125,2026-02-24 03:47:14,Calle 80,Barrios Unidos,San Felipe,Barrios Unidos,10.4,1.88,Eléctrica,Ocasional,Lluvia ligera,19.1,0.7,No
V000191,2026-02-06 13:45:06,Centro Internacional,Santa Fe,Las Nieves,Santa Fe,4.9,1.11,Eléctrica,Suscriptor,Nublado,17.5,0.0,No
V001772,2026-04-13 19:14:17,Simón Bolívar Norte,Barrios Unidos,San Felipe,Barrios Unidos,19.1,3.64,Mecánica,Suscriptor,Nublado,15.9,0.0,No
V001210,2026-03-24 08:08:10,Hacienda Santa Bárbara,Usaquén,Calle 100,Usaquén,8.3,1.52,Eléctrica,Suscriptor,Despejado,19.4,0.0,No
V001419,2026-03-23 07:39:09,Museo Nacional,Santa Fe,Universidad Nacional,Teusaquillo,17.0,4.05,Mecánica,Suscriptor,Despejado,16.4,0.0,No
V002988,2026-03-13 19:39:38,Corferias,Teusaquillo,Parkway,Teusaquillo,12.7,2.64,Eléctrica,Suscriptor,Despejado,14.0,0.0,No
V001941,2026-03-08 17:13:35,Calle 72,Chapinero,Hacienda Santa Bárbara,Usaquén,14.8,2.7,Mecánica,Suscriptor,Lluvia ligera,17.2,1.1,Sí
V002346,2026-04-26 08:11:26,Plaza de Bolívar,La Candelaria,Chorro de Quevedo,La Candelaria,9.6,2.21,Eléctrica,Ocasional,Despejado,21.7,0.0,Sí
V002975,2026-02-10 07:55:26,Centro Internacional,Santa Fe,Museo Nacional,Santa Fe,9.7,2.72,Mecánica,Suscriptor,Nublado,13.5,0.0,No
V002579,2026-03-15 17:04:42,Zona G,Chapinero,Universidad Javeriana,Chapinero,9.6,1.87,Mecánica,Suscriptor,Despejado,17.8,0.0,Sí
V000706,2026-02-21 18:43:57,Corferias,Teusaquillo,Calle 116,Usaquén,21.5,4.51,Eléctrica,Suscriptor,Nublado,13.7,0.0,Sí
V000003,2026-02-17 17:37:27,Parque El Virrey Norte,Usaquén,Calle 100,Usaquén,9.6,2.03,Mecánica,Suscriptor,Lluvia ligera,15.7,0.3,No
V000417,2026-05-09 08:41:11,Galerías,Teusaquillo,Plaza de Bolívar,La Candelaria,14.5,3.71,Eléctrica,Suscriptor,Despejado,18.5,0.0,Sí
V003052,2026-04-23 16:19:42,Parque El Virrey Norte,Usaquén,Hacienda Santa Bárbara,Usaquén,11.8,2.05,Eléctrica,Ocasional,Despejado,17.8,0.0,No
V001894,2026-04-23 17:02:02,Simón Bolívar Norte,Barrios Unidos,Parque de los Novios,Barrios Unidos,16.3,3.34,Mecánica,Suscriptor,Nublado,13.0,0.0,No
V002522,2026-05-13 18:04:29,Parkway,Teusaquillo,Las Nieves,Santa Fe,21.6,3.36,Mecánica,Suscriptor,Lluvia,15.9,5.2,No
V000692,2026-05-08 22:54:48,Unicentro,Usaquén,Simón Bolívar Norte,Barrios Unidos,24.7,5.29,Mecánica,Ocasional,Lluvia,12.7,4.1,No
V002020,2026-05-26 10:42:45,Centro Internacional,Santa Fe,Hacienda Santa Bárbara,Usaquén,23.3,5.0,Mecánica,Suscriptor,Despejado,18.8,0.0,No
V000667,2026-04-22 20:12:48,Calle 100,Usaquén,Hacienda Santa Bárbara,Usaquén,11.4,1.79,Eléctrica,Suscriptor,Lluvia ligera,16.6,1.3,No
V001826,2026-03-12 19:11:35,Calle 80,Barrios Unidos,Calle 63,Chapinero,11.7,2.8,Mecánica,Ocasional,Nublado,15.7,0.0,No
V002354,2026-02-28 19:26:57,Parque El Virrey Norte,Usaquén,Calle 72,Chapinero,25.3,5.16,Mecánica,Suscriptor,Despejado,15.2,0.0,Sí
V000884,2026-04-26 08:50:25,Parkway,Teusaquillo,Parque de los Novios,Barrios Unidos,17.4,2.91,Mecánica,Suscriptor,Lluvia ligera,15.5,1.4,Sí
V002484,2026-03-17 16:42:18,Parque de la 93,Chapinero,Calle 72,Chapinero,21.2,4.08,Mecánica,Ocasional,Nublado,14.9,0.0,No
V001531,2026-02-11 20:37:07,Centro Internacional,Santa Fe,Universidad Nacional,Teusaquillo,5.7,1.45,Eléctrica,Ocasional,Nublado,11.3,0.0,No
V000357,2026-04-14 16:22:09,Calle 72,Chapinero,Chorro de Quevedo,La Candelaria,32.0,7.69,Mecánica,Ocasional,Nublado,21.7,0.0,No
V001521,2026-03-03 01:01:23,Simón Bolívar Sur,Teusaquillo,Simón Bolívar Sur,Teusaquillo,11.1,2.67,Mecánica,Suscriptor,Nublado,15.7,0.0,No
V001390,2026-03-17 19:52:06,Calle 116,Usaquén,Calle 100,Usaquén,24.4,6.26,Eléctrica,Suscriptor,Despejado,15.6,0.0,No
V002717,2026-04-30 20:15:21,Plaza de Bolívar,La Candelaria,Chorro de Quevedo,La Candelaria,12.5,3.05,Eléctrica,Suscriptor,Despejado,18.7,0.0,No
V000569,2026-04-18 07:39:47,Galerías,Teusaquillo,Parkway,Teusaquillo,7.5,1.72,Eléctrica,Ocasional,Despejado,20.4,0.0,Sí
V000533,2026-02-06 12:13:48,Parque de la 93,Chapinero,Parque de los Hippies,Chapinero,10.3,1.98,Eléctrica,Ocasional,Nublado,17.8,0.0,No
V001071,2026-02-21 23:48:13,Chorro de Quevedo,La Candelaria,Calle 63,Chapinero,12.0,2.99,Mecánica,Suscriptor,Nublado,16.1,0.0,Sí
V001732,2026-03-31 19:36:50,Calle 116,Usaquén,Galerías,Teusaquillo,58.2,13.7,Mecánica,Ocasional,Despejado,16.4,0.0,No
V000749,2026-05-27 08:39:12,Calle 63,Chapinero,Universidad Javeriana,Chapinero,5.7,1.01,Eléctrica,Suscriptor,Lluvia ligera,15.7,1.1,No
V001569,2026-03-09 04:46:04,Corferias,Teusaquillo,Museo Nacional,Santa Fe,13.7,2.96,Mecánica,Suscriptor,Despejado,12.4,0.0,No
V002005,2026-03-13 17:08:05,Galerías,Teusaquillo,Las Aguas,La Candelaria,20.4,3.35,Eléctrica,Ocasional,Despejado,19.7,0.0,No
V000950,2026-02-12 08:05:17,Parque de la 93,Chapinero,Centro Internacional,Santa Fe,20.4,6.11,Eléctrica,Suscriptor,Despejado,16.5,0.0,No
V003118,2026-03-28 01:44:17,Museo Nacional,Santa Fe,Centro Internacional,Santa Fe,16.9,2.76,Mecánica,Suscriptor,Nublado,19.6,0.0,Sí
V001117,2026-05-29 07:44:08,Museo Nacional,Santa Fe,Las Nieves,Santa Fe,5.2,1.21,Eléctrica,Ocasional,Nublado,16.7,0.0,No
V001527,2026-05-05 16:46:03,Universidad Nacional,Teusaquillo,Chorro de Quevedo,La Candelaria,26.7,5.94,Eléctrica,Suscriptor,Despejado,17.6,0.0,No
V001579,2026-04-16 17:33:43,Parque de los Hippies,Chapinero,Calle 63,Chapinero,10.1,2.04,Mecánica,Suscriptor,Despejado,14.6,0.0,No
V000796,2026-04-09 13:26:46,San Felipe,Barrios Unidos,Parque de los Novios,Barrios Unidos,13.4,2.31,Mecánica,Suscriptor,Nublado,19.4,0.0,No
V002750,2026-04-02 18:23:15,Simón Bolívar Sur,Teusaquillo,Unicentro,Usaquén,20.9,5.61,Eléctrica,Suscriptor,Despejado,17.9,0.0,No
V000899,2026-05-19 19:51:58,Las Aguas,La Candelaria,Plaza de Bolívar,La Candelaria,16.2,3.04,Eléctrica,Suscriptor,Nublado,15.3,0.0,No
V002007,2026-04-25 18:02:12,Parque El Virrey Norte,Usaquén,Unicentro,Usaquén,5.6,1.38,Eléctrica,Ocasional,Despejado,14.8,0.0,Sí
V000563,2026-04-12 07:48:09,Hacienda Santa Bárbara,Usaquén,Calle 100,Usaquén,19.0,4.23,Mecánica,Ocasional,Nublado,16.3,0.0,Sí
V001592,2026-03-26 07:09:49,Universidad Javeriana,Chapinero,Calle 63,Chapinero,8.2,1.57,Mecánica,Suscriptor,Despejado,18.8,0.0,No
V002462,2026-03-13 19:46:37,Parque El Virrey Norte,Usaquén,Hacienda Santa Bárbara,Usaquén,15.7,3.41,Mecánica,Ocasional,Lluvia ligera,17.8,0.8,No
V001819,2026-04-26 16:10:33,San Felipe,Barrios Unidos,San Felipe,Barrios Unidos,5.3,1.11,Eléctrica,Suscriptor,Despejado,18.4,0.0,Sí
V001423,2026-02-07 07:42:22,Zona G,Chapinero,Parque de los Hippies,Chapinero,18.7,5.23,Eléctrica,Suscriptor,Lluvia ligera,14.2,2.1,Sí
V001893,2026-05-24 18:14:57,Hacienda Santa Bárbara,Usaquén,Unicentro,Usaquén,22.2,4.12,Mecánica,Ocasional,Lluvia ligera,18.1,2.5,Sí
V001692,2026-02-23 20:17:33,Las Nieves,Santa Fe,Centro Internacional,Santa Fe,7.9,1.79,Eléctrica,Suscriptor,Nublado,19.1,0.0,No
V002619,2026-05-16 07:31:21,Las Nieves,Santa Fe,Parque de la 93,Chapinero,25.9,5.32,Eléctrica,Ocasional,Nublado,17.8,0.0,Sí
V000279,2026-04-28 19:10:44,Parque El Virrey Norte,Usaquén,Parque El Virrey Norte,Usaquén,6.6,1.18,Eléctrica,Suscriptor,Nublado,13.4,0.0,No
V002155,2026-09-03 18:29:00,Zona G,Chapinero,Calle 72,Chapinero,7.1,1.26,Eléctrica,Suscriptor,Despejado,17.7,0.0,No
V000152,2026-02-13 02:10:45,San Felipe,Barrios Unidos,San Felipe,Barrios Unidos,9.2,1.99,Eléctrica,Ocasional,Lluvia ligera,17.1,2.3,No
V003110,2026-02-06 19:31:49,Calle 80,Barrios Unidos,San Felipe,Barrios Unidos,7.9,1.54,Eléctrica,Ocasional,Lluvia ligera,17.1,1.8,No
V002384,2026-05-16 11:52:27,Corferias,Teusaquillo,Corferias,Teusaquillo,8.4,1.19,Mecánica,Ocasional,Nublado,16.3,0.0,Sí
V002878,2026-05-15 09:15:18,Parkway,Teusaquillo,Plaza de Bolívar,La Candelaria,26.3,6.5,Mecánica,Ocasional,Lluvia ligera,19.5,1.0,No
V003123,2026-03-11 17:03:51,Hacienda Santa Bárbara,Usaquén,Simón Bolívar Norte,Barrios Unidos,15.6,2.87,Mecánica,Suscriptor,Despejado,15.6,0.0,No
V000441,2026-04-29 04:09:21,Calle 72,Chapinero,Calle 63,Chapinero,11.3,2.3,Eléctrica,Ocasional,Nublado,17.1,0.0,No
V002475,2026-04-14 17:33:44,Parkway,Teusaquillo,Las Nieves,Santa Fe,14.3,2.87,Mecánica,Ocasional,Despejado,18.5,0.0,No
V001750,2026-03-09 01:50:56,Galerías,Teusaquillo,Parkway,Teusaquillo,8.5,1.91,Eléctrica,Suscriptor,Nublado,15.7,0.0,No
V000985,2026-04-09 18:20:10,Parque de los Novios,Barrios Unidos,Simón Bolívar Norte,Barrios Unidos,6.9,1.24,Mecánica,Suscriptor,Despejado,19.6,0.0,No
V002337,2026-02-05 19:35:43,Parque El Virrey Norte,Usaquén,Calle 116,Usaquén,15.5,3.91,Eléctrica,Ocasional,Despejado,12.2,0.0,No
V002435,2026-04-02 17:37:27,Universidad Nacional,Teusaquillo,Parkway,Teusaquillo,34.9,7.51,Eléctrica,Ocasional,Despejado,16.4,0.0,No
V001309,2026-05-25 08:52:49,San Felipe,Barrios Unidos,Simón Bolívar Norte,Barrios Unidos,5.9,1.05,Mecánica,Suscriptor,Nublado,17.9,0.0,No
V001369,2026-03-09 09:31:47,Las Nieves,Santa Fe,Parkway,Teusaquillo,23.9,5.59,Mecánica,Suscriptor,Nublado,13.9,0.0,No
V001662,2026-02-23 19:43:21,Chorro de Quevedo,La Candelaria,Plaza de Bolívar,La Candelaria,8.4,1.53,Mecánica,Suscriptor,Nublado,16.6,0.0,No
V001096,2026-03-03 18:31:50,Zona G,Chapinero,Calle 100,Usaquén,24.1,5.24,Mecánica,Ocasional,Nublado,16.2,0.0,No
V000929,2026-04-01 20:49:05,Parque Nacional,Santa Fe,San Felipe,Barrios Unidos,25.8,4.68,Mecánica,Suscriptor,Lluvia ligera,13.9,2.3,No
V000387,2026-04-25 18:11:08,Universidad Nacional,Teusaquillo,Corferias,Teusaquillo,26.2,5.5,Mecánica,Suscriptor,Despejado,14.5,0.0,Sí
V001924,2026-02-15 17:06:10,Parque Nacional,Santa Fe,Las Nieves,Santa Fe,11.6,2.14,Eléctrica,Suscriptor,Despejado,12.1,0.0,Sí
V001810,2026-02-28 22:29:41,Centro Internacional,Santa Fe,Museo Nacional,Santa Fe,34.1,8.82,Eléctrica,Suscriptor,Despejado,14.4,0.0,Sí
V002431,2026-02-14 02:46:48,Parque El Virrey Norte,Usaquén,Parque de la 93,Chapinero,16.9,2.32,Mecánica,Ocasional,Nublado,16.5,0.0,Sí
V002364,2026-02-25 17:19:36,Zona G,Chapinero,Parque de la 93,Chapinero,9.1,2.27,Mecánica,Ocasional,Nublado,16.3,0.0,No
V001959,2026-04-19 04:45:16,Plaza de Bolívar,La Candelaria,Chorro de Quevedo,La Candelaria,16.9,3.45,Eléctrica,Suscriptor,Lluvia,18.6,3.8,Sí
V000143,2026-05-30 08:52:46,Calle 80,Barrios Unidos,Universidades Centro,La Candelaria,11.0,2.77,Eléctrica,Suscriptor,Despejado,15.7,0.0,Sí
V001816,2026-02-01 17:59:02,Calle 63,Chapinero,Calle 63,Chapinero,3.5,,Mecánica,Suscriptor,Nublado,16.6,0.0,Sí
V000451,2026-03-16 08:52:28,Unicentro,Usaquén,Parque El Virrey Norte,Usaquén,14.7,2.88,Mecánica,Suscriptor,Nublado,,0.0,No
V003166,2026-05-15 02:06:19,Parque de los Novios,Barrios Unidos,Universidades Centro,La Candelaria,11.2,1.87,Eléctrica,Suscriptor,Despejado,19.8,0.0,No
V002425,2026-05-28 07:50:42,Universidades Centro,La Candelaria,Las Aguas,La Candelaria,23.5,4.88,Eléctrica,Suscriptor,Despejado,16.7,0.0,No
V000100,2026-02-22 08:04:56,San Felipe,Barrios Unidos,Parque de los Novios,Barrios Unidos,16.0,3.35,Mecánica,Suscriptor,Despejado,14.3,0.0,Sí
V001937,2026-03-28 07:29:10,Parque Nacional,Santa Fe,Las Nieves,Santa Fe,20.7,4.63,Mecánica,Suscriptor,Despejado,20.5,0.0,Sí
V003071,2026-02-19 02:35:49,Las Nieves,Santa Fe,Parque Nacional,Santa Fe,15.1,2.54,Mecánica,Suscriptor,Nublado,13.2,0.0,No
V003188,2026-02-02 21:21:47,Parque de los Hippies,Chapinero,Zona G,Chapinero,20.8,4.79,Mecánica,Ocasional,Lluvia ligera,15.5,1.5,No
V002443,2026-05-04 09:02:22,Galerías,Teusaquillo,Parkway,Teusaquillo,13.8,3.64,Eléctrica,Ocasional,Despejado,14.2,0.0,No
V002718,2026-05-24 18:08:28,Calle 63,Chapinero,Parkway,Teusaquillo,8.6,1.97,Mecánica,Ocasional,Nublado,16.5,0.0,Sí
V002452,2026-04-12 19:00:04,Calle 116,Usaquén,Parque El Virrey Norte,Usaquén,12.9,3.03,Mecánica,Suscriptor,Nublado,18.6,0.0,Sí
V002772,2026-05-07 09:06:33,Calle 80,Barrios Unidos,Parque de la 93,Chapinero,14.6,2.5,Mecánica,Ocasional,Nublado,20.2,0.0,No
V002768,2026-03-01 09:56:43,Las Nieves,Santa Fe,Las Nieves,Santa Fe,5.4,0.85,Eléctrica,Suscriptor,Nublado,10.8,0.0,Sí
V000326,2026-05-17 09:57:41,Parque de los Novios,Barrios Unidos,Calle 80,Barrios Unidos,7.2,1.21,Eléctrica,Suscriptor,Despejado,12.3,0.0,Sí
V002158,2026-04-29 13:42:13,Calle 116,Usaquén,Calle 100,Usaquén,8.1,1.7,Eléctrica,Suscriptor,Nublado,18.5,0.0,No
V002394,2026-02-02 09:15:12,Simón Bolívar Sur,Teusaquillo,Parkway,Teusaquillo,15.7,2.54,Mecánica,Ocasional,Nublado,12.9,0.0,No
V002407,2026-04-29 03:50:46,Centro Internacional,Santa Fe,Parque de la 93,Chapinero,13.4,3.48,Eléctrica,Ocasional,Lluvia ligera,16.0,0.7,No
V000457,2026-02-27 22:49:14,Galerías,Teusaquillo,Centro Internacional,Santa Fe,6.6,1.65,Eléctrica,Suscriptor,Despejado,18.1,0.0,No
V001583,2026-05-17 06:59:32,Galerías,Teusaquillo,Corferias,Teusaquillo,11.6,2.56,Mecánica,Suscriptor,Nublado,16.6,0.0,Sí
V001472,2026-02-12 14:34:20,Calle 63,Chapinero,Parque de los Novios,Barrios Unidos,21.6,2.4,Eléctrica,Ocasional,Lluvia ligera,13.2,1.2,No
V002796,2026-02-15 14:05:44,Parque Nacional,Santa Fe,Parkway,Teusaquillo,14.7,3.2,Eléctrica,Suscriptor,Lluvia,13.8,10.2,Sí
V002029,2026-03-29 10:14:39,Las Aguas,La Candelaria,Universidades Centro,La Candelaria,18.8,3.0,Mecánica,Suscriptor,Despejado,19.7,0.0,Sí
V002682,2026-02-23 11:06:05,Parkway,Teusaquillo,,Teusaquillo,5.6,1.2,Eléctrica,Suscriptor,Nublado,15.1,0.0,No
V002320,2026-04-21 19:07:07,Universidad Nacional,Teusaquillo,Simón Bolívar Sur,Teusaquillo,14.0,3.59,Mecánica,Suscriptor,Despejado,15.5,0.0,No
V001413,2026-05-25 23:14:39,Corferias,Teusaquillo,Calle 72,Chapinero,19.1,3.15,Eléctrica,Suscriptor,Lluvia,18.0,5.8,No
V003027,2026-04-10 20:59:10,Calle 116,Usaquén,Unicentro,Usaquén,20.2,4.03,Eléctrica,Ocasional,Nublado,16.9,0.0,No
V001615,2026-04-18 18:26:20,Calle 100,Usaquén,Parkway,Teusaquillo,39.2,8.38,Mecánica,Suscriptor,Despejado,17.5,0.0,Sí
V003155,2026-04-16 18:30:38,Calle 116,Usaquén,Unicentro,Usaquén,12.7,3.33,Mecánica,Suscriptor,Nublado,14.9,0.0,No
V000401,2026-03-11 07:21:11,Simón Bolívar Norte,Barrios Unidos,Calle 80,Barrios Unidos,12.9,1.92,Mecánica,Suscriptor,Despejado,20.1,0.0,No
V001748,2026-04-30 05:37:52,Parque de la 93,Chapinero,Zona G,Chapinero,9.0,1.89,Mecánica,Suscriptor,Nublado,21.6,0.0,No
V001396,2026-04-19 08:41:14,Simón Bolívar Sur,Teusaquillo,Universidad Nacional,Teusaquillo,3.9,1.01,Eléctrica,Suscriptor,Nublado,16.4,0.0,Sí
V001062,2026-03-13 03:26:10,Calle 63,Chapinero,Las Aguas,La Candelaria,17.6,4.13,Mecánica,Suscriptor,Lluvia,15.3,6.2,No
V000374,2026-04-08 04:41:25,Universidad Javeriana,Chapinero,Universidad Javeriana,Chapinero,6.6,1.06,Mecánica,Suscriptor,Despejado,18.8,0.0,No
V003006,2026-03-16 07:29:39,Universidad Javeriana,Chapinero,Parque de los Hippies,Chapinero,3.0,0.76,Mecánica,Suscriptor,Despejado,17.5,0.0,No
V002656,2026-03-05 06:12:14,Simón Bolívar Sur,Teusaquillo,Universidad Nacional,Teusaquillo,4.3,0.79,Mecánica,Suscriptor,Despejado,15.6,0.0,No
V002521,2026-04-16 07:18:13,Las Aguas,La Candelaria,Plaza de Bolívar,La Candelaria,16.0,2.8,Eléctrica,Suscriptor,Nublado,21.4,0.0,No
V000037,2026-02-01 15:07:27,Parque Nacional,Santa Fe,Centro Internacional,Santa Fe,23.0,4.4,Mecánica,Ocasional,Despejado,15.3,0.0,Sí
V002991,2026-02-17 19:31:06,Chorro de Quevedo,La Candelaria,Parque de la 93,Chapinero,14.7,2.52,Mecánica,Suscriptor,Despejado,13.7,0.0,No
V002480,2026-04-24 12:45:00,Simón Bolívar Norte,Barrios Unidos,Calle 80,Barrios Unidos,15.8,2.93,Mecánica,Suscriptor,Despejado,15.2,0.0,No
V001006,2026-02-11 14:00:39,Universidades Centro,La Candelaria,Zona G,Chapinero,14.8,2.54,Eléctrica,Suscriptor,Lluvia,15.3,11.5,No
V001280,2026-03-03 22:01:48,Zona G,Chapinero,Universidad Javeriana,Chapinero,9.7,1.83,Eléctrica,Suscriptor,Lluvia,12.5,4.0,No
V001538,2026-04-28 12:43:19,Universidad Nacional,Teusaquillo,Centro Internacional,Santa Fe,17.5,3.03,Eléctrica,Suscriptor,Despejado,14.2,0.0,No
V000982,2026-05-22 08:02:11,Calle 63,Chapinero,San Felipe,Barrios Unidos,32.5,6.72,Mecánica,Suscriptor,Nublado,16.0,0.0,No
V002215,2026-05-18 23:49:10,Simón Bolívar Sur,Teusaquillo,Universidad Nacional,Teusaquillo,16.3,3.36,Eléctrica,Suscriptor,Despejado,15.9,0.0,No
V002099,2026-03-19 07:24:47,Zona G,Chapinero,Universidad Javeriana,Chapinero,15.3,3.2,Mecánica,Suscriptor,Nublado,15.4,0.0,No
V002938,2026-04-09 20:04:39,Parque de los Hippies,Chapinero,Parque de los Hippies,Chapinero,3.0,0.7,Mecánica,Suscriptor,Lluvia,16.5,7.8,No
V000581,2026-03-12 19:26:32,Simón Bolívar Norte,Barrios Unidos,San Felipe,Barrios Unidos,26.3,5.67,Mecánica,,Despejado,16.6,0.0,No
V003134,2026-02-16 09:35:49,Hacienda Santa Bárbara,Usaquén,Unicentro,Usaquén,9.6,1.59,Eléctrica,Suscriptor,Lluvia,11.5,7.2,No
V002490,2026-02-17 19:18:53,Parque El Virrey Norte,Usaquén,Hacienda Santa Bárbara,Usaquén,10.8,1.38,Mecánica,Suscriptor,Despejado,17.6,0.0,No
V002773,2026-05-19 18:17:38,Calle 72,Chapinero,Las Nieves,Santa Fe,17.5,3.0,Mecánica,Suscriptor,Despejado,19.1,0.0,No
V002055,2026-05-07 17:27:08,Las Nieves,Santa Fe,Parque Nacional,Santa Fe,10.9,2.9,Eléctrica,Suscriptor,Despejado,16.0,0.0,No
V000948,2026-05-31 05:56:38,Parque Nacional,Santa Fe,Plaza de Bolívar,La Candelaria,13.6,2.68,Eléctrica,Suscriptor,Nublado,19.6,0.0,Sí
V001545,2026-03-20 01:16:12,Simón Bolívar Norte,Chapinero ,Simón Bolívar Norte,Barrios Unidos,10.5,2.37,Mecánica,Suscriptor,Despejado,15.6,0.0,No
V000890,2026-02-06 17:21:51,Calle 63,Chapinero,Parque de los Hippies,Chapinero,9.4,1.3,Mecánica,Suscriptor,Despejado,14.8,0.0,No
V001145,2026-02-13 07:16:41,Universidades Centro,La Candelaria,Plaza de Bolívar,La Candelaria,23.3,5.9,Eléctrica,Ocasional,Nublado,12.8,0.0,No
V002805,2026-05-01 09:24:16,Parque de los Hippies,Chapinero,Parque de la 93,Chapinero,12.4,2.21,Mecánica,Suscriptor,Nublado,17.5,0.0,No
V002374,2026-02-09 19:10:47,Calle 100,Usaquén,Calle 72,Chapinero,10.5,2.17,Eléctrica,Suscriptor,Despejado,13.5,0.0,No
V000685,2026-05-02 11:44:10,Calle 80,Barrios Unidos,San Felipe,Barrios Unidos,22.6,4.61,Mecánica,Suscriptor,Despejado,19.3,0.0,Sí
V000420,2026-04-12 15:53:14,Parque de la 93,Chapinero,Parque Nacional,Santa Fe,18.2,3.39,Mecánica,Suscriptor,Despejado,18.3,0.0,Sí
V001294,2026-03-05 03:46:44,Simón Bolívar Norte,Barrios Unidos,San Felipe,Barrios Unidos,18.8,4.16,Mecánica,Suscriptor,Nublado,13.0,0.0,No
V001293,2026-05-29 18:00:32,Centro Internacional,Santa Fe,Centro Internacional,Santa Fe,7.7,1.4,Mecánica,Suscriptor,Nublado,16.4,0.0,No
V001392,2026-03-01 18:51:47,Universidades Centro,La Candelaria,Las Aguas,La Candelaria,13.9,3.03,Mecánica,Suscriptor,Nublado,14.6,0.0,Sí
V003072,2026-04-26 22:31:47,Parque de los Hippies,Chapinero,Parque de los Hippies,Chapinero,8.8,1.91,Eléctrica,Suscriptor,Despejado,15.6,0.0,Sí
V002161,2026-03-14 18:45:24,Calle 80,Barrios Unidos,San Felipe,Barrios Unidos,11.7,2.67,Eléctrica,Suscriptor,Despejado,16.3,0.0,Sí
V000653,2026-03-09 18:59:56,Zona G,Chapinero,Calle 72,Chapinero,11.0,1.83,Eléctrica,Ocasional,Lluvia ligera,19.6,2.4,No
V001762,2026-04-23 18:04:38,Universidades Centro,La Candelaria,Chorro de Quevedo,La Candelaria,16.9,2.1,Mecánica,Ocasional,Despejado,18.6,0.0,No
V001697,2026-03-06 09:04:19,Las Nieves,Santa Fe,Parque Nacional,Santa Fe,24.2,6.05,Eléctrica,Ocasional,Nublado,14.4,0.0,No
V000072,2026-03-30 14:45:31,Parkway,Teusaquillo,Parkway,Teusaquillo,6.8,0.91,Mecánica,Suscriptor,Despejado,17.7,0.0,No
V000227,2026-03-18 07:50:01,San Felipe,Chapinero ,Parque El Virrey Norte,Usaquén,19.5,3.47,Mecánica,Ocasional,Nublado,17.5,0.0,No
V002306,2026-05-23 08:43:08,Calle 72,Chapinero,Calle 72,Chapinero,7.7,1.77,Mecánica,Ocasional,Despejado,14.8,0.0,Sí
V001479,2026-03-09 19:36:11,Calle 63,Chapinero,Universidades Centro,La Candelaria,27.2,4.1,Mecánica,Ocasional,Nublado,16.3,0.0,No
V001704,2026-05-02 10:17:51,Simón Bolívar Sur,Teusaquillo,Parque de los Hippies,Chapinero,17.6,3.09,Eléctrica,,Nublado,19.8,0.0,Sí
V001940,2026-05-23 19:08:28,Parque El Virrey Norte,Usaquén,Hacienda Santa Bárbara,Usaquén,16.6,3.57,Eléctrica,Ocasional,Lluvia ligera,12.4,0.6,Sí
V000469,2026-04-12 19:04:33,Parque de los Novios,Barrios Unidos,Parque de la 93,Chapinero,15.1,2.84,Eléctrica,Suscriptor,Nublado,13.8,0.0,Sí
V001230,2026-03-05 12:06:58,Plaza de Bolívar,La Candelaria,Plaza de Bolívar,La Candelaria,8.1,1.63,Eléctrica,Suscriptor,Nublado,12.8,0.0,No
V001272,2026-04-20 19:49:37,Calle 100,Usaquén,Calle 100,Usaquén,6.7,1.4,Eléctrica,Ocasional,Despejado,15.7,0.0,No
V002854,2026-05-26 08:31:28,Calle 80,Barrios Unidos,Calle 80,Barrios Unidos,8.2,,Eléctrica,Suscriptor,Lluvia,17.2,6.2,No
V001380,2026-04-18 17:55:43,Universidad Nacional,Teusaquillo,Las Nieves,Santa Fe,12.4,2.13,Eléctrica,Ocasional,Despejado,18.0,0.0,Sí
V001011,2026-05-03 08:31:57,Calle 80,Barrios Unidos,San Felipe,Barrios Unidos,18.6,4.42,Eléctrica,Suscriptor,Lluvia ligera,18.9,1.9,Sí
V002984,2026-03-17 23:11:41,Universidad Nacional,Teusaquillo,Universidad Nacional,Teusaquillo,9.2,2.22,Eléctrica,Suscriptor,Despejado,22.6,0.0,No
V000695,2026-02-28 04:15:14,Calle 72,Chapinero,Zona G,Chapinero,19.5,2.88,Mecánica,Suscriptor,Despejado,15.3,0.0,Sí
V002614,2026-04-11 19:46:23,Corferias,Teusaquillo,Universidad Nacional,Teusaquillo,9.0,1.58,Eléctrica,Suscriptor,Lluvia ligera,20.0,0.4,Sí
V000802,2026-05-06 12:02:51,San Felipe,Barrios Unidos,Zona G,Chapinero,17.2,3.05,Mecánica,Suscriptor,Nublado,18.1,0.0,No
V001648,2026-05-13 21:01:42,Parque de la 93,Chapinero,Universidades Centro,La Candelaria,21.2,4.48,Eléctrica,Ocasional,Despejado,19.6,0.0,No
V003120,2026-05-20 22:15:25,Calle 116,Usaquén,Plaza de Bolívar,La Candelaria,18.5,4.34,Eléctrica,Ocasional,Despejado,16.3,0.0,No
V002580,2026-04-13 08:02:04,Galerías,Teusaquillo,Simón Bolívar Sur,Teusaquillo,6.8,0.8,Mecánica,Ocasional,Lluvia,22.0,11.8,No
V002190,2026-03-28 04:50:47,Calle 72,Chapinero,Parque de los Hippies,Chapinero,14.6,3.33,Mecánica,Suscriptor,Despejado,17.7,0.0,Sí
V002986,2026-02-26 18:21:18,Calle 80,Barrios Unidos,San Felipe,Barrios Unidos,8.5,1.44,Mecánica,Suscriptor,Despejado,19.5,0.0,No
V003002,2026-02-12 01:54:45,Calle 63,Chapinero,Universidad Nacional,Teusaquillo,16.0,2.39,Eléctrica,Suscriptor,Nublado,14.6,0.0,No
V000753,2026-04-06 18:27:52,Calle 80,Barrios Unidos,San Felipe,Barrios Unidos,7.7,1.72,Eléctrica,Suscriptor,Lluvia ligera,18.4,1.8,No
V000242,2026-04-21 07:44:31,Parque Nacional,Santa Fe,Galerías,Teusaquillo,30.2,6.38,Mecánica,Suscriptor,Despejado,20.1,0.0,No
V002870,2026-05-11 17:01:33,Unicentro,Usaquén,Calle 100,Usaquén,7.9,1.84,Eléctrica,Suscriptor,Nublado,18.5,0.0,No
V000527,2026-02-16 09:16:12,Calle 72,Chapinero,Calle 80,Barrios Unidos,20.4,4.3,Mecánica,Suscriptor,Despejado,16.3,0.0,No
V001781,2026-05-04 11:24:06,Unicentro,Usaquén,Centro Internacional,Santa Fe,20.6,5.17,Mecánica,Ocasional,Despejado,21.2,0.0,No
V002042,2026-02-27 03:19:13,Unicentro,Usaquén,Zona G,Chapinero,20.7,4.5,Mecánica,Suscriptor,Lluvia,18.4,10.9,No
V000620,2026-04-16 11:35:10,Plaza de Bolívar,La Candelaria,Chorro de Quevedo,La Candelaria,8.3,1.55,Eléctrica,Suscriptor,Lluvia ligera,16.7,1.2,No
V000980,2026-04-01 13:53:59,Zona G,Chapinero,Centro Internacional,Santa Fe,20.1,4.36,Mecánica,Suscriptor,Despejado,14.6,0.0,No
V000769,2026-03-21 08:42:42,Parque de los Novios,Barrios Unidos,Parque de los Novios,Barrios Unidos,3.0,0.7,Mecánica,Ocasional,Lluvia ligera,15.3,0.3,Sí
V001307,2026-04-29 05:26:21,Parque El Virrey Norte,Usaquén,Parkway,Teusaquillo,15.7,3.5,Mecánica,Suscriptor,Despejado,15.8,0.0,No
V002358,2026-05-10 18:20:48,Parkway,Teusaquillo,Corferias,Teusaquillo,13.2,2.07,Eléctrica,Suscriptor,Nublado,18.0,0.0,Sí
V001455,2026-03-24 17:59:48,Parkway,Teusaquillo,Universidad Nacional,Teusaquillo,22.7,4.86,Eléctrica,Suscriptor,Lluvia ligera,14.1,2.1,No
V000430,2026-05-14 17:05:41,Calle 63,Chapinero,Calle 63,Chapinero,7.4,1.67,Mecánica,Suscriptor,Lluvia ligera,17.1,2.5,No
V003121,2026-02-15 19:36:57,Hacienda Santa Bárbara,Usaquén,Calle 100,Usaquén,7.3,1.39,Eléctrica,Suscriptor,Nublado,12.8,0.0,Sí
V002920,2026-03-02 18:11:27,Plaza de Bolívar,La Candelaria,Calle 100,Usaquén,10.6,2.17,Eléctrica,Ocasional,Despejado,12.8,0.0,No
V002500,2026-02-03 07:24:53,Simón Bolívar Sur,Teusaquillo,Calle 63,Chapinero,38.1,6.85,Mecánica,Suscriptor,Lluvia,12.4,6.2,No
V002758,2026-03-04 18:25:29,Chorro de Quevedo,La Candelaria,Universidades Centro,La Candelaria,18.5,4.18,Mecánica,Suscriptor,Lluvia ligera,14.3,0.9,No
V000548,2026-05-24 04:13:00,Calle 116,Usaquén,Calle 80,Barrios Unidos,39.4,6.64,Eléctrica,Suscriptor,Despejado,17.2,0.0,Sí
V000455,2026-03-16 19:01:20,Museo Nacional,Santa Fe,Las Nieves,Santa Fe,7.6,0.86,Eléctrica,Suscriptor,Nublado,14.4,0.0,No
V000339,2026-02-25 14:44:15,Hacienda Santa Bárbara,Usaquén,Parque El Virrey Norte,Usaquén,25.5,4.98,Mecánica,Suscriptor,Nublado,16.9,0.0,No
V000027,2026-03-24 19:08:15,Corferias,Teusaquillo,Parkway,Teusaquillo,7.5,1.53,Eléctrica,Ocasional,Lluvia,18.1,3.0,No
V000537,2026-03-29 08:41:19,Calle 63,Chapinero,Simón Bolívar Sur,Teusaquillo,28.3,5.8,Mecánica,Suscriptor,Nublado,17.9,0.0,Sí
V000597,2026-02-22 19:39:47,Las Nieves,Santa Fe,Simón Bolívar Norte,Barrios Unidos,14.2,2.41,Mecánica,Ocasional,Despejado,14.7,0.0,Sí
V000750,2026-02-27 07:25:37,Universidades Centro,La Candelaria,Plaza de Bolívar,La Candelaria,13.5,2.31,Mecánica,,Lluvia ligera,15.1,0.6,No
V001522,2026-05-01 09:28:43,Plaza de Bolívar,La Candelaria,Parque El Virrey Norte,Usaquén,16.9,2.68,Mecánica,Suscriptor,Nublado,15.7,0.0,No
V000001,2026-02-05 20:33:30,Calle 63,Chapinero,Museo Nacional,Santa Fe,15.6,2.83,Mecánica,Ocasional,Lluvia,18.3,11.7,No
V002439,2026-05-12 12:33:59,Calle 72,Chapinero,Universidad Nacional,Teusaquillo,28.4,5.96,Eléctrica,Suscriptor,Nublado,17.3,0.0,No
V001981,2026-04-26 16:13:35,San Felipe,Barrios Unidos,Parque de la 93,Chapinero,13.7,3.34,Eléctrica,Ocasional,Nublado,16.8,0.0,Sí
V000849,2026-02-26 18:25:33,San Felipe,Barrios Unidos,Universidad Nacional,Teusaquillo,17.0,3.17,Mecánica,Suscriptor,Nublado,13.6,0.0,No
V000061,2026-03-21 08:12:12,Galerías,Teusaquillo,Universidad Nacional,Teusaquillo,9.6,1.65,Mecánica,Suscriptor,Nublado,16.9,0.0,Sí
V000960,2026-05-15 07:52:50,Parkway,Teusaquillo,Galerías,Teusaquillo,8.1,1.84,Mecánica,Suscriptor,Nublado,16.0,0.0,No
V002125,2026-02-02 18:58:25,Unicentro,Usaquén,Unicentro,Usaquén,13.2,3.58,Mecánica,Suscriptor,Lluvia ligera,15.0,1.3,No
V001515,2026-04-11 21:45:41,Simón Bolívar Sur,Teusaquillo,Calle 80,Barrios Unidos,18.1,3.46,Mecánica,Suscriptor,Nublado,17.6,0.0,Sí
V002113,2026-04-05 17:53:37,Museo Nacional,Santa Fe,Galerías,Teusaquillo,15.7,3.58,Eléctrica,Suscriptor,Despejado,11.7,0.0,Sí
V000632,2026-04-28 17:59:47,Parque El Virrey Norte,Usaquén,Calle 100,Usaquén,11.0,2.06,Mecánica,Ocasional,Lluvia ligera,20.1,0.7,No
V001796,2026-03-15 14:33:15,Unicentro,Usaquén,Hacienda Santa Bárbara,Usaquén,20.2,4.68,Eléctrica,Suscriptor,Lluvia ligera,18.4,1.2,Sí
V000865,2026-05-28 18:38:46,Zona G,Chapinero,Parque de la 93,Chapinero,9.7,1.39,Mecánica,Suscriptor,Nublado,14.6,0.0,No
V002886,2026-03-22 16:59:12,Las Nieves,Santa Fe,,Chapinero,6.0,1.01,Eléctrica,Suscriptor,Lluvia,20.3,5.3,Sí
V002379,2026-03-20 18:06:31,Corferias,Teusaquillo,Galerías,Teusaquillo,36.6,9.16,Mecánica,Suscriptor,Nublado,16.6,0.0,No
V002159,2026-05-25 07:43:41,Zona G,Chapinero,Calle 72,Chapinero,12.7,2.72,Eléctrica,Ocasional,Nublado,17.1,0.0,No
V000171,2026-03-02 14:09:11,Parque Nacional,Santa Fe,Universidad Nacional,Teusaquillo,6.5,1.42,Eléctrica,Suscriptor,Despejado,16.7,0.0,No
V001263,2026-04-03 18:27:10,Parque de la 93,Chapinero,Calle 72,Chapinero,27.9,2.93,Mecánica,Suscriptor,Lluvia,17.7,5.2,No
V002799,2026-02-22 18:21:58,Parque Nacional,Santa Fe,Las Nieves,Santa Fe,15.9,3.56,Mecánica,Suscriptor,Lluvia ligera,15.1,2.1,Sí
V002566,2026-03-12 07:59:15,Parque de los Novios,Barrios Unidos,San Felipe,Barrios Unidos,14.9,2.4,Eléctrica,Suscriptor,Despejado,18.4,0.0,No
V002338,2026-04-01 18:35:41,Parque de la 93,Chapinero,Calle 63,Chapinero,10.5,1.65,Eléctrica,Ocasional,Despejado,18.5,0.0,No
V000220,2026-05-26 08:27:19,Universidad Javeriana,Chapinero,Galerías,Teusaquillo,26.3,5.64,Eléctrica,Suscriptor,Nublado,17.8,0.0,No
V002067,2026-02-13 17:15:11,Calle 100,Usaquén,Parque El Virrey Norte,Usaquén,9.1,2.34,Mecánica,Suscriptor,Despejado,17.8,0.0,No
V001376,2026-05-23 18:55:17,Hacienda Santa Bárbara,Usaquén,Unicentro,Usaquén,6.4,1.24,Mecánica,Ocasional,Despejado,16.6,0.0,Sí
V002326,2026-03-08 13:12:04,Las Nieves,Santa Fe,Parque Nacional,Santa Fe,18.7,3.38,Mecánica,Suscriptor,Lluvia ligera,15.9,2.3,Sí
V001204,2026-04-28 00:49:37,Galerías,Teusaquillo,Las Aguas,La Candelaria,27.7,4.22,Mecánica,Suscriptor,Nublado,,0.0,No
V002095,2026-04-21 15:57:05,Las Nieves,Santa Fe,Centro Internacional,Santa Fe,7.1,1.66,Mecánica,Suscriptor,Lluvia,15.9,5.4,No
V001078,2026-04-17 09:29:32,Corferias,Teusaquillo,Corferias,Teusaquillo,13.2,2.62,Mecánica,Suscriptor,Despejado,19.7,0.0,No
V001189,2026-02-26 19:45:41,Las Nieves,Santa Fe,Las Nieves,Santa Fe,11.7,2.64,Eléctrica,Suscriptor,Lluvia,15.6,4.4,No
V002208,2026-04-24 17:23:00,Zona G,Chapinero,Universidad Javeriana,Chapinero,33.3,7.38,Eléctrica,Ocasional,Nublado,19.0,0.0,No
V002829,2026-05-05 05:51:41,Parque de los Hippies,Chapinero,Universidad Javeriana,Chapinero,14.1,3.36,Eléctrica,Suscriptor,Lluvia,17.0,7.3,No
V001158,2026-04-03 08:57:12,Universidad Javeriana,Chapinero,Universidad Javeriana,Chapinero,10.7,1.86,Eléctrica,Suscriptor,Despejado,18.2,0.0,No
V000641,2026-05-24 08:04:02,Parque El Virrey Norte,Usaquén,Calle 116,Usaquén,9.7,2.13,Mecánica,Suscriptor,Lluvia,16.4,5.9,Sí
V000254,2026-03-29 16:10:24,Simón Bolívar Norte,Barrios Unidos,San Felipe,Barrios Unidos,32.8,5.62,Mecánica,Ocasional,Nublado,17.5,0.0,Sí
V000633,2026-04-12 19:04:58,Parque de la 93,Chapinero,Calle 63,Chapinero,6.1,1.76,Eléctrica,Suscriptor,Despejado,18.0,0.0,Sí
V000841,2026-02-25 02:59:13,Universidad Javeriana,Chapinero,Parque de los Hippies,Chapinero,12.1,2.31,Mecánica,Suscriptor,Despejado,16.5,0.0,No
V001622,2026-04-15 18:02:49,Universidad Javeriana,Chapinero,Parque de la 93,Chapinero,20.0,4.23,Mecánica,Suscriptor,Nublado,13.6,0.0,No
V003099,2026-05-11 13:09:09,Corferias,Teusaquillo,Corferias,Teusaquillo,16.2,2.49,Eléctrica,Suscriptor,Lluvia ligera,21.7,1.0,No
V000296,2026-03-28 13:45:41,Calle 100,Usaquén,Unicentro,Usaquén,15.5,2.18,Mecánica,Suscriptor,Lluvia ligera,18.3,0.7,Sí
V001364,2026-04-03 08:26:22,Parque Nacional,Santa Fe,Parque Nacional,Santa Fe,9.0,1.63,Eléctrica,Suscriptor,Nublado,16.3,0.0,No
V000054,2026-02-14 18:13:09,Parque El Virrey Norte,Usaquén,Hacienda Santa Bárbara,Usaquén,10.9,2.13,Eléctrica,Suscriptor,Despejado,12.9,0.0,Sí
V003100,2026-03-21 13:31:06,Universidad Javeriana,Chapinero,Zona G,Chapinero,17.0,4.05,Eléctrica,Suscriptor,Despejado,17.9,0.0,Sí
V000329,2026-03-14 04:29:05,Universidades Centro,La Candelaria,Plaza de Bolívar,La Candelaria,9.6,3.11,Eléctrica,Suscriptor,Despejado,11.9,0.0,Sí
V002246,2026-05-19 10:21:30,Centro Internacional,Chapinero ,Las Nieves,Santa Fe,20.8,4.05,Mecánica,Suscriptor,Nublado,17.8,0.0,No
V001587,2026-05-21 16:21:54,Zona G,Chapinero,Calle 63,Chapinero,19.5,5.04,Mecánica,Ocasional,Despejado,18.5,0.0,No
V000271,2026-02-15 12:43:29,Corferias,Teusaquillo,Parkway,Teusaquillo,18.4,4.65,Eléctrica,Suscriptor,Nublado,14.1,0.0,Sí
V000302,2026-04-22 16:23:05,Chorro de Quevedo,La Candelaria,Chorro de Quevedo,La Candelaria,11.2,2.33,Eléctrica,Suscriptor,Despejado,16.0,0.0,No
V000366,2026-04-09 09:54:35,Las Aguas,La Candelaria,Plaza de Bolívar,La Candelaria,9.3,1.99,Mecánica,Suscriptor,Nublado,15.6,0.0,No
V001229,2026-03-10 07:20:32,Calle 72,Chapinero,Calle 63,Chapinero,14.5,2.45,Mecánica,Ocasional,Despejado,14.6,0.0,No
V000730,2026-03-30 08:34:05,Centro Internacional,Santa Fe,Parque de los Novios,Barrios Unidos,10.9,2.25,Mecánica,Suscriptor,Nublado,19.2,0.0,No
V002409,2026-02-16 17:56:36,Calle 116,Usaquén,Hacienda Santa Bárbara,Usaquén,26.6,5.08,Mecánica,Suscriptor,Lluvia ligera,,0.9,No
V000639,2026-05-21 17:03:35,Centro Internacional,Santa Fe,Unicentro,Usaquén,13.9,3.05,Mecánica,Suscriptor,Despejado,16.8,0.0,No
V001448,2026-03-09 02:31:55,Simón Bolívar Sur,Teusaquillo,Universidad Nacional,Teusaquillo,14.2,2.06,Mecánica,Suscriptor,Nublado,13.8,0.0,No
V000922,2026-03-23 07:54:20,Zona G,Chapinero,Calle 72,Chapinero,17.5,,Eléctrica,Suscriptor,Nublado,17.6,0.0,No
V001476,2026-02-27 03:53:50,Universidades Centro,La Candelaria,Calle 72,Chapinero,14.3,3.78,Mecánica,Ocasional,Despejado,12.3,0.0,No
V000192,2026-03-08 18:31:13,Universidades Centro,La Candelaria,Chorro de Quevedo,La Candelaria,14.3,2.73,Eléctrica,Ocasional,Nublado,18.6,0.0,Sí
V000799,2026-03-19 08:19:07,Calle 72,Chapinero,Parque de los Hippies,Chapinero,8.7,1.91,Mecánica,Suscriptor,Lluvia,16.6,3.4,No
V001760,2026-05-15 21:26:08,Plaza de Bolívar,La Candelaria,Chorro de Quevedo,La Candelaria,8.9,2.25,Eléctrica,Suscriptor,Despejado,19.1,0.0,No
V001076,2026-02-28 04:07:07,San Felipe,Barrios Unidos,Hacienda Santa Bárbara,Usaquén,18.1,3.61,Eléctrica,Suscriptor,Lluvia,12.5,2.6,Sí
V000375,2026-04-02 12:20:07,Parque Nacional,Santa Fe,Las Nieves,Santa Fe,9.9,1.31,Eléctrica,Suscriptor,Lluvia,16.4,5.0,No
V002797,2026-05-11 17:56:35,Galerías,Teusaquillo,Parkway,Teusaquillo,11.1,2.74,Eléctrica,Suscriptor,Lluvia ligera,18.7,0.7,No
V003136,2026-04-30 08:31:54,Calle 72,Chapinero,Calle 63,Chapinero,12.6,2.85,Mecánica,Suscriptor,Despejado,21.5,0.0,No
V001233,2026-05-16 10:06:58,Museo Nacional,Santa Fe,Parque Nacional,Santa Fe,18.2,3.42,Mecánica,Suscriptor,Lluvia ligera,14.2,2.2,Sí
V000292,2026-03-19 01:27:31,Universidad Javeriana,Chapinero,Parque de los Hippies,Chapinero,8.6,1.39,Eléctrica,Ocasional,Nublado,13.8,0.0,No
V001731,2026-03-10 23:52:21,Calle 100,Usaquén,Unicentro,Usaquén,14.6,2.75,Mecánica,Suscriptor,Despejado,16.4,0.0,No
V001991,2026-04-03 07:52:54,Parque Nacional,Santa Fe,Las Nieves,Santa Fe,8.8,1.53,Mecánica,Suscriptor,Lluvia,15.6,8.3,No
V001616,2026-03-07 17:38:04,Corferias,Teusaquillo,Universidad Nacional,Teusaquillo,5.0,1.17,Eléctrica,Suscriptor,Nublado,18.0,0.0,Sí
V002621,2026-04-01 09:21:05,Unicentro,Usaquén,Centro Internacional,Santa Fe,10.5,1.58,Eléctrica,Suscriptor,Lluvia ligera,15.4,2.0,No
V002853,2026-04-06 07:33:30,Universidad Nacional,Teusaquillo,Parque Nacional,Santa Fe,20.1,4.02,Eléctrica,Suscriptor,Nublado,19.8,0.0,No
V001276,2026-02-26 19:29:32,Simón Bolívar Sur,Teusaquillo,Galerías,Teusaquillo,10.9,2.38,Mecánica,Suscriptor,Despejado,15.5,0.0,No
V001707,2026-03-17 23:46:23,Corferias,Teusaquillo,Universidad Javeriana,Chapinero,23.7,2.49,Mecánica,Suscriptor,Lluvia ligera,19.2,1.4,No
V001160,2026-04-22 01:38:12,Universidad Nacional,Teusaquillo,Corferias,Teusaquillo,12.3,2.56,Mecánica,Suscriptor,Lluvia ligera,16.3,0.6,No
V001114,2026-02-23 18:26:28,Universidad Nacional,Teusaquillo,,Teusaquillo,9.2,1.8,Eléctrica,Suscriptor,Despejado,13.9,0.0,No
V000705,2026-05-09 08:52:44,Calle 80,Barrios Unidos,Parque El Virrey Norte,Usaquén,10.8,2.29,Eléctrica,Suscriptor,Despejado,17.2,0.0,Sí
V002867,2026-03-26 09:44:08,Zona G,Chapinero,Parque de la 93,Chapinero,17.4,3.14,Eléctrica,Ocasional,Despejado,19.0,0.0,No
V001275,2026-03-16 08:41:03,Las Nieves,Santa Fe,Centro Internacional,Santa Fe,10.2,2.12,Eléctrica,Suscriptor,Lluvia ligera,15.2,0.4,No
V002076,2026-03-05 08:32:20,Simón Bolívar Sur,Teusaquillo,Galerías,Teusaquillo,14.1,2.39,Mecánica,Ocasional,Nublado,21.3,0.0,No
V002357,2026-05-25 19:05:36,Zona G,Chapinero,Parque de la 93,Chapinero,25.7,4.19,Mecánica,Ocasional,Nublado,13.5,0.0,No
V000180,2026-02-24 19:50:36,Calle 63,Chapinero,Parque de la 93,Chapinero,15.9,3.21,Eléctrica,Suscriptor,Nublado,16.6,0.0,No
V001365,2026-03-21 04:57:51,Parque de los Novios,Barrios Unidos,Calle 80,Barrios Unidos,15.4,2.65,Mecánica,Suscriptor,Despejado,18.1,0.0,Sí
V000471,2026-04-14 18:16:47,Plaza de Bolívar,La Candelaria,Universidades Centro,La Candelaria,9.0,2.45,Eléctrica,Suscriptor,Lluvia ligera,17.9,0.9,No
V002926,2026-04-17 20:19:33,Galerías,Teusaquillo,Parkway,Teusaquillo,20.5,3.72,Eléctrica,Ocasional,Despejado,13.3,0.0,No
V000489,2026-03-30 01:03:02,Las Aguas,La Candelaria,Parque de la 93,Chapinero,17.6,3.7,Mecánica,Suscriptor,Despejado,21.1,0.0,No
V001912,2026-04-13 07:11:41,Plaza de Bolívar,La Candelaria,Calle 80,Barrios Unidos,17.7,4.41,Eléctrica,,Despejado,14.2,0.0,No
V000936,2026-05-18 19:44:57,Universidad Javeriana,Chapinero,Parque de la 93,Chapinero,15.3,3.38,Mecánica,Ocasional,Despejado,16.5,0.0,No
V002756,2026-03-26 09:08:46,Calle 100,Usaquén,Hacienda Santa Bárbara,Usaquén,9.4,1.96,Eléctrica,Ocasional,Despejado,17.2,0.0,No
V000052,2026-03-15 18:17:14,Simón Bolívar Norte,Barrios Unidos,Parque de la 93,Chapinero,6.9,1.36,Eléctrica,Ocasional,Despejado,19.5,0.0,Sí
V000530,2026-05-26 22:01:38,Plaza de Bolívar,La Candelaria,Simón Bolívar Norte,Barrios Unidos,11.8,2.0,Mecánica,Ocasional,Nublado,16.6,0.0,No
V002332,2026-04-29 08:49:22,Simón Bolívar Sur,Teusaquillo,Corferias,Teusaquillo,10.1,3.09,Eléctrica,Suscriptor,Despejado,18.2,0.0,No
V003094,2026-04-12 20:30:49,Zona G,Chapinero,Zona G,Chapinero,7.5,2.03,Eléctrica,Suscriptor,Lluvia ligera,19.8,1.7,Sí
V002137,2026-04-19 18:12:40,Parque Nacional,Santa Fe,Museo Nacional,Santa Fe,8.5,2.18,Eléctrica,Suscriptor,Despejado,18.9,0.0,Sí
V001546,2026-04-25 18:20:43,Parque de los Hippies,Chapinero,Calle 72,Chapinero,26.7,3.66,Mecánica,Suscriptor,Lluvia ligera,19.7,1.2,Sí
V000064,2026-02-20 18:03:41,Unicentro,Usaquén,Calle 100,Usaquén,3.3,0.7,Eléctrica,Suscriptor,Nublado,12.9,0.0,No
V001037,2026-04-18 09:56:56,San Felipe,Barrios Unidos,Parque de los Novios,Barrios Unidos,9.7,2.44,Eléctrica,Ocasional,Despejado,16.8,0.0,Sí
V001899,2026-03-19 10:06:41,Las Nieves,Santa Fe,Hacienda Santa Bárbara,Usaquén,11.2,2.72,Eléctrica,Suscriptor,Nublado,17.9,0.0,No
V001410,2026-02-16 17:10:21,Corferias,Teusaquillo,Universidad Nacional,Teusaquillo,13.3,2.24,Mecánica,Suscriptor,Lluvia ligera,11.3,2.5,No
V002981,2026-05-26 17:50:24,Parque Nacional,Santa Fe,Universidad Nacional,Teusaquillo,19.7,4.63,Mecánica,Suscriptor,Despejado,17.4,0.0,No
V000211,2026-02-20 18:55:00,Calle 63,Chapinero,Universidad Javeriana,Chapinero,11.1,1.8,Mecánica,Ocasional,Despejado,19.7,0.0,No
V002388,2026-05-01 20:18:12,Parque de los Novios,Barrios Unidos,Universidad Nacional,Teusaquillo,14.3,2.66,Mecánica,Ocasional,Despejado,16.1,0.0,No
V000963,2026-05-27 01:20:27,Calle 116,Usaquén,Calle 116,Usaquén,8.8,1.49,Mecánica,Suscriptor,Nublado,17.5,0.0,No
V002373,2026-05-25 15:02:21,Chorro de Quevedo,La Candelaria,Las Aguas,La Candelaria,17.0,3.6,Mecánica,Suscriptor,Despejado,15.0,0.0,No
V000896,2026-05-10 19:17:45,Parque de los Novios,Barrios Unidos,Zona G,Chapinero,12.9,2.13,Eléctrica,Ocasional,Nublado,13.9,0.0,Sí
V002879,2026-03-26 19:59:08,Universidad Nacional,Teusaquillo,Parkway,Teusaquillo,14.2,3.14,Eléctrica,Suscriptor,lluvia ligera,14.6,0.0,No
V001190,2026-05-17 09:44:40,Zona G,Chapinero,Parque de la 93,Chapinero,12.9,2.05,Mecánica,Suscriptor,Nublado,17.0,0.0,Sí
V001367,2026-05-19 18:59:11,Calle 80,Barrios Unidos,Parque de los Novios,Barrios Unidos,12.8,2.45,Mecánica,Suscriptor,Nublado,17.5,0.0,No
V002646,2026-04-19 17:44:19,Calle 63,Chapinero,Calle 116,Usaquén,24.2,4.98,Mecánica,Suscriptor,Nublado,21.2,0.0,Sí
V001398,2026-03-22 09:04:32,Museo Nacional,Santa Fe,Parque Nacional,Santa Fe,9.3,1.49,Mecánica,Suscriptor,Despejado,17.9,0.0,Sí
V000340,2026-02-23 01:38:38,Corferias,Teusaquillo,Parque de la 93,Chapinero,18.9,3.0,Mecánica,Ocasional,Lluvia,17.8,9.3,No
V003171,2026-03-25 22:21:22,Museo Nacional,Santa Fe,Corferias,Teusaquillo,16.4,2.88,Mecánica,Suscriptor,Despejado,13.4,0.0,No
V002390,2026-04-11 11:34:00,Museo Nacional,Santa Fe,Las Nieves,Santa Fe,10.3,2.94,Mecánica,Suscriptor,Nublado,20.4,0.0,Sí
V002948,2026-03-02 01:43:58,Calle 100,Usaquén,Universidad Javeriana,Chapinero,30.3,6.02,Mecánica,Suscriptor,Lluvia,17.2,8.3,No
V002626,2026-05-07 10:20:25,Parque de los Novios,Barrios Unidos,Calle 80,Barrios Unidos,8.7,1.4,Eléctrica,Ocasional,Lluvia,14.6,3.9,No
V001588,2026-02-14 08:35:34,Parkway,Teusaquillo,Galerías,Teusaquillo,8.7,1.48,Eléctrica,Suscriptor,Nublado,17.2,0.0,Sí
V001785,2026-04-03 07:12:56,San Felipe,Barrios Unidos,Centro Internacional,Santa Fe,24.1,4.5,Mecánica,Suscriptor,Nublado,17.4,0.0,No
V002285,2026-05-12 17:04:05,Parkway,Teusaquillo,Universidad Nacional,Teusaquillo,18.9,3.51,Mecánica,Suscriptor,Despejado,21.6,0.0,No
V002947,2026-03-20 18:04:00,Zona G,Chapinero,Parque de los Hippies,Chapinero,11.8,2.18,Mecánica,Suscriptor,Nublado,18.6,0.0,No
V003113,2026-04-14 07:09:49,Calle 116,Usaquén,Hacienda Santa Bárbara,Usaquén,8.9,1.23,Mecánica,Suscriptor,Despejado,16.3,0.0,No
V002670,2026-05-15 18:17:44,Calle 100,Usaquén,Parque de los Novios,Barrios Unidos,13.0,2.35,Eléctrica,Suscriptor,Nublado,16.5,0.0,No
V001083,2026-05-20 19:48:58,Parque Nacional,Santa Fe,Chorro de Quevedo,La Candelaria,11.8,2.99,Eléctrica,Suscriptor,Lluvia ligera,18.2,1.4,No
V001147,2026-04-07 18:33:33,Calle 63,Chapinero,Las Aguas,La Candelaria,14.0,3.07,Eléctrica,Suscriptor,Lluvia,13.5,7.6,No
V000021,2026-05-20 03:34:26,Universidades Centro,La Candelaria,Chorro de Quevedo,La Candelaria,22.1,4.61,Mecánica,Suscriptor,Despejado,14.3,0.0,No
V003132,2026-02-04 17:04:30,Universidad Nacional,Teusaquillo,Galerías,Teusaquillo,10.3,1.72,Mecánica,Suscriptor,Nublado,11.8,0.0,No
V002131,2026-02-20 11:52:38,Las Nieves,Santa Fe,Centro Internacional,Santa Fe,11.8,2.25,Eléctrica,Ocasional,Nublado,14.4,0.0,No
V002737,2026-02-20 08:20:04,Parque de la 93,Chapinero,Zona G,Chapinero,16.6,4.76,Eléctrica,Suscriptor,Nublado,14.5,0.0,No
V001348,2026-05-31 19:10:43,Plaza de Bolívar,La Candelaria,Las Aguas,La Candelaria,16.8,3.15,Mecánica,Ocasional,Despejado,19.5,0.0,Sí
V001430,2026-03-23 10:47:18,Calle 72,Chapinero,Centro Internacional,Santa Fe,11.4,2.21,Mecánica,Suscriptor,Despejado,16.0,0.0,No
V000355,2026-04-07 17:52:29,Zona G,Chapinero,Universidad Javeriana,Chapinero,21.6,5.07,Mecánica,Suscriptor,Despejado,16.4,0.0,No
V002976,2026-04-01 22:12:10,Chorro de Quevedo,La Candelaria,Universidad Nacional,Teusaquillo,19.3,3.81,Mecánica,Suscriptor,Lluvia ligera,18.2,1.4,No
V001039,2026-04-14 07:41:58,Corferias,Teusaquillo,Calle 80,Barrios Unidos,8.3,1.58,Eléctrica,,Nublado,19.0,0.0,No
V002330,2026-05-04 06:43:15,Galerías,Teusaquillo,Corferias,Teusaquillo,10.1,1.35,Mecánica,Suscriptor,Despejado,17.8,0.0,No
V002660,2026-02-12 08:17:48,Museo Nacional,Santa Fe,Museo Nacional,Santa Fe,8.8,1.75,Eléctrica,Ocasional,Nublado,10.7,0.0,No
V002177,2026-03-09 07:09:03,Corferias,Teusaquillo,Plaza de Bolívar,La Candelaria,13.1,2.47,Mecánica,Suscriptor,Despejado,18.8,0.0,No
V001193,2026-05-13 12:05:53,Universidad Javeriana,Chapinero,Parque de los Hippies,Chapinero,16.4,3.62,Eléctrica,Suscriptor,Nublado,16.9,0.0,No
V003051,2026-05-09 18:37:51,Parque El Virrey Norte,Usaquén,Centro Internacional,Santa Fe,16.1,3.07,Mecánica,Ocasional,Despejado,19.1,0.0,Sí
V002406,2026-03-16 08:03:17,Parque de los Hippies,Chapinero,Calle 63,Chapinero,10.6,1.07,Mecánica,Suscriptor,Nublado,17.8,0.0,No
V000059,2026-04-21 19:29:55,Calle 72,Chapinero,Universidad Javeriana,Chapinero,24.1,6.04,Eléctrica,Suscriptor,Despejado,17.6,0.0,No
V002720,2026-03-10 23:49:07,Zona G,Chapinero,Zona G,Chapinero,5.2,1.1,Mecánica,Suscriptor,Nublado,17.7,0.0,No
V002188,2026-04-22 20:39:11,Parque de la 93,Chapinero,Zona G,Chapinero,13.0,2.18,Eléctrica,Suscriptor,Despejado,18.4,0.0,No
V002096,2026-03-12 12:38:57,Calle 72,Chapinero,Universidad Nacional,Teusaquillo,11.4,2.35,Mecánica,Suscriptor,Nublado,19.0,0.0,No
V001532,2026-04-26 17:26:59,Calle 80,Barrios Unidos,Calle 80,Barrios Unidos,5.2,0.75,Eléctrica,Ocasional,Despejado,20.0,0.0,Sí
V001847,2026-04-04 19:53:50,Calle 100,Usaquén,Calle 116,Usaquén,23.2,3.84,Mecánica,Ocasional,Despejado,17.9,0.0,Sí
V000215,2026-02-15 09:14:52,Corferias,Teusaquillo,Corferias,Teusaquillo,8.0,1.98,Eléctrica,Suscriptor,Lluvia ligera,15.4,0.2,Sí
V001716,2026-03-31 15:58:21,Parque de la 93,Chapinero,Museo Nacional,Santa Fe,23.5,3.33,Mecánica,Ocasional,Despejado,16.8,0.0,No
V001172,2026-04-18 07:01:49,Las Aguas,La Candelaria,Plaza de Bolívar,La Candelaria,13.8,2.59,Mecánica,Suscriptor,Lluvia ligera,16.9,1.1,Sí
V002495,2026-03-31 18:45:24,Chorro de Quevedo,La Candelaria,Las Nieves,Santa Fe,19.2,4.05,Mecánica,Ocasional,Despejado,14.5,0.0,No
V001555,2026-03-01 08:55:53,Parque El Virrey Norte,Usaquén,Parque Nacional,Santa Fe,12.6,2.72,Eléctrica,Suscriptor,Despejado,16.7,0.0,Sí
V002281,2026-03-02 10:33:34,Hacienda Santa Bárbara,Usaquén,Calle 116,Usaquén,13.5,3.91,Mecánica,Suscriptor,Nublado,18.1,0.0,No
V000736,2026-04-25 08:28:35,Parque El Virrey Norte,Usaquén,Calle 116,Usaquén,10.7,2.33,Eléctrica,Suscriptor,Nublado,17.6,0.0,Sí
V000721,2026-02-15 19:19:10,Parque Nacional,Santa Fe,Centro Internacional,Santa Fe,12.3,3.15,Mecánica,Ocasional,Nublado,12.2,0.0,Sí
V002426,2026-04-30 01:02:58,Parque de la 93,Chapinero,Parque de los Hippies,Chapinero,9.0,1.83,Mecánica,Suscriptor,Nublado,18.0,0.0,No
V000454,2026-04-16 23:39:52,Las Nieves,Santa Fe,Parque Nacional,Santa Fe,7.4,1.76,Eléctrica,Suscriptor,Nublado,15.8,0.0,No
V002311,2026-05-04 11:30:00,Centro Internacional,Santa Fe,Parque Nacional,Santa Fe,13.3,2.3,Eléctrica,Suscriptor,Lluvia ligera,19.3,1.8,No
V002412,2026-02-06 18:30:27,Parque El Virrey Norte,Usaquén,Museo Nacional,Santa Fe,15.3,2.32,Mecánica,Suscriptor,Despejado,16.3,0.0,No
V000885,2026-05-30 21:30:35,Universidad Nacional,Teusaquillo,Universidad Javeriana,Chapinero,19.3,4.55,Mecánica,Suscriptor,Despejado,18.7,0.0,Sí
V000214,2026-02-13 16:31:20,Unicentro,Usaquén,Parque El Virrey Norte,Usaquén,4.2,0.99,Eléctrica,Suscriptor,Nublado,14.8,0.0,No
V001705,2026-05-02 22:19:26,Parque Nacional,Santa Fe,Museo Nacional,Santa Fe,3.9,0.8,Eléctrica,Suscriptor,Lluvia ligera,17.6,1.8,Sí
V001484,2026-05-10 05:56:02,Universidades Centro,La Candelaria,Plaza de Bolívar,La Candelaria,13.4,2.3,Eléctrica,Ocasional,Despejado,14.1,0.0,Sí
V001084,2026-02-18 08:10:02,Zona G,Chapinero,Las Nieves,Santa Fe,30.5,6.64,Eléctrica,Ocasional,Nublado,15.1,0.0,No
V000342,2026-02-22 18:28:32,Calle 100,Usaquén,Calle 100,Usaquén,5.0,0.96,Mecánica,Suscriptor,Despejado,9.1,0.0,Sí
V000148,2026-05-16 09:05:08,Galerías,Teusaquillo,Galerías,Teusaquillo,3.6,0.89,Eléctrica,Suscriptor,Lluvia,21.7,7.8,Sí
V001091,2026-02-27 07:12:21,Parque de los Novios,Barrios Unidos,Simón Bolívar Norte,Barrios Unidos,9.6,1.87,Eléctrica,Ocasional,Nublado,14.8,0.0,No
V002608,2026-02-16 04:16:22,Zona G,Chapinero,Parque de la 93,Chapinero,12.3,4.05,Eléctrica,Suscriptor,Nublado,16.3,0.0,No
V001168,2026-05-18 08:25:23,Las Nieves,Santa Fe,Las Nieves,Santa Fe,6.4,0.75,Mecánica,Suscriptor,Despejado,15.9,0.0,No
V001804,2026-03-22 18:10:49,Corferias,Teusaquillo,,Usaquén,22.4,4.22,Mecánica,Suscriptor,Despejado,17.4,0.0,Sí
V000218,2026-05-29 18:38:50,Plaza de Bolívar,La Candelaria,Universidades Centro,La Candelaria,14.0,3.76,Eléctrica,Suscriptor,Nublado,13.5,0.0,No
V002419,2026-04-02 19:59:16,Parque de los Hippies,Chapinero,Universidad Javeriana,Chapinero,8.1,1.22,Eléctrica,Suscriptor,Despejado,18.9,0.0,No
V003090,2026-04-09 08:07:45,Parque de los Hippies,Chapinero,Calle 72,Chapinero,8.7,1.88,Eléctrica,Suscriptor,Despejado,15.5,0.0,No
V000453,2026-05-09 11:31:21,Museo Nacional,Santa Fe,Corferias,Teusaquillo,21.0,4.26,Mecánica,Suscriptor,Nublado,21.1,0.0,Sí
V001277,2026-04-19 01:09:10,Calle 100,Usaquén,Parque El Virrey Norte,Usaquén,21.9,4.66,Eléctrica,Suscriptor,Despejado,17.5,0.0,Sí
V001268,2026-05-19 19:06:11,Galerías,Teusaquillo,Corferias,Teusaquillo,10.4,2.1,Eléctrica,Suscriptor,Despejado,16.2,0.0,No
V001359,2026-04-08 19:07:51,Museo Nacional,Santa Fe,Las Nieves,Santa Fe,14.2,2.97,Mecánica,Suscriptor,Lluvia ligera,17.4,0.2,No
V000781,2026-04-27 08:46:44,Centro Internacional,Santa Fe,Museo Nacional,Santa Fe,10.9,2.79,Eléctrica,Suscriptor,Despejado,19.8,0.0,No
V001577,2026-03-02 11:00:40,Las Nieves,Santa Fe,Parque Nacional,Santa Fe,14.8,3.62,Eléctrica,Suscriptor,Despejado,14.6,0.0,No
V000768,2026-05-16 06:09:47,Universidad Nacional,Teusaquillo,Galerías,Teusaquillo,15.4,3.31,Eléctrica,Suscriptor,Nublado,18.7,0.0,Sí
V001708,2026-05-31 19:09:30,Las Aguas,La Candelaria,Parkway,Teusaquillo,14.2,3.39,Eléctrica,Suscriptor,Lluvia ligera,15.3,0.4,Sí
V001876,2026-02-20 01:00:43,Hacienda Santa Bárbara,Usaquén,Las Aguas,La Candelaria,12.1,1.82,Eléctrica,Suscriptor,Lluvia ligera,15.5,1.2,No
V001992,2026-04-12 09:28:41,Galerías,Teusaquillo,Galerías,Teusaquillo,5.0,0.85,Mecánica,Suscriptor,Nublado,16.9,0.0,Sí
V001559,2026-03-12 18:34:33,Simón Bolívar Sur,Teusaquillo,Parkway,Teusaquillo,12.7,3.4,Eléctrica,Ocasional,Nublado,17.9,0.0,No
V000033,2026-04-16 18:24:38,Simón Bolívar Sur,Teusaquillo,Universidad Nacional,Teusaquillo,11.6,2.33,Eléctrica,Suscriptor,Nublado,20.9,0.0,No
V002225,2026-03-13 18:11:05,Galerías,Teusaquillo,Parkway,Teusaquillo,9.6,1.91,Eléctrica,Suscriptor,Nublado,17.7,0.0,No
V002143,2026-02-17 09:19:39,Calle 80,Barrios Unidos,Parque Nacional,Santa Fe,26.5,4.74,Mecánica,Suscriptor,Lluvia,18.6,8.1,No
V002260,2026-04-11 08:56:16,Plaza de Bolívar,La Candelaria,,Chapinero,9.6,2.39,Eléctrica,Suscriptor,Despejado,19.7,0.0,Sí
V002228,2026-04-20 15:51:49,Corferias,Teusaquillo,Universidades Centro,La Candelaria,16.6,3.95,Eléctrica,Suscriptor,Nublado,19.4,0.0,No
V001217,2026-02-14 17:50:32,Zona G,Chapinero,Parque de la 93,Chapinero,10.1,2.61,Eléctrica,Ocasional,Nublado,13.3,0.0,Sí
V000627,2026-03-30 19:23:39,Calle 63,Chapinero,Parque de los Hippies,Chapinero,10.9,1.58,Mecánica,Suscriptor,Nublado,19.5,0.0,No
V000787,2026-03-18 00:31:30,Universidad Javeriana,Chapinero,Universidad Javeriana,Chapinero,15.4,2.94,Eléctrica,Suscriptor,Despejado,11.8,0.0,No
V002576,2026-04-04 19:00:11,Museo Nacional,Santa Fe,Las Nieves,Santa Fe,10.9,1.75,Mecánica,Ocasional,Lluvia,17.6,7.4,Sí
V002333,2026-04-05 19:05:51,Unicentro,Usaquén,Calle 116,Usaquén,180.0,3.62,Mecánica,Suscriptor,Nublado,,0.0,Sí
V000076,2026-02-12 01:04:40,Parque de la 93,Chapinero,Zona G,Chapinero,8.7,1.43,Eléctrica,Suscriptor,Lluvia ligera,12.3,1.2,No
V002912,2026-03-30 08:06:32,Parque de los Hippies,Chapinero,Parque de la 93,Chapinero,7.1,1.39,Eléctrica,Ocasional,Despejado,17.6,0.0,No
V001295,2026-05-11 08:41:17,Parque Nacional,Santa Fe,Museo Nacional,Santa Fe,16.0,4.05,Eléctrica,Suscriptor,Despejado,18.1,0.0,No
V002265,2026-04-08 02:01:32,Universidad Javeriana,Chapinero,Calle 80,Barrios Unidos,23.1,4.81,Eléctrica,Suscriptor,Despejado,17.3,0.0,No
V002115,2026-03-14 13:49:06,Universidad Nacional,Teusaquillo,Zona G,Chapinero,10.9,2.73,Eléctrica,Ocasional,Despejado,15.4,0.0,Sí
V001142,2026-03-08 19:39:24,Universidades Centro,La Candelaria,Universidades Centro,La Candelaria,4.5,0.99,Eléctrica,Suscriptor,Nublado,13.6,0.0,Sí
V000151,2026-05-17 08:45:04,Unicentro,Usaquén,Las Nieves,Santa Fe,12.1,1.74,Mecánica,Ocasional,Nublado,13.4,0.0,Sí
V002520,2026-03-09 06:02:53,Universidad Javeriana,Chapinero,Museo Nacional,Santa Fe,19.7,5.03,Eléctrica,Suscriptor,Lluvia,13.2,10.5,No
V003085,2026-02-15 17:31:40,Universidad Nacional,Teusaquillo,Universidad Javeriana,Chapinero,18.9,3.44,Eléctrica,Ocasional,Lluvia,14.7,3.2,Sí
V001433,2026-05-03 02:37:15,Calle 80,Barrios Unidos,Galerías,Teusaquillo,7.3,1.38,Mecánica,Suscriptor,Lluvia,13.3,8.1,Sí
V002514,2026-03-12 15:39:44,Centro Internacional,Santa Fe,Centro Internacional,Santa Fe,5.7,1.42,Mecánica,Suscriptor,Lluvia ligera,19.3,1.6,No
V000485,2026-04-17 07:21:11,Calle 63,Chapinero,Universidad Javeriana,Chapinero,10.3,2.09,Mecánica,Suscriptor,Despejado,16.5,0.0,No
V001983,2026-05-11 18:46:36,Universidad Nacional,Teusaquillo,Galerías,Teusaquillo,12.0,1.39,Eléctrica,Ocasional,Despejado,,0.0,No
V001278,2026-02-03 01:21:38,Las Nieves,Santa Fe,Parque de la 93,Chapinero,48.3,8.81,Eléctrica,Suscriptor,Despejado,13.2,0.0,No
V000839,2026-04-08 17:56:33,Las Aguas,La Candelaria,Universidades Centro,La Candelaria,16.2,3.38,Eléctrica,Ocasional,Despejado,18.2,0.0,No
V000872,2026-04-17 02:47:48,Calle 72,Chapinero,Zona G,Chapinero,10.4,1.11,Mecánica,Suscriptor,Despejado,18.9,0.0,No
V000650,2026-02-05 19:19:29,Parque Nacional,Santa Fe,Museo Nacional,Santa Fe,14.8,2.06,Mecánica,Suscriptor,Nublado,16.3,0.0,No
V001491,2026-02-26 04:47:30,Parque de los Hippies,Chapinero,Parque de los Hippies,Chapinero,7.4,1.77,Eléctrica,Suscriptor,Despejado,11.9,0.0,No
V002667,2026-02-20 10:51:37,Chorro de Quevedo,La Candelaria,Galerías,Teusaquillo,11.8,1.67,Mecánica,Ocasional,Nublado,18.1,0.0,No
V001219,2026-03-15 22:51:27,Parque de los Novios,Barrios Unidos,Calle 72,Chapinero,10.8,1.73,Mecánica,Suscriptor,Despejado,13.3,0.0,Sí
V000570,2026-04-07 19:32:53,Galerías,Teusaquillo,Simón Bolívar Sur,Teusaquillo,4.9,1.32,Eléctrica,Ocasional,Despejado,20.1,0.0,No
V000853,2026-02-14 18:14:24,Parque Nacional,Santa Fe,Centro Internacional,Santa Fe,10.5,1.61,Mecánica,Suscriptor,Nublado,13.3,0.0,Sí
V001354,2026-05-20 18:58:37,Simón Bolívar Sur,Teusaquillo,Galerías,Teusaquillo,13.3,2.29,Mecánica,Suscriptor,Lluvia ligera,15.1,1.5,No
V000518,2026-04-21 12:05:54,Corferias,Teusaquillo,Universidades Centro,La Candelaria,9.0,2.07,Eléctrica,Ocasional,Despejado,20.3,0.0,No
V002348,2026-05-17 09:10:18,Parque de los Hippies,Chapinero,Parque de los Hippies,Chapinero,6.5,1.26,Eléctrica,Suscriptor,Lluvia ligera,16.1,0.8,Sí
V001313,2026-02-26 07:06:01,Centro Internacional,Santa Fe,Universidad Javeriana,Chapinero,15.7,4.84,Eléctrica,Ocasional,Despejado,14.3,0.0,No
V002432,2026-05-10 18:16:22,Las Aguas,La Candelaria,Parque Nacional,Santa Fe,14.0,2.79,Eléctrica,Suscriptor,Lluvia,15.8,7.5,Sí
V002813,2026-04-18 19:23:19,Parque Nacional,Santa Fe,San Felipe,Barrios Unidos,16.1,3.41,Mecánica,Suscriptor,Despejado,14.6,0.0,Sí
V001443,2026-03-09 07:54:04,Las Nieves,Santa Fe,Centro Internacional,Santa Fe,25.5,5.52,Mecánica,Suscriptor,Lluvia,17.0,4.3,No
V000193,2026-04-08 08:17:56,Chorro de Quevedo,La Candelaria,Chorro de Quevedo,La Candelaria,9.5,2.06,Mecánica,Suscriptor,Despejado,15.6,0.0,No
V001135,2026-04-11 10:11:54,Parkway,Teusaquillo,Hacienda Santa Bárbara,Usaquén,7.4,1.73,Eléctrica,Suscriptor,Nublado,15.1,0.0,Sí
V001618,2026-02-24 23:45:28,Las Nieves,Santa Fe,,Santa Fe,12.5,2.91,Eléctrica,Suscriptor,Nublado,14.3,0.0,No
V002733,2026-02-05 19:37:36,Calle 100,Usaquén,Calle 116,Usaquén,6.8,1.45,Mecánica,Suscriptor,Despejado,14.4,0.0,No
V002888,2026-03-15 20:15:08,Las Aguas,La Candelaria,Universidades Centro,La Candelaria,10.5,2.21,Mecánica,Suscriptor,Despejado,16.4,0.0,Sí
V000073,2026-05-24 19:47:34,Parkway,Teusaquillo,Universidad Nacional,Teusaquillo,14.5,2.19,Mecánica,Suscriptor,Despejado,17.5,0.0,Sí
V002235,2026-02-17 17:13:30,Simón Bolívar Sur,Teusaquillo,Zona G,Chapinero,30.4,5.51,Eléctrica,Suscriptor,Nublado,18.4,0.0,No
V001777,2026-04-27 11:24:38,Centro Internacional,Santa Fe,Parkway,Teusaquillo,22.7,4.05,Mecánica,Suscriptor,Despejado,15.6,0.0,No
V000763,2026-03-19 17:16:42,Parque Nacional,Santa Fe,Las Nieves,Santa Fe,29.6,5.83,Eléctrica,Suscriptor,Lluvia ligera,17.1,0.9,No
V002961,2026-03-08 16:04:30,Zona G,Chapinero,Universidad Javeriana,Chapinero,5.6,1.22,Eléctrica,Suscriptor,Despejado,15.3,0.0,Sí
V000090,2026-05-14 17:02:32,Galerías,Teusaquillo,Simón Bolívar Sur,Teusaquillo,5.7,1.22,Eléctrica,Suscriptor,Nublado,21.3,0.0,No
V003179,2026-04-20 13:23:00,Calle 80,Barrios Unidos,Simón Bolívar Norte,Barrios Unidos,4.4,0.9,Eléctrica,Suscriptor,Lluvia,22.1,9.9,No
V000978,2026-05-21 03:00:14,Calle 116,Usaquén,Calle 63,Chapinero,12.0,2.69,Eléctrica,Ocasional,Nublado,16.9,0.0,No
V000018,2026-04-13 18:22:13,Chorro de Quevedo,La Candelaria,Zona G,Chapinero,18.8,3.98,Mecánica,Suscriptor,Despejado,20.0,0.0,No
V002932,2026-04-23 17:35:31,Parque Nacional,Santa Fe,Centro Internacional,Santa Fe,11.1,1.73,Mecánica,Suscriptor,Despejado,18.6,0.0,No
V001828,2026-04-11 18:31:05,San Felipe,Barrios Unidos,Plaza de Bolívar,La Candelaria,10.7,1.86,Mecánica,Suscriptor,Nublado,14.2,0.0,Sí
V000665,2026-04-24 08:35:31,Simón Bolívar Sur,Teusaquillo,Parkway,Teusaquillo,10.5,1.54,Mecánica,Suscriptor,Despejado,17.8,0.0,No
V002441,2026-04-08 08:12:12,Plaza de Bolívar,La Candelaria,Universidades Centro,La Candelaria,9.9,2.02,Mecánica,Suscriptor,Despejado,18.6,0.0,No
V002922,2026-03-28 17:22:56,Parkway,Teusaquillo,Galerías,Teusaquillo,19.1,3.25,Mecánica,Suscriptor,Despejado,19.1,0.0,Sí
V000116,2026-05-24 17:44:39,Calle 72,Chapinero,Zona G,Chapinero,4.8,1.24,Eléctrica,Ocasional,Lluvia,14.9,7.1,Sí
V001632,2026-05-04 19:29:26,Parkway,Teusaquillo,Simón Bolívar Sur,Teusaquillo,17.3,4.39,Mecánica,Suscriptor,Despejado,18.5,0.0,No
V000848,2026-02-19 18:00:13,Parque El Virrey Norte,Usaquén,Calle 63,Chapinero,13.0,1.94,Mecánica,Ocasional,Lluvia ligera,13.8,1.2,No
V001806,2026-04-06 14:17:00,Centro Internacional,Santa Fe,Unicentro,Usaquén,14.7,2.89,Mecánica,Suscriptor,Nublado,21.3,0.0,No
V000752,2026-04-15 18:24:55,Calle 72,Chapinero,Parque de la 93,Chapinero,8.5,1.82,Mecánica,Suscriptor,Despejado,12.9,0.0,No
V001224,2026-04-04 19:24:58,Parque Nacional,Santa Fe,Plaza de Bolívar,La Candelaria,14.7,3.62,Eléctrica,Suscriptor,Despejado,18.0,0.0,Sí
V001299,2026-02-23 18:30:43,Calle 72,Chapinero,Calle 63,Chapinero,25.5,4.5,Mecánica,Suscriptor,Despejado,14.7,0.0,No
V002204,2026-04-28 11:54:43,Simón Bolívar Norte,Barrios Unidos,San Felipe,Barrios Unidos,27.5,4.69,Mecánica,Suscriptor,Despejado,18.2,0.0,No
V000263,2026-05-19 04:07:17,Galerías,Teusaquillo,Galerías,Teusaquillo,4.9,0.8,Eléctrica,Ocasional,Despejado,16.9,0.0,No
V000525,2026-03-04 23:21:27,Parque Nacional,Santa Fe,Las Nieves,Santa Fe,27.4,6.36,Eléctrica,Suscriptor,Nublado,18.3,0.0,No
V001681,2026-03-09 22:27:02,San Felipe,Barrios Unidos,Simón Bolívar Norte,Barrios Unidos,9.8,2.11,Eléctrica,Suscriptor,Lluvia ligera,15.8,1.6,No
V000869,2026-04-16 22:21:25,Parkway,Teusaquillo,Centro Internacional,Santa Fe,15.4,2.5,Mecánica,Suscriptor,Despejado,15.1,0.0,No
V001682,2026-05-13 16:16:59,Calle 72,Chapinero,Universidad Javeriana,Chapinero,5.7,1.29,Eléctrica,Suscriptor,Lluvia,17.5,10.9,No
V000946,2026-04-24 09:11:22,Universidad Javeriana,Chapinero,Calle 63,Chapinero,23.8,4.1,Eléctrica,Ocasional,Nublado,17.9,0.0,No
V000299,2026-02-27 13:26:14,Calle 63,Chapinero,Calle 63,Chapinero,8.5,1.18,Mecánica,Suscriptor,Despejado,21.7,0.0,No
V002610,2026-03-11 08:15:27,Las Nieves,Santa Fe,Parque Nacional,Santa Fe,13.7,1.92,Eléctrica,Suscriptor,Despejado,18.7,0.0,No
V001194,2026-04-15 22:59:03,Plaza de Bolívar,La Candelaria,Museo Nacional,Santa Fe,19.6,3.2,Mecánica,Suscriptor,Lluvia ligera,16.2,0.2,No
V002381,2026-02-26 18:41:59,Las Nieves,Santa Fe,Plaza de Bolívar,La Candelaria,17.2,4.32,Eléctrica,Suscriptor,Nublado,16.7,0.0,No
V002645,2026-03-25 05:43:49,Calle 72,Chapinero,Zona G,Chapinero,29.8,5.17,Eléctrica,Ocasional,Nublado,18.7,0.0,No
V000761,2026-04-27 18:51:18,Centro Internacional,Santa Fe,Parque Nacional,Santa Fe,11.3,1.59,Mecánica,Ocasional,Despejado,17.3,0.0,No
V000513,2026-03-16 08:07:12,Galerías,Teusaquillo,Simón Bolívar Sur,Teusaquillo,9.8,2.15,Eléctrica,Ocasional,Nublado,16.3,0.0,No
V000038,2026-05-10 09:58:06,Galerías,Teusaquillo,Simón Bolívar Norte,Barrios Unidos,14.3,3.76,Eléctrica,Ocasional,Lluvia,19.2,7.2,Sí
V002567,2026-03-11 20:00:03,Hacienda Santa Bárbara,Usaquén,Parque Nacional,Santa Fe,18.5,2.74,Mecánica,Suscriptor,Lluvia ligera,12.2,1.4,No
V002693,2026-02-22 08:05:21,Las Nieves,Santa Fe,Museo Nacional,Santa Fe,14.0,2.93,Mecánica,Suscriptor,Nublado,13.5,0.0,Sí
V001471,2026-04-07 08:59:48,Universidades Centro,La Candelaria,Plaza de Bolívar,La Candelaria,16.1,3.59,Mecánica,Suscriptor,Despejado,24.5,0.0,No
V000399,2026-05-11 18:12:57,Universidad Nacional,Teusaquillo,Simón Bolívar Sur,Teusaquillo,7.2,1.44,Mecánica,Suscriptor,Lluvia ligera,17.8,1.7,No
V001611,2026-04-24 00:48:59,San Felipe,Barrios Unidos,Parkway,Teusaquillo,20.4,4.27,Mecánica,Suscriptor,Nublado,16.0,0.0,No
V001258,2026-04-11 08:23:07,Universidad Javeriana,Chapinero,Hacienda Santa Bárbara,Usaquén,11.6,1.77,Mecánica,Suscriptor,Despejado,19.2,0.0,Sí
V001325,2026-03-09 16:54:06,San Felipe,Barrios Unidos,Calle 80,Barrios Unidos,12.7,1.76,Mecánica,Suscriptor,Nublado,18.7,0.0,No
V001601,2026-02-13 20:13:03,Simón Bolívar Norte,Barrios Unidos,Simón Bolívar Norte,Barrios Unidos,14.0,2.51,Mecánica,Suscriptor,Despejado,16.3,0.0,No
V001444,2026-03-29 05:36:42,Calle 116,Usaquén,Parque Nacional,Santa Fe,18.5,,Mecánica,Suscriptor,Nublado,16.1,0.0,Sí
V003046,2026-04-16 08:18:54,Parque de la 93,Chapinero,,Chapinero,10.4,2.28,Eléctrica,Ocasional,Nublado,19.6,0.0,No
V002308,2026-05-25 18:12:52,Calle 72,Chapinero,Parque de la 93,Chapinero,14.3,3.0,Mecánica,Ocasional,Nublado,17.2,0.0,No
V000396,2026-04-02 05:59:03,Plaza de Bolívar,La Candelaria,Universidades Centro,La Candelaria,32.2,5.35,Mecánica,Suscriptor,Nublado,16.2,0.0,No
V000095,2026-04-08 18:13:43,Parque de la 93,Chapinero,Zona G,Chapinero,22.5,3.58,Mecánica,Suscriptor,Nublado,20.4,0.0,No
V000859,2026-04-10 04:39:12,Parque Nacional,Santa Fe,Corferias,Teusaquillo,25.0,,Mecánica,Ocasional,Nublado,18.8,0.0,No
V001513,2026-05-30 03:24:42,Centro Internacional,Santa Fe,Las Nieves,Santa Fe,13.5,3.91,Eléctrica,Ocasional,Lluvia ligera,19.4,0.8,Sí
V002669,2026-02-05 23:40:46,Calle 63,Chapinero,Zona G,Chapinero,7.8,1.51,Mecánica,Suscriptor,Despejado,19.3,0.0,No
V001885,2026-05-02 19:29:26,Parkway,Teusaquillo,Universidad Nacional,Teusaquillo,16.7,3.92,Eléctrica,Suscriptor,Nublado,18.3,0.0,Sí
V001181,2026-05-28 19:38:56,Museo Nacional,Santa Fe,Centro Internacional,Santa Fe,5.4,0.85,Mecánica,Suscriptor,Nublado,19.8,0.0,No
V001694,2026-02-03 23:06:05,Calle 80,Barrios Unidos,Parque de los Hippies,Chapinero,15.8,2.63,Mecánica,Suscriptor,Lluvia,13.4,4.6,No
V000010,2026-02-19 18:22:54,Parque de los Novios,Barrios Unidos,Universidad Javeriana,Chapinero,13.3,2.44,Eléctrica,Ocasional,Despejado,14.4,0.0,No
V003174,2026-03-07 07:13:33,Zona G,Chapinero,Universidad Javeriana,Chapinero,7.3,1.29,Mecánica,Suscriptor,Despejado,17.2,0.0,Sí
V001040,2026-03-31 20:20:18,Plaza de Bolívar,La Candelaria,Chorro de Quevedo,La Candelaria,9.6,1.31,Mecánica,Suscriptor,Despejado,16.7,0.0,No
V002822,2026-05-08 08:51:43,Unicentro,Usaquén,Calle 100,Usaquén,36.1,5.38,Mecánica,Suscriptor,Nublado,20.0,0.0,No
V002709,2026-03-07 18:17:41,Simón Bolívar Norte,Barrios Unidos,Parque de los Novios,Barrios Unidos,8.2,1.93,Mecánica,Suscriptor,Nublado,11.7,0.0,Sí
V001105,2026-03-05 10:22:13,Parque de la 93,Chapinero,Calle 72,Chapinero,18.4,4.3,Mecánica,Suscriptor,Despejado,18.0,0.0,No
V000197,2026-02-04 18:05:18,San Felipe,Barrios Unidos,Universidad Javeriana,Chapinero,13.4,2.35,Mecánica,Suscriptor,Despejado,16.4,0.0,No
V002245,2026-02-12 17:33:01,Centro Internacional,Santa Fe,Parque Nacional,Santa Fe,10.5,2.02,Eléctrica,Suscriptor,Lluvia,12.9,7.8,No
V000408,2026-04-02 06:36:19,Galerías,Teusaquillo,Museo Nacional,Santa Fe,11.7,2.28,Mecánica,Suscriptor,Nublado,16.3,0.0,No
V001585,2026-02-27 08:19:44,Calle 63,Chapinero,Calle 116,Usaquén,27.0,,Mecánica,Suscriptor,Despejado,14.3,0.0,No
V000662,2026-05-13 05:12:21,Chorro de Quevedo,La Candelaria,Calle 116,Usaquén,12.4,2.28,Mecánica,Suscriptor,Nublado,17.4,0.0,No
V000579,2026-05-23 07:44:07,Simón Bolívar Norte,Barrios Unidos,Parque de los Novios,Barrios Unidos,8.6,0.91,Mecánica,Suscriptor,Nublado,18.0,0.0,Sí
V002255,2026-03-04 09:39:13,Chorro de Quevedo,La Candelaria,Universidad Javeriana,Chapinero,25.7,5.39,Eléctrica,Ocasional,Nublado,17.5,0.0,No
V002362,2026-05-19 14:10:40,Museo Nacional,Santa Fe,Las Nieves,Santa Fe,9.0,1.9,Eléctrica,Ocasional,Despejado,13.9,0.0,No
V001207,2026-04-29 17:11:43,Parque Nacional,Santa Fe,Las Nieves,Santa Fe,9.8,1.98,Mecánica,Suscriptor,Lluvia,20.2,8.9,No
V002454,2026-03-10 17:59:08,Calle 72,Chapinero,Universidad Javeriana,Chapinero,5.3,0.85,Eléctrica,Ocasional,Despejado,18.9,0.0,No
V000318,2026-04-01 02:26:30,Universidad Nacional,Teusaquillo,Universidad Nacional,Teusaquillo,10.8,3.19,Eléctrica,Suscriptor,Lluvia,15.9,9.9,No
V001877,2026-03-11 07:24:57,Parkway,Teusaquillo,Corferias,Teusaquillo,17.8,4.2,Mecánica,Ocasional,Despejado,16.5,0.0,No
V002442,2026-02-14 06:47:04,Calle 63,Chapinero,Zona G,Chapinero,12.5,1.3,electrica,Suscriptor,Despejado,17.7,0.0,Sí
V001783,2026-03-23 19:09:33,Centro Internacional,Santa Fe,Centro Internacional,Santa Fe,15.8,3.15,Mecánica,Suscriptor,Despejado,10.4,0.0,No
V001030,2026-04-22 09:09:09,Centro Internacional,Santa Fe,Museo Nacional,Santa Fe,10.6,1.82,Eléctrica,Ocasional,Despejado,22.0,0.0,No
V000771,2026-04-19 14:21:13,Parque de los Hippies,Chapinero,Parque de la 93,Chapinero,9.1,1.6,Mecánica,Suscriptor,Despejado,16.6,0.0,Sí
V000984,2026-05-08 18:09:21,Parque de la 93,Chapinero,Parque El Virrey Norte,Usaquén,9.8,2.38,Eléctrica,Suscriptor,Nublado,16.1,0.0,No
V001449,2026-03-25 07:08:45,Parque de los Novios,Barrios Unidos,Calle 72,Chapinero,7.1,1.35,Mecánica,Ocasional,Nublado,18.3,0.0,No
V001165,2026-05-03 20:57:45,Simón Bolívar Sur,Teusaquillo,Parque de la 93,Chapinero,12.9,1.96,Mecánica,Suscriptor,Despejado,21.6,0.0,Sí
V000545,2026-04-29 19:15:09,Parque de los Hippies,Chapinero,Las Nieves,Santa Fe,32.6,5.64,Mecánica,Ocasional,Despejado,16.2,0.0,No
V001584,2026-02-27 18:37:34,Parque Nacional,Santa Fe,Parque Nacional,Santa Fe,7.6,1.92,Eléctrica,Suscriptor,Despejado,13.9,0.0,No
V002021,2026-02-21 20:10:06,Simón Bolívar Norte,Barrios Unidos,San Felipe,Barrios Unidos,11.9,1.92,Mecánica,Suscriptor,Lluvia ligera,13.4,1.7,Sí
V002751,2026-05-29 08:34:32,Calle 100,Usaquén,Hacienda Santa Bárbara,Usaquén,14.0,2.69,Mecánica,Suscriptor,Nublado,19.5,0.0,No
V000547,2026-04-23 18:15:55,Unicentro,Usaquén,Calle 100,Usaquén,12.3,2.91,Eléctrica,Suscriptor,Nublado,13.0,0.0,No
V001352,2026-05-12 07:00:47,San Felipe,Barrios Unidos,Simón Bolívar Norte,Barrios Unidos,3.0,0.7,Mecánica,Suscriptor,Nublado,18.1,0.0,No
V001239,2026-04-20 08:27:20,Universidades Centro,La Candelaria,Unicentro,Usaquén,12.2,2.75,Mecánica,Ocasional,Nublado,15.8,0.0,No
V001507,2026-04-11 08:43:29,Parque de los Novios,Barrios Unidos,Simón Bolívar Sur,Teusaquillo,19.4,4.53,Eléctrica,Suscriptor,Despejado,15.3,0.0,Sí
V002181,2026-04-27 18:22:45,Corferias,Teusaquillo,Universidad Nacional,Teusaquillo,17.6,4.87,Eléctrica,Suscriptor,Lluvia ligera,19.6,2.2,No
V002368,2026-02-09 02:45:54,San Felipe,Barrios Unidos,San Felipe,Barrios Unidos,5.9,1.0,Mecánica,Suscriptor,Despejado,12.2,0.0,No
V002868,2026-05-21 18:03:50,Las Nieves,Santa Fe,Museo Nacional,Santa Fe,18.4,4.11,Eléctrica,Suscriptor,Despejado,17.0,0.0,No
V000636,2026-05-13 19:28:07,Parque Nacional,Santa Fe,Las Nieves,Santa Fe,13.5,1.33,Mecánica,Ocasional,Nublado,14.6,0.0,No
V001223,2026-03-19 08:57:41,Galerías,Teusaquillo,Corferias,Teusaquillo,20.0,3.26,Eléctrica,Suscriptor,Despejado,14.9,0.0,No
V000591,2026-02-24 19:36:43,Chorro de Quevedo,La Candelaria,Chorro de Quevedo,La Candelaria,10.2,1.51,Mecánica,Suscriptor,Despejado,12.9,0.0,No
V001399,2026-04-29 08:28:31,Unicentro,Usaquén,Parque El Virrey Norte,Usaquén,21.0,4.9,Eléctrica,Suscriptor,Nublado,17.0,0.0,No
V002385,2026-02-16 07:34:01,Parque de los Hippies,Chapinero,Calle 63,Chapinero,15.7,2.43,Eléctrica,Ocasional,Despejado,15.0,0.0,No
V002295,2026-03-31 08:05:02,San Felipe,Barrios Unidos,Las Aguas,La Candelaria,14.9,2.66,Eléctrica,Suscriptor,Lluvia ligera,15.4,1.3,No
V000109,2026-04-16 18:55:02,Parkway,Teusaquillo,Universidad Nacional,Teusaquillo,13.6,2.25,Mecánica,Suscriptor,Despejado,16.2,0.0,No
V001780,2026-03-05 13:04:28,Museo Nacional,Santa Fe,Parque de los Novios,Barrios Unidos,7.2,1.49,Eléctrica,Suscriptor,Nublado,13.5,0.0,No
V001180,2026-02-25 22:18:08,Las Aguas,La Candelaria,Las Aguas,La Candelaria,11.3,1.35,Eléctrica,Suscriptor,Nublado,15.8,0.0,No
V000719,2026-02-07 09:11:59,Parque de la 93,Chapinero,Calle 63,Chapinero,11.7,2.99,Eléctrica,Suscriptor,Lluvia,18.4,3.0,Sí
V001612,2026-02-11 19:44:33,Hacienda Santa Bárbara,Usaquén,Calle 100,Usaquén,33.1,6.51,Mecánica,Suscriptor,Despejado,11.2,0.0,No
V002618,2026-02-17 08:48:58,San Felipe,Barrios Unidos,San Felipe,Barrios Unidos,9.5,1.98,Mecánica,Ocasional,Lluvia,16.9,8.4,No
V002892,2026-03-08 08:29:11,Parque de los Novios,Barrios Unidos,San Felipe,Barrios Unidos,9.6,2.85,Eléctrica,Suscriptor,Lluvia ligera,17.7,0.9,Sí
V001643,2026-05-24 18:23:59,Simón Bolívar Norte,Barrios Unidos,San Felipe,Barrios Unidos,11.8,2.46,Eléctrica,Suscriptor,Nublado,14.4,0.0,Sí
V001660,2026-03-27 09:16:50,Museo Nacional,Santa Fe,Simón Bolívar Norte,Barrios Unidos,8.9,2.23,Mecánica,Suscriptor,Despejado,15.8,0.0,No
V000994,2026-03-04 14:02:03,Calle 100,Usaquén,Calle 116,Usaquén,15.4,1.71,Mecánica,Suscriptor,Despejado,17.1,0.0,No
V002778,2026-03-23 18:00:43,Parque de la 93,Chapinero,Zona G,Chapinero,14.5,3.51,Eléctrica,Suscriptor,Despejado,18.1,0.0,No
V001882,2026-03-25 08:52:03,Parque Nacional,Santa Fe,Las Nieves,Santa Fe,18.8,3.96,Eléctrica,Ocasional,Despejado,11.3,0.0,No
V000713,2026-05-19 07:30:03,Universidad Javeriana,Chapinero,Universidad Javeriana,Chapinero,6.0,1.07,Mecánica,Suscriptor,Lluvia,16.4,4.6,No
V001635,2026-02-10 11:58:41,Parque de la 93,Chapinero,Zona G,Chapinero,8.3,2.21,Eléctrica,Ocasional,Despejado,12.8,0.0,No
V000288,2026-05-18 03:19:55,Universidades Centro,La Candelaria,Chorro de Quevedo,La Candelaria,24.4,4.5,Eléctrica,Suscriptor,Despejado,14.3,0.0,No
V001141,2026-02-21 08:26:58,Museo Nacional,Santa Fe,Parque Nacional,Santa Fe,14.5,4.31,Eléctrica,Ocasional,Nublado,16.8,0.0,Sí
V001872,2026-02-06 18:31:32,Simón Bolívar Norte,Barrios Unidos,Zona G,Chapinero,12.5,2.37,Eléctrica,Suscriptor,Lluvia,,8.2,No
V001610,2026-03-28 12:27:30,Universidad Javeriana,Chapinero,Calle 72,Chapinero,20.4,4.49,Eléctrica,Ocasional,lluvia ligera,16.1,0.0,Sí
V001733,2026-04-08 08:05:37,Hacienda Santa Bárbara,Usaquén,Universidad Javeriana,Chapinero,9.1,2.62,Mecánica,Suscriptor,Nublado,19.8,0.0,No
V001906,2026-04-24 16:50:54,Parque de los Novios,Barrios Unidos,Calle 80,Barrios Unidos,15.6,3.38,Eléctrica,Suscriptor,Lluvia,19.9,8.2,No
V002837,2026-04-19 17:02:17,Parque de los Novios,Barrios Unidos,,Barrios Unidos,19.1,3.69,Eléctrica,Suscriptor,Despejado,15.0,0.0,Sí
V002370,2026-02-12 18:59:58,Las Aguas,La Candelaria,Plaza de Bolívar,La Candelaria,14.8,2.18,Mecánica,Suscriptor,Nublado,,0.0,No
V001377,2026-05-11 19:17:25,Universidad Javeriana,Chapinero,Zona G,Chapinero,9.8,1.87,Mecánica,Suscriptor,Nublado,21.0,0.0,No
V002864,2026-04-13 07:28:40,Las Nieves,Santa Fe,Las Nieves,Santa Fe,12.7,2.34,Mecánica,Suscriptor,Despejado,17.0,0.0,No
V000745,2026-05-07 19:09:04,Calle 72,Chapinero,Hacienda Santa Bárbara,Usaquén,9.1,1.67,Eléctrica,Ocasional,Despejado,16.3,0.0,No
V001298,2026-04-22 12:14:23,Parque El Virrey Norte,Usaquén,Calle 116,Usaquén,40.7,9.1,electrica,Ocasional,Despejado,17.1,0.0,No
V002841,2026-04-01 12:08:29,Corferias,Teusaquillo,Simón Bolívar Sur,Teusaquillo,16.6,3.55,Eléctrica,,Despejado,14.2,0.0,No
V000992,2026-04-15 19:22:34,San Felipe,Barrios Unidos,Universidad Javeriana,Chapinero,40.0,10.11,Eléctrica,Suscriptor,Nublado,17.8,0.0,No
V000201,2026-04-10 17:44:29,Simón Bolívar Sur,Teusaquillo,Galerías,Teusaquillo,18.5,3.92,Eléctrica,Suscriptor,Despejado,16.1,0.0,No
V002064,2026-04-25 17:22:22,Centro Internacional,Santa Fe,Universidad Nacional,Teusaquillo,32.6,7.3,Mecánica,Suscriptor,Lluvia ligera,19.1,2.2,Sí
V001652,2026-05-14 00:30:02,Las Nieves,Santa Fe,Galerías,Teusaquillo,5.9,1.42,Eléctrica,Ocasional,Despejado,15.1,0.0,No
V003083,2026-05-07 23:20:55,Parque de los Hippies,Chapinero,Parque de los Hippies,Chapinero,14.0,2.31,Mecánica,Ocasional,Despejado,17.5,0.0,No
V001052,2026-02-10 19:37:23,Parque de los Hippies,Chapinero,Universidad Javeriana,Chapinero,11.6,1.97,Eléctrica,Ocasional,Despejado,17.9,0.0,No
V002497,2026-05-29 18:08:54,Las Aguas,La Candelaria,Calle 63,Chapinero,15.1,2.9,Eléctrica,Suscriptor,Despejado,17.0,0.0,No
V001874,2026-04-05 08:26:12,Simón Bolívar Sur,Teusaquillo,Simón Bolívar Sur,Teusaquillo,5.8,1.37,Eléctrica,Suscriptor,Despejado,14.9,0.0,Sí
V000526,2026-03-16 18:46:03,Parque Nacional,Santa Fe,Calle 72,Chapinero,16.5,3.55,electrica,Ocasional,Despejado,15.2,0.0,No
V001524,2026-05-25 01:02:32,Hacienda Santa Bárbara,Usaquén,Hacienda Santa Bárbara,Usaquén,6.6,1.35,Eléctrica,Ocasional,Despejado,17.6,0.0,No
V002916,2026-02-22 18:31:10,Calle 63,Chapinero,Universidad Javeriana,Chapinero,12.2,2.95,Eléctrica,,Despejado,15.5,0.0,Sí
V002269,2026-02-22 12:58:30,Centro Internacional,Santa Fe,Unicentro,Usaquén,18.3,5.02,Eléctrica,Suscriptor,Despejado,16.8,0.0,Sí
V000808,2026-04-28 17:31:10,Universidad Javeriana,Chapinero,Universidad Javeriana,Chapinero,4.0,0.88,Eléctrica,Suscriptor,Nublado,21.5,0.0,No
V000507,2026-05-30 08:18:44,Unicentro,Usaquén,Calle 116,Usaquén,6.9,1.53,Eléctrica,Ocasional,Lluvia ligera,11.9,1.7,Sí
V000480,2026-04-02 19:32:25,Universidad Nacional,Teusaquillo,Galerías,Teusaquillo,11.3,2.47,Eléctrica,Suscriptor,Despejado,11.2,0.0,No
V000688,2026-02-04 03:35:24,Simón Bolívar Norte,Barrios Unidos,Simón Bolívar Norte,Barrios Unidos,5.4,1.43,Eléctrica,Suscriptor,Despejado,11.3,0.0,No
V001322,2026-05-26 09:09:46,Universidad Javeriana,Chapinero,Calle 72,Chapinero,12.2,1.98,Mecánica,Suscriptor,Nublado,18.8,0.0,No
V001432,2026-02-27 11:12:22,Parque El Virrey Norte,Usaquén,Calle 100,Usaquén,15.2,3.62,Eléctrica,Suscriptor,Nublado,13.8,0.0,No
V000397,2026-04-06 16:12:44,Hacienda Santa Bárbara,Usaquén,Calle 116,Usaquén,7.2,1.23,Mecánica,Suscriptor,Despejado,18.2,0.0,No
V002807,2026-04-09 08:56:46,Parque El Virrey Norte,Usaquén,Parque de los Hippies,Chapinero,36.8,7.2,Mecánica,Ocasional,Despejado,19.4,0.0,No
V001550,2026-03-05 20:47:12,Parque de los Novios,Barrios Unidos,Calle 80,Barrios Unidos,14.1,2.0,Eléctrica,Suscriptor,Despejado,15.6,0.0,No
V001700,2026-04-16 08:03:05,Universidad Nacional,Teusaquillo,Parque de los Hippies,Chapinero,20.4,5.39,Eléctrica,Ocasional,Lluvia,16.2,2.6,No
V000493,2026-04-10 06:19:39,Calle 63,Chapinero,Universidad Javeriana,Chapinero,13.8,3.68,Mecánica,Ocasional,Lluvia ligera,19.7,1.5,No
V001103,2026-02-26 00:51:39,Calle 80,Barrios Unidos,Calle 72,Chapinero,39.7,9.2,Mecánica,Suscriptor,Despejado,15.4,0.0,No
V001429,2026-04-01 18:46:11,Museo Nacional,Santa Fe,Centro Internacional,Santa Fe,8.6,1.35,Eléctrica,Suscriptor,Lluvia ligera,13.8,1.3,No
V000892,2026-05-23 23:23:29,Museo Nacional,Santa Fe,Las Nieves,Santa Fe,8.9,2.14,Eléctrica,Suscriptor,Nublado,20.5,0.0,Sí
V000603,2026-03-28 18:39:32,Corferias,Teusaquillo,Las Aguas,La Candelaria,19.4,3.26,Mecánica,Suscriptor,Nublado,16.5,0.0,Sí
V000241,2026-02-21 07:28:14,Calle 72,Chapinero,,Usaquén,5.1,1.07,Eléctrica,Suscriptor,Despejado,17.7,0.0,Sí
V000898,2026-04-16 08:58:09,San Felipe,Barrios Unidos,Las Nieves,Santa Fe,16.1,3.89,Eléctrica,Suscriptor,Despejado,21.5,0.0,No
V001079,2026-05-23 19:52:12,Parque El Virrey Norte,Usaquén,Parque de la 93,Chapinero,16.3,2.22,Mecánica,Suscriptor,Nublado,16.3,0.0,Sí
V000878,2026-02-17 00:08:29,Unicentro,Usaquén,Unicentro,Usaquén,5.6,0.96,Mecánica,Suscriptor,Despejado,16.5,0.0,No
V000449,2026-03-04 03:06:34,Hacienda Santa Bárbara,Usaquén,Parque El Virrey Norte,Usaquén,15.2,2.79,Eléctrica,Ocasional,Lluvia ligera,19.5,0.6,No
V002162,2026-02-15 08:06:35,Corferias,Teusaquillo,Calle 80,Barrios Unidos,45.9,,Mecánica,Ocasional,Despejado,15.2,0.0,Sí
V002615,2026-03-05 13:50:47,Corferias,Teusaquillo,Centro Internacional,Santa Fe,23.1,4.61,Eléctrica,,Lluvia,17.1,7.7,No
V000014,2026-04-12 05:20:28,Calle 100,Usaquén,Hacienda Santa Bárbara,Usaquén,12.7,2.32,Mecánica,Suscriptor,Despejado,18.0,0.0,Sí
V003147,2026-02-24 07:33:33,Universidades Centro,La Candelaria,Unicentro,Usaquén,11.3,1.71,Mecánica,Suscriptor,Lluvia ligera,14.6,1.6,No
V001198,2026-02-07 17:22:52,Zona G,Chapinero,Calle 100,Usaquén,6.2,1.4,Eléctrica,Suscriptor,Despejado,12.2,0.0,Sí
V002253,2026-02-26 11:14:35,Simón Bolívar Sur,Teusaquillo,Corferias,Teusaquillo,5.2,0.7,Mecánica,Suscriptor,Lluvia,17.9,6.7,No
V001252,2026-03-08 17:28:05,Las Aguas,La Candelaria,Las Aguas,La Candelaria,7.5,1.28,Mecánica,Suscriptor,Despejado,15.0,0.0,Sí
V002749,2026-05-15 09:28:08,Calle 100,Usaquén,Hacienda Santa Bárbara,Usaquén,7.0,1.64,Eléctrica,Suscriptor,Despejado,16.9,0.0,No
V002022,2026-04-15 08:27:13,Las Aguas,La Candelaria,Chorro de Quevedo,La Candelaria,8.4,1.36,Eléctrica,Ocasional,Nublado,15.3,0.0,No
V000377,2026-05-31 23:20:04,Parkway,Teusaquillo,Parkway,Teusaquillo,3.5,0.89,Eléctrica,Suscriptor,Nublado,18.1,0.0,Sí
V002695,2026-05-24 19:47:00,Galerías,Teusaquillo,Corferias,Teusaquillo,6.9,1.89,Eléctrica,Suscriptor,Lluvia,14.5,5.7,Sí
V000264,2026-04-04 18:55:12,San Felipe,Barrios Unidos,San Felipe,Barrios Unidos,11.1,2.15,Eléctrica,Suscriptor,Lluvia,14.9,3.2,Sí
V000616,2026-03-10 12:11:48,Parque de la 93,Chapinero,Calle 63,Chapinero,11.9,3.05,Mecánica,Suscriptor,Lluvia,13.2,11.6,No
V000858,2026-05-30 12:17:37,Simón Bolívar Sur,Teusaquillo,Universidad Nacional,Teusaquillo,14.8,2.13,Mecánica,Suscriptor,Nublado,16.4,0.0,Sí
V000504,2026-03-09 03:02:48,Museo Nacional,Santa Fe,Museo Nacional,Santa Fe,7.2,1.21,Mecánica,Suscriptor,Nublado,16.4,0.0,No
V000058,2026-02-19 17:42:27,Simón Bolívar Norte,Barrios Unidos,Parque de los Novios,Barrios Unidos,8.2,1.1,Mecánica,Suscriptor,Lluvia,16.0,5.6,No
V000047,2026-03-24 19:33:55,Simón Bolívar Sur,Teusaquillo,Parkway,Teusaquillo,10.9,2.23,Eléctrica,Ocasional,Nublado,17.5,0.0,No
V001551,2026-04-27 20:50:54,Calle 72,Chapinero,Parque de la 93,Chapinero,12.8,2.39,Eléctrica,Suscriptor,Despejado,15.2,0.0,No
V002434,2026-02-27 19:51:02,Calle 116,Usaquén,Calle 116,Usaquén,9.4,2.17,Eléctrica,Ocasional,Despejado,13.7,0.0,No
V000267,2026-03-02 09:31:02,Unicentro,Usaquén,Universidad Javeriana,Chapinero,20.7,3.52,Eléctrica,Ocasional,Nublado,12.2,0.0,No
V001594,2026-05-27 19:14:14,Calle 80,Barrios Unidos,Simón Bolívar Norte,Barrios Unidos,11.7,3.42,electrica,Suscriptor,Lluvia ligera,18.0,0.4,No
V002847,2026-03-08 07:01:26,Las Nieves,Santa Fe,Museo Nacional,Santa Fe,30.5,6.3,Mecánica,Suscriptor,Despejado,16.1,0.0,Sí
V001136,2026-02-19 01:11:04,Centro Internacional,Santa Fe,Las Nieves,Santa Fe,10.1,1.76,Mecánica,Suscriptor,Despejado,14.8,0.0,No
V000233,2026-03-25 17:32:34,Las Nieves,Santa Fe,Centro Internacional,Santa Fe,11.9,1.95,Mecánica,Suscriptor,Despejado,15.2,0.0,No
V002613,2026-03-25 07:55:50,Centro Internacional,Santa Fe,Parque Nacional,Santa Fe,13.5,2.76,Eléctrica,Suscriptor,Nublado,21.6,0.0,No
V002766,2026-04-05 22:55:02,Corferias,Teusaquillo,,Barrios Unidos,20.7,4.04,Mecánica,Suscriptor,Lluvia,16.3,11.6,Sí
V002078,2026-05-08 11:57:46,Centro Internacional,Santa Fe,Las Aguas,La Candelaria,24.3,2.72,Mecánica,Suscriptor,Despejado,20.9,0.0,No
V001764,2026-05-21 11:03:41,Calle 100,Usaquén,Hacienda Santa Bárbara,Usaquén,12.7,2.42,Mecánica,Suscriptor,Lluvia,16.7,10.7,No
V001418,2026-05-13 17:56:12,Plaza de Bolívar,La Candelaria,Universidades Centro,La Candelaria,14.4,3.92,Mecánica,Suscriptor,Lluvia,19.3,9.6,No
V001253,2026-03-22 01:51:43,Parque Nacional,Santa Fe,Parque de la 93,Chapinero,13.0,2.98,Eléctrica,Suscriptor,Despejado,17.3,0.0,Sí
V001287,2026-04-04 22:16:51,Universidad Nacional,Teusaquillo,Universidad Nacional,Teusaquillo,5.4,0.8,Mecánica,Suscriptor,Despejado,14.6,0.0,Sí
V001211,2026-04-06 04:32:03,Chorro de Quevedo,La Candelaria,Plaza de Bolívar,La Candelaria,10.2,1.6,Mecánica,Suscriptor,Nublado,15.0,0.0,No
V001706,2026-04-02 06:31:48,Parque de los Hippies,Chapinero,Universidad Javeriana,Chapinero,5.4,1.31,Eléctrica,Ocasional,Despejado,18.6,0.0,No
V001164,2026-04-30 18:21:35,Parque de los Hippies,Chapinero,Zona G,Chapinero,28.6,4.98,Mecánica,Suscriptor,Lluvia ligera,15.0,0.3,No
V000786,2026-05-20 17:05:06,Parque Nacional,Santa Fe,Las Nieves,Santa Fe,3.9,0.96,Eléctrica,Suscriptor,Nublado,16.9,0.0,No
V002957,2026-04-24 19:59:10,Las Nieves,Santa Fe,Simón Bolívar Norte,Barrios Unidos,11.2,2.52,Mecánica,Suscriptor,Lluvia ligera,15.6,1.9,No
V000174,2026-05-29 18:47:45,Parque Nacional,Santa Fe,Parque de la 93,Chapinero,10.5,2.08,Mecánica,Suscriptor,Despejado,19.2,0.0,No
V000142,2026-05-15 03:15:14,Calle 116,Usaquén,Universidades Centro,La Candelaria,16.7,3.2,Mecánica,Suscriptor,Despejado,17.5,0.0,No
V000205,2026-03-15 00:25:31,Parque Nacional,Santa Fe,Parkway,Teusaquillo,24.1,4.02,Mecánica,Suscriptor,Despejado,14.9,0.0,Sí
V002157,2026-03-23 20:04:26,Parque de los Novios,Barrios Unidos,Las Nieves,Santa Fe,13.0,2.39,Mecánica,Suscriptor,Nublado,21.5,0.0,No
V002197,2026-02-18 19:25:16,Parque de los Novios,Barrios Unidos,San Felipe,Barrios Unidos,8.2,1.78,Eléctrica,Suscriptor,Despejado,17.4,0.0,No
V002964,2026-02-11 14:47:18,Corferias,Teusaquillo,Parkway,Teusaquillo,8.9,1.7,Mecánica,Ocasional,Despejado,16.0,0.0,No
V002921,2026-04-24 13:46:59,Las Nieves,Santa Fe,Parque Nacional,Santa Fe,17.2,2.3,Mecánica,Suscriptor,Despejado,13.2,0.0,No
V000864,2026-02-17 08:37:38,Zona G,Chapinero,Calle 80,Barrios Unidos,14.4,2.84,Eléctrica,Suscriptor,Nublado,16.5,0.0,No
V001069,2026-02-20 19:00:32,Universidad Javeriana,Chapinero,Parque de la 93,Chapinero,8.2,1.76,Eléctrica,Suscriptor,Nublado,12.7,0.0,No
V001687,2026-05-27 17:55:05,Parque de los Hippies,Chapinero,Calle 63,Chapinero,9.0,2.02,Eléctrica,Suscriptor,Nublado,18.7,0.0,No
V001822,2026-02-24 12:50:59,Calle 63,Chapinero,Universidad Javeriana,Chapinero,16.8,3.99,Mecánica,Suscriptor,Nublado,10.5,0.0,No
V000682,2026-03-19 11:21:47,Simón Bolívar Norte,Barrios Unidos,San Felipe,Barrios Unidos,14.8,2.05,Mecánica,Suscriptor,Nublado,20.4,0.0,No
V002203,2026-04-13 08:28:22,Calle 63,Chapinero,Parque de los Hippies,Chapinero,13.6,2.84,Mecánica,Suscriptor,Lluvia ligera,20.2,1.7,No
V003139,2026-02-27 18:06:20,Museo Nacional,Santa Fe,Museo Nacional,Santa Fe,7.8,1.27,Mecánica,Suscriptor,Despejado,16.1,0.0,No
V002322,2026-04-14 17:19:23,Simón Bolívar Norte,Barrios Unidos,Parque de los Novios,Barrios Unidos,10.3,1.67,Mecánica,Suscriptor,Nublado,19.5,0.0,No
V000846,2026-02-11 19:25:40,Las Nieves,Santa Fe,Parque Nacional,Santa Fe,11.6,2.88,Mecánica,Suscriptor,Lluvia ligera,14.4,1.3,No
V002903,2026-03-21 05:21:43,Plaza de Bolívar,La Candelaria,Las Aguas,La Candelaria,7.0,1.44,Eléctrica,Ocasional,Nublado,14.5,0.0,Sí
V001833,2026-02-08 04:37:53,Universidades Centro,La Candelaria,Parque de los Novios,Barrios Unidos,22.1,5.42,Eléctrica,Suscriptor,Nublado,17.0,0.0,Sí
V001675,2026-03-25 17:16:10,Calle 63,Chapinero,Parque de los Hippies,Chapinero,5.8,1.22,Eléctrica,Ocasional,Lluvia ligera,15.0,1.8,No
V000940,2026-02-17 17:37:37,Universidad Javeriana,Chapinero,Calle 72,Chapinero,8.7,1.86,Eléctrica,Ocasional,Nublado,17.2,0.0,No
V001966,2026-03-13 08:20:33,Museo Nacional,Santa Fe,Parque Nacional,Santa Fe,8.4,1.27,Mecánica,Ocasional,Lluvia ligera,15.7,2.2,No
V000790,2026-05-26 23:52:00,Simón Bolívar Norte,Barrios Unidos,San Felipe,Barrios Unidos,9.7,1.76,Mecánica,Suscriptor,Nublado,19.9,0.0,No
V001055,2026-03-19 23:30:47,Universidad Nacional,Teusaquillo,Parque El Virrey Norte,Usaquén,13.4,2.39,Eléctrica,Ocasional,Despejado,22.4,0.0,No
V001603,2026-03-20 22:05:45,Chorro de Quevedo,La Candelaria,Universidades Centro,La Candelaria,11.1,3.05,Eléctrica,Suscriptor,Nublado,14.7,0.0,No
V001724,2026-02-19 23:06:00,Hacienda Santa Bárbara,Usaquén,Calle 100,Usaquén,8.9,1.72,Eléctrica,Suscriptor,Nublado,14.0,0.0,No
V001171,2026-03-22 18:39:12,Unicentro,Usaquén,Parque El Virrey Norte,Usaquén,12.3,2.57,Mecánica,Suscriptor,Despejado,,0.0,Sí
V003089,2026-02-07 02:34:11,Simón Bolívar Sur,Teusaquillo,Simón Bolívar Sur,Teusaquillo,4.2,0.81,Mecánica,Suscriptor,Despejado,15.2,0.0,Sí
V002402,2026-04-30 08:00:27,Calle 63,Chapinero,Parque de la 93,Chapinero,14.5,2.95,Eléctrica,Suscriptor,Despejado,19.1,0.0,No
V000269,2026-02-20 08:41:24,Universidad Nacional,Teusaquillo,Corferias,Teusaquillo,16.5,3.2,Mecánica,Suscriptor,Despejado,12.1,0.0,No
V000904,2026-03-16 08:07:03,Parque de los Hippies,Chapinero ,Zona G,Chapinero,9.8,1.78,Eléctrica,Suscriptor,Lluvia,15.1,6.0,No
V001154,2026-02-10 17:32:14,Galerías,Teusaquillo,Chorro de Quevedo,La Candelaria,11.9,2.36,Eléctrica,Ocasional,Nublado,14.0,0.0,No
V001097,2026-05-31 07:40:59,Plaza de Bolívar,La Candelaria,Zona G,Chapinero,12.7,2.98,Eléctrica,Suscriptor,Lluvia,16.3,6.3,Sí
V000512,2026-03-06 19:19:22,Galerías,Teusaquillo,Parkway,Teusaquillo,4.2,0.74,Mecánica,Suscriptor,Despejado,11.3,0.0,No
V002503,2026-04-08 03:35:19,San Felipe,Barrios Unidos,San Felipe,Barrios Unidos,7.3,1.19,Eléctrica,Suscriptor,Lluvia,19.1,8.3,No
V001794,2026-02-14 19:00:26,Parque de los Novios,Barrios Unidos,Plaza de Bolívar,La Candelaria,15.3,2.31,Mecánica,Suscriptor,Despejado,15.8,0.0,Sí
V001338,2026-03-14 15:26:50,Simón Bolívar Norte,Barrios Unidos,Universidad Nacional,Teusaquillo,23.8,4.89,Mecánica,Suscriptor,Lluvia ligera,17.6,1.4,Sí
V000101,2026-04-13 09:37:35,Parque Nacional,Santa Fe,Plaza de Bolívar,La Candelaria,24.7,5.61,Mecánica,Ocasional,Nublado,15.8,0.0,No
V000013,2026-02-16 07:14:07,Parque de los Hippies,Chapinero,Universidad Javeriana,Chapinero,12.7,2.69,Eléctrica,Suscriptor,Nublado,11.1,0.0,No
V000645,2026-02-27 07:08:39,Centro Internacional,Santa Fe,Parque Nacional,Santa Fe,5.6,0.7,Mecánica,Ocasional,Despejado,16.8,0.0,No
V001958,2026-04-03 17:38:38,Parkway,Teusaquillo,Universidad Javeriana,Chapinero,10.4,2.05,Mecánica,Suscriptor,Nublado,16.3,0.0,No
V000779,2026-04-09 19:19:21,Universidad Nacional,Teusaquillo,Parkway,Teusaquillo,10.9,2.69,Eléctrica,Suscriptor,Nublado,14.7,0.0,No
V002416,2026-02-15 03:47:20,Calle 100,Usaquén,Parkway,Teusaquillo,12.8,4.03,Eléctrica,Ocasional,lluvia ligera,16.5,5.6,Sí
V003064,2026-02-11 00:23:05,Parkway,Teusaquillo,San Felipe,Barrios Unidos,14.9,3.45,Eléctrica,Suscriptor,Lluvia ligera,9.5,0.9,No
V002925,2026-03-01 11:09:16,Museo Nacional,Santa Fe,Zona G,Chapinero,24.3,5.77,Eléctrica,Ocasional,Nublado,16.2,0.0,Sí
V003182,2026-03-28 22:08:33,Zona G,Chapinero,Calle 72,Chapinero,7.0,1.52,Mecánica,Suscriptor,Nublado,16.5,0.0,Sí
V001087,2026-05-02 19:54:07,Parque de la 93,Chapinero,Calle 72,Chapinero,9.2,1.88,Mecánica,Ocasional,Despejado,15.7,0.0,Sí
V001486,2026-03-19 09:20:46,Chorro de Quevedo,La Candelaria,Calle 100,Usaquén,28.2,6.68,Eléctrica,Suscriptor,Nublado,15.6,0.0,No
V001152,2026-03-05 08:04:48,Universidades Centro,La Candelaria,Universidades Centro,La Candelaria,10.3,2.51,Eléctrica,Suscriptor,Nublado,15.6,0.0,No
V001166,2026-02-23 09:06:48,Galerías,Teusaquillo,Universidades Centro,La Candelaria,9.6,2.08,Mecánica,Suscriptor,Nublado,19.0,0.0,No
V000118,2026-04-02 07:27:38,San Felipe,Barrios Unidos,Calle 80,Barrios Unidos,13.0,2.38,Mecánica,Suscriptor,Despejado,15.5,0.0,No
V003102,2026-04-02 12:05:31,Parque de la 93,Chapinero,Parque de la 93,Chapinero,12.5,2.95,Eléctrica,Suscriptor,Despejado,15.3,0.0,No
V002396,2026-05-09 17:31:10,Calle 72,Chapinero,Parque de la 93,Chapinero,9.9,2.23,Mecánica,Suscriptor,Despejado,19.1,0.0,Sí
V000564,2026-05-10 17:25:32,Zona G,Chapinero,Parque de la 93,Chapinero,7.8,1.51,Eléctrica,Suscriptor,Nublado,17.8,0.0,Sí
V001633,2026-05-28 18:38:00,Universidad Javeriana,Chapinero,Parque de los Hippies,Chapinero,13.6,,Mecánica,Suscriptor,Nublado,19.3,0.0,No
V000491,2026-04-01 17:28:38,Calle 80,Barrios Unidos,Calle 80,Barrios Unidos,7.8,2.29,Eléctrica,Suscriptor,Lluvia ligera,19.9,1.1,No
V002329,2026-05-21 18:28:57,Centro Internacional,Santa Fe,Las Nieves,Santa Fe,4.8,0.88,Eléctrica,Suscriptor,Despejado,16.1,0.0,No
V001237,2026-05-23 15:31:06,Calle 100,Usaquén,Parque El Virrey Norte,Usaquén,4.9,1.15,Mecánica,Suscriptor,Despejado,18.6,0.0,Sí
V002104,2026-05-18 22:28:35,Chorro de Quevedo,La Candelaria,Calle 63,Chapinero,4.5,0.72,Mecánica,Ocasional,Nublado,18.3,0.0,No
V002657,2026-02-17 18:24:07,Parque El Virrey Norte,Chapinero ,Hacienda Santa Bárbara,Usaquén,14.3,2.88,Mecánica,Suscriptor,Lluvia ligera,15.0,1.2,No
V001063,2026-05-11 19:01:55,Chorro de Quevedo,La Candelaria,Universidades Centro,La Candelaria,10.4,2.23,Eléctrica,Suscriptor,Lluvia,13.7,3.0,No
V002313,2026-03-24 04:54:06,San Felipe,Barrios Unidos,San Felipe,Barrios Unidos,7.9,1.32,Mecánica,Ocasional,Despejado,10.5,0.0,No
V001110,2026-02-05 07:37:32,Calle 116,Usaquén,Parkway,Teusaquillo,8.6,1.57,Mecánica,Suscriptor,Despejado,13.2,0.0,No
V001123,2026-05-08 09:10:50,Parque El Virrey Norte,Usaquén,Calle 100,Usaquén,5.1,1.31,Eléctrica,Ocasional,Despejado,17.6,0.0,No
V001976,2026-03-28 20:43:41,Centro Internacional,Santa Fe,Museo Nacional,Santa Fe,5.5,1.09,Eléctrica,Suscriptor,Lluvia ligera,17.5,1.9,Sí
V000610,2026-03-28 08:29:41,Parque de los Novios,Barrios Unidos,Calle 80,Barrios Unidos,18.5,3.91,Mecánica,Suscriptor,Despejado,13.2,0.0,Sí
V002508,2026-02-02 19:31:51,Simón Bolívar Norte,Barrios Unidos,Calle 80,Barrios Unidos,15.8,2.66,Mecánica,Suscriptor,Despejado,14.0,0.0,No
V002726,2026-04-26 05:45:15,Hacienda Santa Bárbara,Usaquén,Calle 100,Usaquén,13.4,2.77,Mecánica,Ocasional,Nublado,19.1,0.0,Sí
V001490,2026-02-19 17:33:42,Galerías,Teusaquillo,Parque de los Hippies,Chapinero,21.2,5.34,Eléctrica,Suscriptor,Nublado,17.3,0.0,No
V000998,2026-02-15 13:32:11,Universidad Javeriana,Chapinero,Zona G,Chapinero,8.0,1.79,Eléctrica,Suscriptor,Lluvia ligera,14.9,1.3,Sí
V000577,2026-02-10 18:37:30,Parque de la 93,Chapinero,Simón Bolívar Norte,Barrios Unidos,11.0,1.28,Mecánica,Suscriptor,Nublado,18.1,0.0,No
V002943,2026-04-15 18:46:01,Universidad Nacional,Teusaquillo,Parkway,Teusaquillo,7.9,0.99,Eléctrica,Suscriptor,Lluvia,13.9,6.8,No
V002080,2026-03-30 17:36:46,Calle 72,Chapinero,Plaza de Bolívar,La Candelaria,14.5,2.45,Mecánica,Ocasional,Despejado,20.5,0.0,No
V002486,2026-05-02 18:56:43,San Felipe,Barrios Unidos,San Felipe,Barrios Unidos,4.6,0.93,Eléctrica,Ocasional,Lluvia ligera,17.5,1.6,Sí
V001353,2026-02-18 12:12:12,Calle 63,Chapinero,Parque de los Hippies,Chapinero,17.5,4.79,Eléctrica,Suscriptor,Nublado,18.5,0.0,No
V000756,2026-04-03 23:17:21,Parque Nacional,Santa Fe,Centro Internacional,Santa Fe,14.1,3.77,Eléctrica,Suscriptor,Lluvia ligera,13.7,0.4,No
V002209,2026-05-11 09:21:29,Parque de los Hippies,Chapinero,Parque de los Novios,Barrios Unidos,22.3,27.5,Eléctrica,Suscriptor,Lluvia,16.2,11.6,No
V001735,2026-02-13 07:23:57,Parkway,Teusaquillo,Hacienda Santa Bárbara,Usaquén,14.3,3.06,Eléctrica,Suscriptor,Nublado,13.6,0.0,No
V000640,2026-02-05 18:25:16,Corferias,Teusaquillo,Chorro de Quevedo,La Candelaria,16.2,3.37,Mecánica,Suscriptor,Nublado,16.2,0.0,No
V002473,2026-05-10 18:24:48,Parque de los Novios,Barrios Unidos,Simón Bolívar Norte,Barrios Unidos,18.2,2.1,Mecánica,Suscriptor,Despejado,17.0,0.0,Sí
V000044,2026-05-22 04:04:29,Universidad Nacional,Teusaquillo,Parkway,Teusaquillo,16.0,3.53,Mecánica,Suscriptor,Despejado,17.7,0.0,No
V000008,2026-04-08 09:17:09,Parkway,Teusaquillo,Corferias,Teusaquillo,8.5,2.24,Eléctrica,Ocasional,Nublado,15.3,0.0,No
V002509,2026-04-07 23:41:11,Calle 63,Chapinero,Calle 72,Chapinero,6.9,1.88,Eléctrica,Ocasional,Lluvia,18.0,9.3,No
V002024,2026-05-02 11:15:33,Calle 80,Barrios Unidos,Parque de los Novios,Barrios Unidos,26.2,4.54,Mecánica,Suscriptor,Nublado,14.4,0.0,Sí
V000472,2026-02-14 02:51:01,Parque de los Hippies,Chapinero,Las Nieves,Santa Fe,21.9,3.93,Eléctrica,Suscriptor,Lluvia ligera,14.0,1.6,Sí
V000422,2026-05-28 18:03:50,Universidad Javeriana,Chapinero,Chorro de Quevedo,La Candelaria,9.1,1.25,Mecánica,Suscriptor,Lluvia ligera,14.6,0.8,No
V002262,2026-02-13 08:42:11,Parque de la 93,Chapinero,Parque de los Hippies,Chapinero,12.5,2.59,Eléctrica,Suscriptor,Despejado,15.7,0.0,No
V002513,2026-04-06 19:36:40,Zona G,Chapinero,Zona G,Chapinero,8.0,1.36,Mecánica,Ocasional,Nublado,16.8,0.0,No
V001671,2026-03-01 18:17:53,Hacienda Santa Bárbara,Usaquén,Parque El Virrey Norte,Usaquén,15.4,3.96,Eléctrica,Suscriptor,Despejado,15.2,0.0,Sí
V001854,2026-02-16 16:11:40,Museo Nacional,Santa Fe,San Felipe,Barrios Unidos,7.6,1.36,Eléctrica,Suscriptor,Despejado,14.3,0.0,No
V000906,2026-04-02 07:57:23,Corferias,Teusaquillo,Galerías,Teusaquillo,13.7,3.07,Mecánica,Suscriptor,Despejado,19.2,0.0,No
V002855,2026-03-26 09:13:37,Calle 80,Barrios Unidos,Simón Bolívar Norte,Barrios Unidos,9.7,1.65,Eléctrica,Suscriptor,Nublado,15.1,0.0,No
V002349,2026-03-22 14:58:13,Zona G,Chapinero,Zona G,Chapinero,23.6,4.41,Mecánica,Suscriptor,Despejado,14.9,0.0,Sí
V001156,2026-05-01 19:28:51,Parkway,Teusaquillo,Parque de los Novios,Barrios Unidos,25.2,4.11,Mecánica,Suscriptor,Lluvia,20.0,8.0,No
V000465,2026-05-12 19:36:15,Centro Internacional,Santa Fe,Museo Nacional,Santa Fe,37.6,7.63,Mecánica,Suscriptor,Lluvia ligera,15.8,2.1,No
V003200,2026-04-11 09:13:47,Parkway,Teusaquillo,Centro Internacional,Santa Fe,9.3,2.0,Mecánica,Suscriptor,Nublado,15.3,0.0,Sí
V001124,2026-04-06 04:43:28,Zona G,Chapinero,Corferias,Teusaquillo,6.8,1.11,Eléctrica,Suscriptor,Nublado,14.9,0.0,No
V001382,2026-04-03 18:44:00,Simón Bolívar Sur,Teusaquillo,Corferias,Teusaquillo,13.2,3.05,Mecánica,Suscriptor,Despejado,16.9,0.0,No
V002397,2026-05-21 20:23:09,Parque de la 93,Chapinero,Zona G,Chapinero,21.3,5.05,Mecánica,Ocasional,Despejado,19.9,0.0,No
V001946,2026-03-01 05:32:16,Centro Internacional,Santa Fe,Unicentro,Usaquén,4.7,1.2,Eléctrica,Suscriptor,Despejado,16.3,0.0,Sí
V003144,2026-03-25 08:44:10,Calle 100,Usaquén,Centro Internacional,Santa Fe,10.9,2.2,Eléctrica,Suscriptor,Lluvia ligera,18.2,0.2,No
V001451,2026-02-03 09:31:13,Museo Nacional,Santa Fe,Parque Nacional,Santa Fe,9.1,1.44,Mecánica,Suscriptor,Nublado,13.9,0.0,No
V000066,2026-04-20 22:01:36,Simón Bolívar Norte,Barrios Unidos,Simón Bolívar Norte,Barrios Unidos,14.0,3.23,Eléctrica,Suscriptor,Lluvia,16.1,9.5,No
V002472,2026-02-16 09:50:30,Centro Internacional,Santa Fe,Parkway,Teusaquillo,25.1,4.87,Mecánica,Suscriptor,Nublado,14.9,0.0,No
V000433,2026-05-06 08:12:14,Las Aguas,La Candelaria,Chorro de Quevedo,La Candelaria,6.8,1.19,Mecánica,Ocasional,Lluvia ligera,18.5,0.5,No
V002617,2026-05-05 18:01:48,Centro Internacional,Santa Fe,Parque Nacional,Santa Fe,23.3,4.16,Mecánica,Suscriptor,Lluvia ligera,18.8,1.6,No
V000049,2026-04-19 11:26:19,Las Aguas,La Candelaria,Chorro de Quevedo,La Candelaria,11.1,1.49,Mecánica,Ocasional,Despejado,14.4,0.0,Sí
V002644,2026-05-23 07:49:51,Museo Nacional,Santa Fe,Parque de los Novios,Barrios Unidos,19.2,4.32,Mecánica,Suscriptor,Nublado,16.4,0.0,Sí
V002044,2026-02-06 04:39:31,Parque de los Hippies,Chapinero,Universidad Javeriana,Chapinero,6.3,0.7,Mecánica,Suscriptor,Nublado,18.0,0.0,No
V001907,2026-05-17 07:55:50,Hacienda Santa Bárbara,Usaquén,Calle 100,Usaquén,15.0,2.77,Mecánica,,Nublado,20.3,0.0,Sí
V003107,2026-03-05 11:26:13,Museo Nacional,Santa Fe,Universidades Centro,La Candelaria,22.0,2.29,Mecánica,Suscriptor,Lluvia,15.6,10.8,No
V001870,2026-04-06 09:39:51,San Felipe,Chapinero ,Calle 80,Barrios Unidos,6.7,1.35,Eléctrica,Suscriptor,Lluvia ligera,16.0,1.1,No
V001306,2026-03-28 00:59:39,Simón Bolívar Sur,Teusaquillo,Universidad Nacional,Teusaquillo,9.2,1.54,Mecánica,,Lluvia,17.8,3.9,Sí
V000829,2026-03-21 18:09:45,Parkway,Teusaquillo,Parkway,Teusaquillo,6.0,1.0,Mecánica,Ocasional,Nublado,17.7,0.0,Sí
V002692,2026-02-23 11:09:15,Parkway,Teusaquillo,Galerías,Teusaquillo,11.7,2.5,Mecánica,Suscriptor,Nublado,,0.0,No
V000130,2026-05-03 08:50:57,Zona G,Chapinero,Parque de la 93,Chapinero,8.0,1.79,Mecánica,Suscriptor,Nublado,18.3,0.0,Sí
V002703,2026-03-01 17:47:42,Parque de la 93,Chapinero,Calle 72,Chapinero,14.7,2.62,Mecánica,Suscriptor,Despejado,18.8,0.0,Sí
V001813,2026-02-15 03:49:46,Plaza de Bolívar,La Candelaria,Plaza de Bolívar,La Candelaria,10.1,2.19,Mecánica,Suscriptor,Nublado,13.4,0.0,Sí
V001543,2026-02-27 19:30:35,Corferias,Teusaquillo,Parkway,Teusaquillo,10.6,2.28,Mecánica,Suscriptor,Despejado,18.9,0.0,No
V002056,2026-05-06 17:48:07,Calle 80,Barrios Unidos,San Felipe,Barrios Unidos,15.4,3.21,Eléctrica,Suscriptor,Despejado,17.7,0.0,No
V001782,2026-05-15 18:14:24,Las Nieves,Santa Fe,Centro Internacional,Santa Fe,18.7,3.76,Mecánica,Suscriptor,Despejado,18.9,0.0,No
V002891,2026-03-01 09:57:30,Centro Internacional,Santa Fe,Chorro de Quevedo,La Candelaria,7.0,1.15,Eléctrica,Suscriptor,Lluvia ligera,15.9,0.3,Sí
V000238,2026-05-03 18:33:41,Universidad Nacional,Teusaquillo,Parkway,Teusaquillo,16.5,3.12,Mecánica,Suscriptor,Despejado,13.6,0.0,Sí
V001915,2026-05-24 19:55:44,Plaza de Bolívar,La Candelaria,Universidades Centro,La Candelaria,18.3,3.49,Mecánica,Suscriptor,Nublado,22.4,0.0,Sí
V002541,2026-03-26 03:53:23,Calle 116,Usaquén,Parkway,Teusaquillo,9.4,2.16,Eléctrica,Suscriptor,Nublado,18.2,0.0,No
V001730,2026-05-31 12:46:27,Calle 80,Barrios Unidos,Universidad Javeriana,Chapinero,38.3,7.94,Mecánica,Suscriptor,Despejado,17.7,0.0,Sí
V002415,2026-02-11 08:52:21,Simón Bolívar Norte,Barrios Unidos,Calle 72,Chapinero,29.5,6.05,Mecánica,Suscriptor,Lluvia,9.5,5.0,No
V000523,2026-04-26 00:08:50,Las Aguas,La Candelaria,Las Aguas,La Candelaria,9.8,2.1,Eléctrica,Suscriptor,Lluvia,16.2,3.9,Sí
V001809,2026-05-30 18:25:11,Universidades Centro,La Candelaria,Las Aguas,La Candelaria,16.2,3.01,Eléctrica,Suscriptor,Lluvia ligera,16.7,2.5,Sí
V000055,2026-03-27 08:42:31,Parque de la 93,Chapinero,Zona G,Chapinero,8.9,1.51,Mecánica,Suscriptor,Nublado,13.8,0.0,No
V002765,2026-05-18 11:35:01,Parque de la 93,Chapinero,Universidad Nacional,Teusaquillo,17.1,2.78,Mecánica,Ocasional,Lluvia,18.9,9.3,No
V002874,2026-03-15 18:37:44,Calle 116,Usaquén,Calle 100,Usaquén,14.4,3.26,Mecánica,Suscriptor,Despejado,16.7,0.0,Sí
V002935,2026-02-17 22:36:55,Centro Internacional,Santa Fe,Simón Bolívar Norte,Barrios Unidos,23.2,6.31,Eléctrica,Suscriptor,Lluvia ligera,15.3,1.5,No
V000383,2026-02-09 17:14:25,Centro Internacional,Santa Fe,Las Nieves,Santa Fe,22.0,5.07,Mecánica,Suscriptor,Nublado,13.0,0.0,No
V002498,2026-02-02 08:49:19,Simón Bolívar Sur,Teusaquillo,Calle 72,Chapinero,8.2,1.19,Eléctrica,Suscriptor,Despejado,15.2,0.0,No
V000158,2026-03-25 23:58:14,Corferias,Teusaquillo,Parkway,Teusaquillo,12.8,1.29,Mecánica,Ocasional,Nublado,19.0,0.0,No
V002982,2026-02-08 06:20:06,Universidad Javeriana,Chapinero,Parque de la 93,Chapinero,21.2,4.92,Mecánica,Suscriptor,Despejado,12.4,0.0,Sí
V003022,2026-05-13 09:13:42,Corferias,Teusaquillo,Corferias,Teusaquillo,5.4,1.08,Eléctrica,Suscriptor,Despejado,17.2,0.0,No
V001923,2026-02-17 17:05:25,Zona G,Chapinero,Universidades Centro,La Candelaria,19.8,2.75,Mecánica,Suscriptor,Nublado,16.6,0.0,No
V000836,2026-03-15 18:27:52,Universidad Nacional,Teusaquillo,Universidades Centro,La Candelaria,14.5,2.13,Eléctrica,Suscriptor,Despejado,16.9,0.0,Sí
V003084,2026-04-17 19:06:31,Hacienda Santa Bárbara,Usaquén,Calle 116,Usaquén,10.2,2.06,Mecánica,Suscriptor,Nublado,18.7,0.0,No
V000464,2026-02-22 18:53:57,Universidades Centro,La Candelaria,Plaza de Bolívar,La Candelaria,18.0,3.39,Mecánica,Ocasional,Lluvia,14.5,7.8,Sí
V001850,2026-04-13 19:59:10,San Felipe,Barrios Unidos,Simón Bolívar Norte,Barrios Unidos,23.4,5.37,Mecánica,Ocasional,Nublado,16.5,0.0,No
V002883,2026-02-26 22:40:30,Calle 100,Usaquén,Hacienda Santa Bárbara,Usaquén,8.2,2.3,Eléctrica,Suscriptor,Despejado,18.1,0.0,No
V001468,2026-02-09 03:42:11,Parkway,Teusaquillo,Parque de los Hippies,Chapinero,26.0,4.7,Eléctrica,Ocasional,Nublado,18.5,0.0,No
V002540,2026-02-09 11:29:28,Parque El Virrey Norte,Usaquén,Unicentro,Usaquén,10.2,2.02,Mecánica,Suscriptor,Nublado,15.6,0.0,No
V002147,2026-03-11 17:16:44,Parque de los Novios,Barrios Unidos,San Felipe,Barrios Unidos,5.8,1.37,Eléctrica,Ocasional,Despejado,,0.0,No
V002487,2026-04-13 17:51:31,Corferias,Teusaquillo,Corferias,Teusaquillo,5.8,,Eléctrica,Suscriptor,Despejado,17.8,0.0,No
V002166,2026-04-18 07:42:23,Centro Internacional,Santa Fe,Las Nieves,Santa Fe,15.9,2.41,Mecánica,Ocasional,Nublado,18.5,0.0,Sí
V002391,2026-05-31 02:51:00,Zona G,Chapinero,Parque de los Hippies,Chapinero,10.1,1.3,Mecánica,Suscriptor,Despejado,16.0,0.0,Sí
V000596,2026-05-21 03:11:37,Calle 100,Usaquén,Hacienda Santa Bárbara,Usaquén,14.8,3.29,Eléctrica,Suscriptor,Lluvia,17.5,9.9,No
V001086,2026-04-06 08:23:16,Galerías,Teusaquillo,Corferias,Teusaquillo,11.0,1.47,Eléctrica,Suscriptor,Lluvia ligera,19.9,1.3,No
V001754,2026-02-08 19:36:30,Las Nieves,Santa Fe,Plaza de Bolívar,La Candelaria,14.5,2.11,Mecánica,Suscriptor,Despejado,16.6,0.0,Sí
V002929,2026-04-16 09:22:20,Las Aguas,La Candelaria,Las Aguas,La Candelaria,8.9,1.88,Eléctrica,Suscriptor,Nublado,16.0,0.0,No
V001771,2026-02-22 09:38:11,Galerías,Teusaquillo,Museo Nacional,Santa Fe,15.2,4.37,Eléctrica,Suscriptor,Lluvia ligera,14.1,0.9,Sí
V001903,2026-03-08 21:54:34,Calle 63,Chapinero,Universidad Javeriana,Chapinero,11.8,3.03,Eléctrica,Suscriptor,Nublado,15.3,0.0,Sí
V001775,2026-03-01 04:04:34,Las Nieves,Santa Fe,Museo Nacional,Santa Fe,10.4,1.77,Mecánica,Suscriptor,Lluvia ligera,16.1,0.8,Sí
V000368,2026-04-25 07:48:31,Parque de la 93,Chapinero,Zona G,Chapinero,11.9,2.91,Mecánica,Suscriptor,Nublado,15.6,0.0,Sí
V002744,2026-03-13 01:06:03,Calle 116,Usaquén,Calle 100,Usaquén,11.1,2.08,Mecánica,Suscriptor,Despejado,14.5,0.0,No
V001636,2026-02-11 07:41:22,Calle 116,Usaquén,Simón Bolívar Norte,Barrios Unidos,20.4,4.44,Mecánica,Suscriptor,Despejado,14.6,0.0,No
V002978,2026-04-17 20:31:13,Zona G,Chapinero,Chorro de Quevedo,La Candelaria,40.3,6.3,Mecánica,Ocasional,Lluvia,15.5,10.6,No
V000098,2026-04-06 07:49:08,Parque de los Hippies,Chapinero,Parque de los Hippies,Chapinero,6.5,0.9,Eléctrica,Suscriptor,Despejado,14.6,0.0,No
V001901,2026-05-22 18:10:01,Simón Bolívar Norte,Barrios Unidos,San Felipe,Barrios Unidos,9.7,2.94,Eléctrica,Suscriptor,Despejado,15.2,0.0,No
V002977,2026-03-27 18:25:32,Parque de los Hippies,Chapinero,Galerías,Teusaquillo,21.4,3.72,Mecánica,Suscriptor,Lluvia,14.1,9.1,No
V001562,2026-03-06 01:44:49,Plaza de Bolívar,La Candelaria,Chorro de Quevedo,La Candelaria,13.0,2.49,Mecánica,Suscriptor,Lluvia,16.4,10.4,No
V000382,2026-05-27 04:12:21,Parque El Virrey Norte,Usaquén,Hacienda Santa Bárbara,Usaquén,8.6,2.35,Eléctrica,Ocasional,Despejado,11.7,0.0,No
V003088,2026-02-02 17:57:11,Zona G,Chapinero,Calle 72,Chapinero,12.6,2.37,Mecánica,Suscriptor,Nublado,14.7,0.0,No
V001948,2026-05-04 08:57:18,Calle 80,Barrios Unidos,Calle 80,Barrios Unidos,7.4,1.61,Eléctrica,Suscriptor,Lluvia,22.2,3.0,No
V000029,2026-03-15 14:06:31,Unicentro,Usaquén,Hacienda Santa Bárbara,Usaquén,16.1,3.54,Mecánica,Suscriptor,Nublado,15.5,0.0,Sí
V001099,2026-02-08 07:48:45,Universidad Javeriana,Chapinero,Universidad Nacional,Teusaquillo,7.5,,Eléctrica,Suscriptor,Nublado,16.1,0.0,Sí
V000448,2026-05-12 08:54:07,Parque de los Hippies,Chapinero,Calle 63,Chapinero,18.9,3.67,Eléctrica,Suscriptor,Nublado,16.9,0.0,No
V002418,2026-02-25 18:05:03,Unicentro,Usaquén,Calle 100,Usaquén,8.9,1.87,Eléctrica,Suscriptor,Nublado,15.8,0.0,No
V000821,2026-04-25 03:24:11,Galerías,Teusaquillo,Simón Bolívar Sur,Teusaquillo,9.3,1.8,Mecánica,Suscriptor,Nublado,16.6,0.0,Sí
V002702,2026-03-01 15:03:07,Centro Internacional,Santa Fe,Centro Internacional,Santa Fe,19.9,2.36,electrica,Ocasional,Nublado,15.8,0.0,Sí
V002060,2026-04-10 07:49:18,Corferias,Teusaquillo,Calle 100,Usaquén,16.1,2.5,Eléctrica,Suscriptor,Despejado,16.5,0.0,No
V002288,2026-05-12 22:20:33,Las Aguas,La Candelaria,Plaza de Bolívar,La Candelaria,38.3,7.46,Mecánica,Suscriptor,Nublado,13.1,0.0,No
V001196,2026-03-21 18:09:53,Zona G,Chapinero,Calle 72,Chapinero,10.7,2.36,Mecánica,Ocasional,Despejado,19.9,0.0,Sí
V002705,2026-02-24 09:17:54,Calle 72,Chapinero,Parque de la 93,Chapinero,11.4,2.53,Eléctrica,Suscriptor,Despejado,16.5,0.0,No
V000722,2026-05-16 23:12:12,Parque Nacional,Santa Fe,Centro Internacional,Santa Fe,15.3,3.06,Mecánica,Suscriptor,Despejado,16.6,0.0,Sí
V001292,2026-04-08 23:58:01,San Felipe,Barrios Unidos,Calle 80,Barrios Unidos,8.9,1.76,Eléctrica,Suscriptor,Despejado,15.0,0.0,No
V002974,2026-02-09 17:07:49,Parque de la 93,Chapinero,Simón Bolívar Sur,Teusaquillo,8.2,1.72,Mecánica,Suscriptor,Lluvia ligera,17.7,2.0,No
V002073,2026-04-17 08:20:36,Universidad Javeriana,Chapinero,Parque de la 93,Chapinero,7.9,1.48,Eléctrica,Ocasional,Nublado,17.1,0.0,No
V001869,2026-03-13 16:45:32,Calle 80,Barrios Unidos,Las Nieves,Santa Fe,27.7,7.25,Eléctrica,Suscriptor,Nublado,16.8,0.0,No
V002552,2026-02-27 12:02:44,Parque de los Hippies,Chapinero,Calle 63,Chapinero,10.7,2.12,Eléctrica,Suscriptor,Nublado,15.7,0.0,No
V000780,2026-05-13 18:30:22,San Felipe,Barrios Unidos,Simón Bolívar Norte,Barrios Unidos,10.0,2.6,Eléctrica,Suscriptor,Nublado,20.6,0.0,No
V001722,2026-02-16 03:00:51,Las Aguas,La Candelaria,Las Aguas,La Candelaria,7.6,2.24,Eléctrica,Ocasional,Despejado,17.2,0.0,No
V001024,2026-03-14 19:51:12,Parque Nacional,Santa Fe,Parque Nacional,Santa Fe,4.2,0.81,Eléctrica,Ocasional,Despejado,13.6,0.0,Sí
V000005,2026-02-06 03:39:59,Parque de la 93,Chapinero,Parque de la 93,Chapinero,4.0,0.9,Eléctrica,Ocasional,Lluvia,16.5,4.4,No
V002968,2026-03-19 12:17:25,Las Nieves,Santa Fe,Museo Nacional,Santa Fe,8.6,1.38,Mecánica,Ocasional,Despejado,15.1,0.0,No
V001437,2026-04-14 13:18:24,Universidad Nacional,Teusaquillo,Simón Bolívar Sur,Teusaquillo,10.0,,Mecánica,Suscriptor,Nublado,20.2,0.0,No
V003189,2026-05-25 09:00:31,Calle 80,Barrios Unidos,San Felipe,Barrios Unidos,15.3,4.46,Eléctrica,Suscriptor,Nublado,14.2,0.0,No
V000517,2026-04-19 18:45:46,Universidad Nacional,Teusaquillo,Galerías,Teusaquillo,19.2,5.57,Eléctrica,Suscriptor,Lluvia ligera,16.2,0.5,Sí
V001916,2026-03-16 18:36:49,Las Aguas,La Candelaria,Calle 63,Chapinero,15.0,2.38,Mecánica,Ocasional,Nublado,13.4,0.0,No
V002609,2026-05-02 16:43:25,Universidad Javeriana,Chapinero,Calle 63,Chapinero,10.5,1.94,Mecánica,Ocasional,Despejado,20.6,0.0,Sí
V002907,2026-05-05 08:48:36,Calle 116,Usaquén,Simón Bolívar Norte,Barrios Unidos,17.3,3.56,Eléctrica,Suscriptor,Nublado,11.3,0.0,No
V000351,2026-05-28 17:33:18,Calle 72,Chapinero,Universidad Javeriana,Chapinero,22.3,4.19,Mecánica,Suscriptor,Nublado,18.3,0.0,No
V001328,2026-04-12 17:06:09,Hacienda Santa Bárbara,Usaquén,Centro Internacional,Santa Fe,22.1,7.66,Eléctrica,Suscriptor,Despejado,17.0,0.0,Sí
V002721,2026-05-23 08:06:43,Plaza de Bolívar,La Candelaria,Chorro de Quevedo,La Candelaria,21.4,5.08,Mecánica,Suscriptor,Despejado,17.1,0.0,Sí
V001243,2026-03-27 08:48:59,Hacienda Santa Bárbara,Usaquén,Plaza de Bolívar,La Candelaria,18.3,3.29,Eléctrica,Ocasional,Despejado,16.3,0.0,No
V000661,2026-03-19 00:03:10,Calle 80,Barrios Unidos,Calle 80,Barrios Unidos,15.8,3.75,Eléctrica,Ocasional,Despejado,15.8,0.0,No
V002919,2026-02-17 11:13:00,Parque de los Hippies,Chapinero,Calle 72,Chapinero,12.1,2.08,Mecánica,Suscriptor,Despejado,15.6,0.0,No
V002532,2026-02-13 10:07:19,Calle 116,Usaquén,Unicentro,Usaquén,10.1,2.21,Eléctrica,Suscriptor,Nublado,13.0,0.0,No
V000900,2026-03-16 14:19:01,Calle 63,Chapinero,Centro Internacional,Santa Fe,43.2,9.27,Eléctrica,Suscriptor,Nublado,13.5,0.0,No
V001658,2026-04-09 21:29:14,Parque de los Novios,Barrios Unidos,Calle 80,Barrios Unidos,10.0,2.7,Eléctrica,Ocasional,Lluvia ligera,15.7,2.3,No
V002290,2026-05-19 12:00:41,Calle 63,Chapinero,Calle 63,Chapinero,7.7,1.22,Eléctrica,Ocasional,Despejado,14.6,0.0,No
V000159,2026-02-06 19:24:21,Universidad Javeriana,Chapinero,Universidad Javeriana,Chapinero,12.4,,Mecánica,Suscriptor,Nublado,14.0,0.0,No
V000384,2026-02-02 11:49:27,Simón Bolívar Sur,Teusaquillo,Museo Nacional,Santa Fe,17.6,5.04,Eléctrica,Suscriptor,Lluvia,14.7,5.2,No
V002248,2026-04-09 17:28:44,Parque de los Novios,Barrios Unidos,Corferias,Teusaquillo,6.0,1.64,Eléctrica,Suscriptor,Lluvia,20.2,5.7,No
V000141,2026-04-30 15:15:58,Zona G,Chapinero,Parque de los Hippies,Chapinero,13.8,2.16,Mecánica,Ocasional,Nublado,20.6,0.0,No
V000466,2026-03-29 13:25:33,Calle 63,Chapinero,Zona G,Chapinero,12.1,1.88,Mecánica,Suscriptor,Despejado,17.5,0.0,Sí
V002365,2026-02-17 09:54:40,Centro Internacional,Santa Fe,Centro Internacional,Santa Fe,12.8,2.24,Mecánica,Suscriptor,Despejado,15.8,0.0,No
V001339,2026-04-07 17:14:04,Calle 100,Usaquén,Unicentro,Usaquén,11.1,1.31,Eléctrica,Suscriptor,Lluvia,16.1,4.3,No
V000300,2026-04-01 18:50:28,Universidad Nacional,Teusaquillo,Universidad Nacional,Teusaquillo,4.4,1.18,Eléctrica,Ocasional,Nublado,17.4,0.0,No
V002031,2026-03-07 18:00:43,Centro Internacional,Santa Fe,Las Nieves,Santa Fe,13.3,2.78,Eléctrica,Ocasional,Despejado,16.6,0.0,Sí
V000398,2026-05-11 03:01:28,Zona G,Chapinero,Universidad Nacional,Teusaquillo,18.4,,Eléctrica,Suscriptor,Despejado,,0.0,No
V000935,2026-03-06 17:01:25,Chorro de Quevedo,La Candelaria,Galerías,Teusaquillo,17.2,3.29,Eléctrica,Ocasional,Despejado,20.2,0.0,No
V002493,2026-04-11 22:49:32,Parque El Virrey Norte,Usaquén,Parque El Virrey Norte,Usaquén,7.7,1.41,Eléctrica,Ocasional,Despejado,15.2,0.0,Sí
V002112,2026-02-18 19:15:38,Chorro de Quevedo,La Candelaria,Universidades Centro,La Candelaria,17.3,3.81,Mecánica,Suscriptor,Nublado,15.0,0.0,No
V002218,2026-05-22 09:18:01,Universidad Javeriana,Chapinero,Calle 63,Chapinero,26.6,4.48,Mecánica,Suscriptor,Nublado,17.6,0.0,No
V001034,2026-05-30 05:58:09,Unicentro,Usaquén,,Usaquén,6.0,0.7,Eléctrica,Ocasional,Despejado,18.9,0.0,Sí
V001540,2026-03-01 18:08:21,Las Nieves,Santa Fe,Centro Internacional,Santa Fe,7.8,1.66,Mecánica,Ocasional,Nublado,16.6,0.0,Sí
V002559,2026-03-26 18:09:28,Calle 63,Chapinero,Parque de los Hippies,Chapinero,13.9,3.12,Eléctrica,Suscriptor,Despejado,20.5,0.0,No
V001303,2026-05-11 13:05:19,Parque Nacional,Santa Fe,Parkway,Teusaquillo,40.1,6.92,Mecánica,Ocasional,Despejado,15.9,0.0,No
V001049,2026-05-13 19:56:36,Universidad Javeriana,Chapinero,Calle 116,Usaquén,38.0,6.46,Mecánica,Suscriptor,Despejado,15.4,0.0,No
V002516,2026-05-04 17:06:21,Unicentro,Usaquén,Calle 116,Usaquén,25.4,7.24,Eléctrica,Suscriptor,Despejado,18.6,0.0,No
V002659,2026-05-06 05:10:10,Simón Bolívar Norte,Barrios Unidos,San Felipe,Barrios Unidos,8.8,1.57,Mecánica,Suscriptor,Nublado,17.2,0.0,No
V000847,2026-04-25 08:21:40,Galerías,Teusaquillo,Parkway,Teusaquillo,20.8,4.71,Mecánica,Ocasional,Lluvia ligera,11.0,0.9,Sí
V000252,2026-02-03 18:35:26,Galerías,Teusaquillo,Simón Bolívar Sur,Teusaquillo,8.5,1.4,Eléctrica,Suscriptor,Nublado,18.2,0.0,No
V002321,2026-03-29 17:02:33,Calle 72,Chapinero,Parque de la 93,Chapinero,11.9,2.92,Eléctrica,Ocasional,Despejado,16.7,0.0,Sí
V002200,2026-03-02 22:19:10,Centro Internacional,Santa Fe,Las Nieves,Santa Fe,12.5,2.29,Mecánica,Suscriptor,Despejado,12.9,0.0,No
V000807,2026-05-08 18:26:43,Simón Bolívar Sur,Teusaquillo,Simón Bolívar Sur,Teusaquillo,5.5,1.13,Eléctrica,Suscriptor,Nublado,19.7,0.0,No
V002535,2026-03-28 08:41:56,Museo Nacional,Santa Fe,Parque de los Novios,Barrios Unidos,14.7,3.15,Eléctrica,Suscriptor,Nublado,14.6,0.0,Sí
V000716,2026-02-09 18:14:13,Parque de los Hippies,Chapinero,Calle 100,Usaquén,16.1,2.89,Eléctrica,Suscriptor,Nublado,18.4,0.0,No
V000337,2026-03-19 04:50:29,Parque de los Hippies,Chapinero,Calle 72,Chapinero,14.3,2.27,Mecánica,Suscriptor,Nublado,19.4,0.0,No
V001225,2026-03-22 19:34:46,Parque de los Hippies,Chapinero,Universidad Javeriana,Chapinero,13.9,1.74,Mecánica,Ocasional,Despejado,19.3,0.0,Sí
V000988,2026-02-14 03:56:47,Parque Nacional,Chapinero ,Parque Nacional,Santa Fe,5.3,0.97,Eléctrica,Suscriptor,Despejado,12.1,0.0,Sí
V002057,2026-05-04 09:54:22,Centro Internacional,Santa Fe,Centro Internacional,Santa Fe,7.8,1.88,Eléctrica,Suscriptor,Despejado,20.2,0.0,No
V000196,2026-05-04 10:45:16,Centro Internacional,Santa Fe,Parque Nacional,Santa Fe,14.7,3.0,Eléctrica,Suscriptor,Nublado,13.2,0.0,No
V002196,2026-04-04 09:51:03,Parque de los Hippies,Chapinero,Calle 80,Barrios Unidos,17.1,3.29,Mecánica,Suscriptor,Lluvia ligera,14.1,0.9,Sí
V001045,2026-04-27 18:13:58,Parque El Virrey Norte,Usaquén,Calle 116,Usaquén,11.1,2.58,Eléctrica,Suscriptor,Despejado,19.2,0.0,No
V000280,2026-02-09 08:20:50,Calle 72,Chapinero,Parque de los Hippies,Chapinero,7.4,1.88,Eléctrica,Suscriptor,Lluvia,12.2,3.2,No
V000097,2026-04-24 18:53:17,Parque de los Hippies,Chapinero,Parque de los Novios,Barrios Unidos,14.1,3.41,Mecánica,Suscriptor,Nublado,16.6,0.0,No
V000442,2026-03-19 17:19:51,Zona G,Chapinero,Parque de la 93,Chapinero,14.1,2.92,Mecánica,Suscriptor,Nublado,14.8,0.0,No
V001197,2026-03-30 07:27:17,Parque de los Hippies,Chapinero,Calle 63,Chapinero,10.6,1.93,Eléctrica,Suscriptor,Despejado,18.1,0.0,No
V001333,2026-04-13 21:19:02,Centro Internacional,Santa Fe,Parkway,Teusaquillo,10.6,2.94,Eléctrica,Suscriptor,Despejado,18.1,0.0,No
V001043,2026-04-04 07:21:17,Galerías,Teusaquillo,Corferias,Teusaquillo,4.1,0.8,Mecánica,Suscriptor,Despejado,13.4,0.0,Sí
V002501,2026-04-19 04:30:32,Centro Internacional,Santa Fe,Parque Nacional,Santa Fe,13.6,3.6,Mecánica,Ocasional,Despejado,17.7,0.0,Sí
V002770,2026-02-21 09:20:53,Simón Bolívar Norte,Barrios Unidos,Universidad Javeriana,Chapinero,9.3,1.69,Mecánica,Suscriptor,Nublado,15.3,0.0,Sí
V002444,2026-04-06 18:54:37,Corferias,Teusaquillo,Simón Bolívar Sur,Teusaquillo,24.8,6.03,Mecánica,Ocasional,lluvia ligera,17.2,0.0,No
V000331,2026-05-21 09:13:04,Las Aguas,La Candelaria,Las Aguas,La Candelaria,6.6,1.52,Mecánica,Suscriptor,Lluvia ligera,18.2,1.7,No
V002863,2026-02-25 09:12:26,Parkway,Teusaquillo,Parque de los Hippies,Chapinero,43.5,6.52,Mecánica,Ocasional,Lluvia ligera,15.6,2.4,No
V000862,2026-05-26 17:46:24,Zona G,Chapinero,Parque de los Hippies,Chapinero,14.4,3.37,Eléctrica,Suscriptor,Nublado,15.2,0.0,No
V000746,2026-03-26 14:04:31,Zona G,Chapinero,Universidad Javeriana,Chapinero,16.1,2.71,Mecánica,Suscriptor,Lluvia,11.2,9.0,No
V002848,2026-02-11 07:42:47,Parque El Virrey Norte,Usaquén,Plaza de Bolívar,La Candelaria,18.2,3.35,Mecánica,Suscriptor,Nublado,15.2,0.0,No
V001385,2026-05-18 17:16:15,Calle 72,Chapinero,Zona G,Chapinero,10.7,0.91,Mecánica,Suscriptor,Lluvia ligera,20.4,0.4,No
V001112,2026-03-22 16:03:50,Universidad Nacional,Teusaquillo,Unicentro,Usaquén,15.0,2.34,Mecánica,Ocasional,Nublado,16.7,0.0,Sí
V000328,2026-02-24 17:18:19,Las Nieves,Santa Fe,Parque Nacional,Santa Fe,27.6,3.59,Mecánica,Ocasional,Lluvia ligera,13.7,0.7,No
V001950,2026-02-08 08:08:43,Plaza de Bolívar,La Candelaria,Universidades Centro,La Candelaria,22.1,3.73,Mecánica,Ocasional,Nublado,18.3,0.0,Sí
V001560,2026-05-05 18:39:46,Galerías,Teusaquillo,Simón Bolívar Sur,Teusaquillo,15.7,2.68,Mecánica,Suscriptor,Despejado,16.6,0.0,No
V002581,2026-03-31 13:15:05,Calle 116,Usaquén,Universidad Javeriana,Chapinero,15.8,2.64,Mecánica,Ocasional,Lluvia ligera,18.4,0.6,No
V002774,2026-03-06 19:20:48,Plaza de Bolívar,La Candelaria,Parque El Virrey Norte,Usaquén,16.8,2.91,Mecánica,Suscriptor,Nublado,14.4,0.0,No
V001262,2026-05-21 19:39:48,Chorro de Quevedo,La Candelaria,Las Aguas,La Candelaria,9.2,2.29,Mecánica,Suscriptor,Nublado,16.8,0.0,No
V002087,2026-03-21 07:39:32,Universidad Javeriana,Chapinero,Universidad Javeriana,Chapinero,14.8,3.35,Eléctrica,Ocasional,Despejado,16.4,0.0,Sí
V000595,2026-05-05 19:13:12,Calle 63,Chapinero,Calle 72,Chapinero,11.1,1.74,Mecánica,Suscriptor,Lluvia,16.1,7.0,No
V002686,2026-04-05 18:57:24,Universidad Nacional,Teusaquillo,Zona G,Chapinero,20.5,3.7,Eléctrica,Suscriptor,Despejado,19.4,0.0,Sí
V001696,2026-03-25 18:09:45,Calle 80,Barrios Unidos,Calle 80,Barrios Unidos,10.1,1.22,Eléctrica,Suscriptor,Despejado,13.8,0.0,No
V001378,2026-02-25 07:03:33,Zona G,Chapinero,Parque de la 93,Chapinero,7.1,1.45,Eléctrica,Suscriptor,Lluvia ligera,16.4,1.7,No
V000550,2026-05-08 20:23:19,San Felipe,Barrios Unidos,San Felipe,Barrios Unidos,9.2,2.03,Eléctrica,Suscriptor,Nublado,15.1,0.0,No
V000557,2026-04-20 18:23:02,Calle 72,Chapinero,Hacienda Santa Bárbara,Usaquén,24.3,2.99,Mecánica,Ocasional,Nublado,18.1,0.0,No
V002697,2026-04-04 17:49:23,Universidad Javeriana,Chapinero,Universidad Javeriana,Chapinero,7.1,1.38,Mecánica,Ocasional,Nublado,17.8,0.0,Sí
V000542,2026-04-04 00:07:20,Parque Nacional,Santa Fe,Galerías,Teusaquillo,24.0,4.37,Mecánica,Ocasional,Nublado,15.9,0.0,Sí
V003137,2026-05-31 23:58:53,Universidad Nacional,Teusaquillo,Calle 72,Chapinero,12.9,2.46,Eléctrica,Ocasional,Despejado,19.4,0.0,Sí
V000265,2026-03-18 18:54:49,Las Aguas,La Candelaria,Universidades Centro,La Candelaria,9.1,2.31,Eléctrica,Ocasional,Despejado,14.6,0.0,No
V001402,2026-02-04 18:26:07,Calle 72,Chapinero,Hacienda Santa Bárbara,Usaquén,25.4,,Eléctrica,Suscriptor,Despejado,16.3,0.0,No
V001235,2026-02-08 17:05:04,Calle 63,Chapinero,Las Nieves,Santa Fe,13.7,3.13,Eléctrica,Suscriptor,Lluvia ligera,17.4,1.0,Sí
V001784,2026-03-29 01:52:09,Universidad Javeriana,Chapinero,Parque de los Hippies,Chapinero,31.1,4.91,Mecánica,Ocasional,Lluvia ligera,17.4,1.6,Sí
V001366,2026-04-19 11:09:05,Galerías,Teusaquillo,Universidad Nacional,Teusaquillo,14.9,3.06,Mecánica,Suscriptor,Despejado,18.1,0.0,Sí
V002908,2026-04-01 16:31:04,Universidad Javeriana,Chapinero,Zona G,Chapinero,9.8,2.19,Mecánica,Suscriptor,Nublado,16.9,0.0,No
V002999,2026-04-27 08:23:32,Universidad Javeriana,Chapinero,Las Aguas,La Candelaria,18.0,3.99,Eléctrica,Suscriptor,Nublado,16.4,0.0,No
V001534,2026-02-11 12:15:16,Museo Nacional,Santa Fe,Centro Internacional,Santa Fe,17.0,4.09,Eléctrica,Suscriptor,Despejado,14.9,0.0,No
V001065,2026-02-02 18:14:16,Parkway,Teusaquillo,Parque de la 93,Chapinero,14.8,4.02,Mecánica,Ocasional,Despejado,14.1,0.0,No
V002207,2026-05-31 04:49:52,Universidad Javeriana,Chapinero,Chorro de Quevedo,La Candelaria,17.6,3.1,Mecánica,Ocasional,Nublado,18.2,0.0,Sí
V000301,2026-02-26 19:05:58,Parque de los Hippies,Chapinero,Calle 80,Barrios Unidos,16.6,3.75,Mecánica,Suscriptor,Nublado,15.2,0.0,No
V001963,2026-04-28 18:47:26,Plaza de Bolívar,La Candelaria,Las Aguas,La Candelaria,13.0,2.43,Eléctrica,Suscriptor,Despejado,15.1,0.0,No
V000554,2026-05-28 09:56:53,Calle 80,Barrios Unidos,Centro Internacional,Santa Fe,29.7,8.51,Mecánica,Ocasional,Nublado,16.5,0.0,No
V000468,2026-03-09 07:42:42,Parque de la 93,Chapinero,Universidad Javeriana,Chapinero,29.4,7.22,Mecánica,Suscriptor,Nublado,18.1,0.0,No
V000345,2026-04-19 23:40:19,Parque de los Novios,Barrios Unidos,Unicentro,Usaquén,7.6,1.52,Mecánica,Suscriptor,Lluvia ligera,14.4,0.5,Sí
V002146,2026-05-30 19:40:14,Museo Nacional,Santa Fe,Calle 100,Usaquén,16.4,3.44,Mecánica,Suscriptor,Nublado,21.1,0.0,Sí
V002555,2026-03-06 03:00:10,Chorro de Quevedo,La Candelaria,Las Aguas,La Candelaria,14.1,2.75,Mecánica,Ocasional,lluvia ligera,15.7,0.0,No
V002268,2026-02-21 07:45:03,Parque de la 93,Chapinero,Calle 63,Chapinero,7.8,1.49,Mecánica,Suscriptor,Despejado,16.1,0.0,Sí
V002284,2026-04-12 18:01:28,San Felipe,Barrios Unidos,Calle 100,Usaquén,8.9,1.94,Eléctrica,Ocasional,Lluvia,19.5,4.4,Sí
V001496,2026-02-10 19:23:14,Simón Bolívar Sur,Teusaquillo,Calle 80,Barrios Unidos,17.0,3.08,Mecánica,Suscriptor,Despejado,15.9,0.0,No
V002082,2026-05-26 07:21:17,Calle 63,Chapinero,Parque de los Novios,Barrios Unidos,62.8,7.4,Eléctrica,Suscriptor,Lluvia ligera,13.0,1.4,No
V002176,2026-05-19 21:37:54,Centro Internacional,Santa Fe,Parque Nacional,Santa Fe,8.1,1.62,Mecánica,Ocasional,Despejado,18.3,0.0,No
V001911,2026-05-02 08:42:05,Unicentro,Usaquén,,Usaquén,18.6,4.74,Eléctrica,Suscriptor,Lluvia ligera,17.8,0.9,Sí
V001456,2026-05-17 11:27:28,Centro Internacional,Santa Fe,Museo Nacional,Santa Fe,6.7,1.48,Eléctrica,Suscriptor,Nublado,15.9,0.0,Sí
V002745,2026-05-21 19:16:54,Calle 116,Usaquén,Parque El Virrey Norte,Usaquén,5.8,1.11,Eléctrica,Suscriptor,Despejado,21.0,0.0,No
V000440,2026-05-30 13:34:51,Calle 116,Usaquén,Unicentro,Usaquén,12.8,3.02,Eléctrica,Suscriptor,Despejado,16.1,0.0,Sí
V000022,2026-04-04 23:16:01,Zona G,Chapinero,Calle 63,Chapinero,11.1,2.34,Eléctrica,Ocasional,Despejado,18.8,0.0,Sí
V002689,2026-04-06 14:57:56,San Felipe,Barrios Unidos,Parque de los Novios,Barrios Unidos,17.9,3.45,Mecánica,Suscriptor,Lluvia,19.4,6.8,No
V001765,2026-05-03 21:05:16,Galerías,Teusaquillo,Universidad Nacional,Teusaquillo,31.1,6.92,Eléctrica,Suscriptor,Despejado,18.4,0.0,Sí
V002048,2026-03-12 05:04:12,Universidad Javeriana,Chapinero,Universidad Javeriana,Chapinero,14.3,3.49,Eléctrica,Suscriptor,Lluvia ligera,15.6,1.9,No
V001417,2026-05-03 18:35:03,Parque de los Hippies,Chapinero,Parque de los Novios,Barrios Unidos,19.3,4.9,Mecánica,Suscriptor,Lluvia,19.0,5.0,Sí
V001544,2026-04-18 18:19:08,Zona G,Chapinero,Universidad Javeriana,Chapinero,7.9,1.62,Mecánica,Suscriptor,Nublado,17.8,0.0,Sí
V001228,2026-02-09 12:21:48,Corferias,Teusaquillo,Corferias,Teusaquillo,5.1,0.88,Mecánica,Suscriptor,Despejado,16.3,0.0,No
V001768,2026-02-25 15:01:48,Universidad Javeriana,Chapinero,Parque de los Hippies,Chapinero,15.4,3.27,Eléctrica,Suscriptor,Despejado,15.7,0.0,No
V001497,2026-02-03 12:59:08,Parque de la 93,Chapinero,Universidad Nacional,Teusaquillo,6.1,1.65,Eléctrica,Suscriptor,Despejado,12.8,0.0,No
V001214,2026-03-31 11:28:59,Calle 63,Chapinero,Parque de la 93,Chapinero,20.2,5.61,Eléctrica,Ocasional,Despejado,20.0,0.0,No
V002781,2026-03-21 08:56:39,Universidad Nacional,Teusaquillo,Chorro de Quevedo,La Candelaria,19.2,3.08,Eléctrica,Suscriptor,Despejado,18.2,0.0,Sí
V000488,2026-04-25 14:46:29,San Felipe,Barrios Unidos,Parque El Virrey Norte,Usaquén,22.7,4.7,Mecánica,Suscriptor,Lluvia,11.2,5.4,Sí
V000230,2026-03-05 05:15:22,Parque El Virrey Norte,Usaquén,Parque de los Novios,Barrios Unidos,15.8,3.36,Mecánica,Suscriptor,Despejado,16.6,0.0,No
V001482,2026-02-14 17:33:09,Simón Bolívar Sur,Teusaquillo,Parkway,Teusaquillo,9.7,1.29,Eléctrica,Suscriptor,Lluvia,12.8,5.7,Sí
V003066,2026-04-20 06:40:14,Unicentro,Usaquén,Calle 116,Usaquén,10.2,2.97,Eléctrica,Ocasional,Nublado,20.1,0.0,No
V002068,2026-04-07 07:10:01,Hacienda Santa Bárbara,Usaquén,Parque El Virrey Norte,Usaquén,13.1,2.65,Mecánica,Ocasional,Despejado,17.2,0.0,No
V000287,2026-02-02 19:47:42,Centro Internacional,Santa Fe,Las Nieves,Santa Fe,6.0,1.35,Eléctrica,Ocasional,Lluvia,15.0,6.0,No
V002034,2026-04-18 19:25:44,Museo Nacional,Santa Fe,Parque Nacional,Santa Fe,25.6,7.76,Eléctrica,Ocasional,Nublado,19.3,0.0,Sí
V002900,2026-05-29 03:33:05,Calle 63,Chapinero,Parque de los Hippies,Chapinero,10.1,1.69,Mecánica,Suscriptor,Lluvia,14.1,3.6,No
V000811,2026-05-16 09:26:15,Hacienda Santa Bárbara,Usaquén,Calle 116,Usaquén,20.7,4.49,Eléctrica,Suscriptor,Despejado,20.8,0.0,Sí
V002392,2026-03-18 18:31:23,Calle 80,Barrios Unidos,Parkway,Teusaquillo,12.1,2.98,Eléctrica,Suscriptor,Lluvia,19.6,9.4,No
V000432,2026-04-12 18:19:11,Calle 80,Barrios Unidos,Parque de los Novios,Barrios Unidos,9.1,1.23,Eléctrica,Ocasional,Nublado,17.7,0.0,Sí
V001964,2026-03-04 19:51:46,Universidad Javeriana,Chapinero,Calle 72,Chapinero,16.7,3.98,Eléctrica,Suscriptor,Nublado,15.4,0.0,No
V002301,2026-03-23 18:40:32,Plaza de Bolívar,La Candelaria,Chorro de Quevedo,La Candelaria,10.9,2.04,Mecánica,Ocasional,Nublado,16.8,0.0,No
V003143,2026-02-15 17:16:21,Parque de los Novios,Barrios Unidos,Calle 80,Barrios Unidos,24.9,6.8,Eléctrica,Ocasional,Lluvia ligera,11.0,1.0,Sí
V000621,2026-03-24 20:17:01,Zona G,Chapinero,San Felipe,Barrios Unidos,16.1,2.78,Mecánica,Suscriptor,Despejado,19.4,0.0,No
V002556,2026-02-20 12:26:03,Plaza de Bolívar,La Candelaria,Parque de la 93,Chapinero,21.9,3.94,Eléctrica,Suscriptor,Despejado,14.4,0.0,No
V000937,2026-05-01 17:16:39,Parque Nacional,Santa Fe,Museo Nacional,Santa Fe,15.0,1.95,Mecánica,Suscriptor,Despejado,15.0,0.0,No
V001206,2026-03-11 18:49:46,Calle 100,Usaquén,Calle 100,Usaquén,10.5,1.83,Mecánica,Ocasional,Despejado,18.7,0.0,No
V001203,2026-02-11 07:00:47,Calle 72,Chapinero,Parque de la 93,Chapinero,12.4,2.33,Mecánica,Ocasional,Lluvia,14.2,7.9,No
V002278,2026-04-08 07:18:32,Parkway,Teusaquillo,Universidad Javeriana,Chapinero,11.0,2.42,Eléctrica,Suscriptor,Despejado,14.5,0.0,No
V001316,2026-05-15 04:38:35,Calle 100,Usaquén,Parque El Virrey Norte,Usaquén,15.0,2.72,Eléctrica,Ocasional,Lluvia,17.6,10.7,No
V002086,2026-03-11 20:25:34,Simón Bolívar Sur,Teusaquillo,Galerías,Teusaquillo,15.9,2.34,Mecánica,Suscriptor,Nublado,17.9,0.0,No
V000131,2026-03-28 09:32:42,Parkway,Teusaquillo,Universidad Nacional,Teusaquillo,7.4,1.78,Eléctrica,Ocasional,Nublado,17.6,0.0,Sí
V001846,2026-02-24 17:43:36,Universidades Centro,La Candelaria,Chorro de Quevedo,La Candelaria,11.7,2.96,Eléctrica,Suscriptor,Lluvia ligera,14.2,0.7,No
V000956,2026-03-15 12:42:29,Calle 80,Barrios Unidos,Simón Bolívar Sur,Teusaquillo,34.5,6.35,Mecánica,Suscriptor,Lluvia,19.5,7.5,Sí
V000914,2026-02-21 04:26:15,Corferias,Teusaquillo,Galerías,Teusaquillo,15.9,3.11,Mecánica,Suscriptor,Lluvia,17.9,10.3,Sí
V000860,2026-04-21 17:39:43,Simón Bolívar Norte,Barrios Unidos,,La Candelaria,7.0,1.7,Eléctrica,Suscriptor,Despejado,17.6,0.0,No
V002163,2026-04-06 08:59:15,Universidad Nacional,Teusaquillo,Universidad Nacional,Teusaquillo,8.2,1.37,Mecánica,Suscriptor,Nublado,14.6,0.0,No
V001442,2026-03-25 08:18:41,Calle 100,Usaquén,Calle 100,Usaquén,4.8,0.7,Mecánica,Suscriptor,Lluvia ligera,21.7,2.1,No
V000128,2026-03-13 18:27:50,Calle 72,Chapinero,Calle 72,Chapinero,3.9,0.8,Eléctrica,Ocasional,Despejado,21.1,0.0,No
V000285,2026-05-25 05:42:33,Simón Bolívar Norte,Barrios Unidos,Unicentro,Usaquén,35.0,8.23,Mecánica,Suscriptor,Lluvia,18.0,4.9,No
V002264,2026-02-24 17:35:14,Simón Bolívar Sur,Teusaquillo,Parkway,Teusaquillo,17.1,4.15,Mecánica,Suscriptor,Nublado,15.1,0.0,No
V000979,2026-03-16 17:42:37,Simón Bolívar Sur,Teusaquillo,Galerías,Teusaquillo,12.3,2.23,Eléctrica,Suscriptor,Nublado,14.9,0.0,No
V000624,2026-02-13 18:42:07,Calle 72,Chapinero,Calle 116,Usaquén,35.3,5.36,Mecánica,Ocasional,Despejado,15.1,0.0,No
V000689,2026-05-25 08:37:46,Calle 72,Chapinero,Parque de la 93,Chapinero,19.7,4.25,Eléctrica,Ocasional,Nublado,14.8,0.0,No
V002003,2026-03-16 04:15:45,Museo Nacional,Santa Fe,Museo Nacional,Santa Fe,5.4,1.42,Eléctrica,Suscriptor,Despejado,16.8,0.0,No
V002139,2026-03-03 17:15:33,Museo Nacional,Santa Fe,Museo Nacional,Santa Fe,6.9,1.44,Eléctrica,Suscriptor,Lluvia ligera,19.9,0.9,No
V000996,2026-02-21 08:03:14,Las Nieves,Santa Fe,Las Nieves,Santa Fe,8.8,2.08,Mecánica,Suscriptor,Lluvia ligera,12.1,0.5,Sí
V003150,2026-03-16 20:26:47,Hacienda Santa Bárbara,Usaquén,Unicentro,Usaquén,8.9,1.69,Mecánica,Ocasional,Lluvia ligera,18.8,1.7,No
V001843,2026-02-21 17:07:31,Simón Bolívar Sur,Teusaquillo,Parque de los Hippies,Chapinero,13.9,3.77,Eléctrica,Ocasional,Lluvia ligera,14.8,2.2,Sí
V000611,2026-05-09 21:48:04,Centro Internacional,Santa Fe,Zona G,Chapinero,28.3,4.83,Mecánica,Suscriptor,Nublado,14.5,0.0,Sí
V000459,2026-02-16 18:01:16,Parque de la 93,Chapinero,Parque de los Hippies,Chapinero,34.2,7.19,Mecánica,Suscriptor,Nublado,15.2,0.0,No
V002383,2026-04-22 18:35:57,Universidad Nacional,Teusaquillo,Parkway,Teusaquillo,11.6,2.28,Mecánica,Ocasional,Nublado,18.8,0.0,No
V001654,2026-03-07 08:56:39,Universidades Centro,La Candelaria,San Felipe,Barrios Unidos,6.1,1.12,Eléctrica,Suscriptor,Lluvia ligera,15.6,1.0,Sí
V000463,2026-04-23 12:31:43,Parque de los Novios,Barrios Unidos,Simón Bolívar Norte,Barrios Unidos,30.4,4.96,Mecánica,Suscriptor,Despejado,13.1,0.0,No
V000793,2026-04-13 18:20:12,Simón Bolívar Sur,Teusaquillo,Zona G,Chapinero,8.8,1.67,Mecánica,Suscriptor,Nublado,18.3,0.0,No
V000505,2026-04-17 08:58:35,Universidad Javeriana,Chapinero,Parque de la 93,Chapinero,6.9,1.45,Eléctrica,Ocasional,Despejado,16.1,0.0,No
V000309,2026-04-18 18:00:16,Las Nieves,Santa Fe,Museo Nacional,Santa Fe,11.8,2.52,Eléctrica,Suscriptor,Despejado,15.6,0.0,Sí
V002469,2026-05-15 23:27:48,Parque de los Novios,Barrios Unidos,Simón Bolívar Norte,Barrios Unidos,22.3,4.04,Eléctrica,Suscriptor,Despejado,16.9,0.0,No
V000364,2026-02-21 18:36:32,Hacienda Santa Bárbara,Usaquén,Calle 72,Chapinero,27.5,6.32,Eléctrica,Suscriptor,Despejado,15.4,0.0,Sí
V000580,2026-04-27 17:20:26,Zona G,Chapinero,Parque de los Hippies,Chapinero,25.1,4.45,Eléctrica,Suscriptor,Despejado,15.7,0.0,No
V000106,2026-03-07 19:56:26,Calle 116,Usaquén,Parque Nacional,Santa Fe,30.3,6.1,Eléctrica,Suscriptor,Despejado,14.4,0.0,Sí
V002450,2026-04-06 17:51:47,Simón Bolívar Norte,Barrios Unidos,Universidades Centro,La Candelaria,19.0,4.22,Eléctrica,Suscriptor,Despejado,15.9,0.0,No
V001133,2026-02-19 08:54:48,Calle 63,Chapinero,Parque de los Novios,Barrios Unidos,25.0,5.05,Mecánica,Ocasional,Despejado,15.9,0.0,No
V000508,2026-02-24 07:08:54,Centro Internacional,Santa Fe,Parkway,Teusaquillo,43.3,7.62,Mecánica,Ocasional,Despejado,14.4,0.0,No
V001012,2026-05-17 15:48:39,Las Nieves,Santa Fe,Museo Nacional,Santa Fe,12.0,2.66,Eléctrica,Suscriptor,Despejado,12.8,0.0,Sí
V002959,2026-03-14 03:21:32,Unicentro,Usaquén,Calle 116,Usaquén,12.4,2.65,Mecánica,Suscriptor,Nublado,14.9,0.0,Sí
V000947,2026-03-26 18:17:28,Simón Bolívar Norte,Barrios Unidos,Simón Bolívar Norte,Barrios Unidos,5.4,1.24,electrica,Suscriptor,Despejado,15.2,0.0,No
V002282,2026-03-17 19:08:51,Parque de la 93,Chapinero,Corferias,Teusaquillo,9.8,1.89,Mecánica,Ocasional,Lluvia ligera,18.4,0.3,No
V001372,2026-04-11 03:12:28,Calle 116,Usaquén,Calle 100,Usaquén,19.4,4.39,Mecánica,Suscriptor,Despejado,14.4,0.0,Sí
V001528,2026-05-23 21:26:16,Zona G,Chapinero,Universidad Javeriana,Chapinero,13.4,2.63,Mecánica,Ocasional,Despejado,16.7,0.0,Sí
V001337,2026-04-28 17:16:58,Museo Nacional,Santa Fe,Parque Nacional,Santa Fe,19.0,4.41,Eléctrica,Suscriptor,Despejado,12.7,0.0,No
V002438,2026-05-29 08:21:18,San Felipe,Barrios Unidos,Calle 80,Barrios Unidos,11.0,2.25,Eléctrica,Suscriptor,Lluvia,17.4,7.9,No
V002890,2026-04-28 08:14:46,Universidades Centro,La Candelaria,Parque Nacional,Santa Fe,21.0,5.29,Mecánica,Suscriptor,Nublado,18.5,0.0,No
V001553,2026-04-14 14:07:52,Parkway,Teusaquillo,Parkway,Teusaquillo,11.5,2.32,Mecánica,Ocasional,Nublado,17.0,0.0,No
V002927,2026-02-14 07:07:36,Unicentro,Usaquén,Unicentro,Usaquén,9.9,1.89,Eléctrica,Suscriptor,Despejado,19.1,0.0,Sí
V000189,2026-04-29 12:53:22,Parque de los Hippies,Chapinero,Calle 72,Chapinero,5.9,1.29,Eléctrica,Ocasional,Nublado,16.7,0.0,No
V001832,2026-05-15 16:20:27,Chorro de Quevedo,La Candelaria,Universidades Centro,La Candelaria,16.3,2.36,Eléctrica,Ocasional,Lluvia ligera,,0.5,No
V002271,2026-02-09 03:35:30,Parque de los Hippies,Chapinero,Parque de la 93,Chapinero,11.1,1.97,Eléctrica,Suscriptor,Despejado,20.8,0.0,No
V001998,2026-04-23 19:29:58,Simón Bolívar Sur,Teusaquillo,Museo Nacional,Santa Fe,17.9,4.15,Eléctrica,Suscriptor,Lluvia,19.5,3.5,No
V003086,2026-04-23 12:54:32,Universidad Nacional,Teusaquillo,Parkway,Teusaquillo,11.8,2.79,Eléctrica,Suscriptor,Despejado,15.4,0.0,No
V003042,2026-04-10 07:10:33,Universidades Centro,La Candelaria,Universidades Centro,La Candelaria,11.2,1.93,Eléctrica,Suscriptor,Despejado,18.5,0.0,No
V001460,2026-03-11 17:29:47,Parque Nacional,Santa Fe,Parque El Virrey Norte,Usaquén,16.3,3.01,Mecánica,Suscriptor,Nublado,13.1,0.0,No
V001436,2026-03-17 21:32:30,Calle 72,Chapinero,Parque de la 93,Chapinero,17.4,2.8,Mecánica,Suscriptor,Despejado,12.5,0.0,No
V001446,2026-05-07 12:52:03,Calle 72,Chapinero,Calle 63,Chapinero,13.5,3.01,Mecánica,Suscriptor,Lluvia ligera,19.1,1.7,No
V002586,2026-02-14 08:21:01,Galerías,Teusaquillo,Corferias,Teusaquillo,17.4,2.68,Mecánica,Suscriptor,Despejado,14.5,0.0,Sí
V001896,2026-05-05 18:51:51,Centro Internacional,Santa Fe,Centro Internacional,Santa Fe,4.2,0.7,Eléctrica,Ocasional,Despejado,17.5,0.0,No
V002554,2026-04-26 07:08:30,Parque de los Hippies,Chapinero,Simón Bolívar Norte,Barrios Unidos,19.6,3.19,Eléctrica,Suscriptor,Despejado,17.2,0.0,Sí
V001817,2026-03-02 10:32:31,Universidades Centro,La Candelaria,Galerías,Teusaquillo,13.1,2.62,Mecánica,Ocasional,Despejado,17.8,0.0,No
V000863,2026-04-03 17:50:08,Hacienda Santa Bárbara,Usaquén,Unicentro,Usaquén,16.2,3.52,Eléctrica,,Despejado,18.4,0.0,No
V001174,2026-04-22 19:02:59,Hacienda Santa Bárbara,Usaquén,Parque El Virrey Norte,Usaquén,21.2,2.88,Mecánica,Ocasional,Nublado,17.7,0.0,No
V001341,2026-02-18 16:30:12,Calle 63,Chapinero,Parque de los Hippies,Chapinero,10.6,2.49,Eléctrica,Suscriptor,Lluvia ligera,16.7,0.9,No
V002395,2026-02-22 13:02:53,Parkway,Teusaquillo,Corferias,Teusaquillo,9.3,,Eléctrica,Ocasional,Lluvia,11.4,10.1,Sí
V002679,2026-05-09 23:46:37,Calle 100,Usaquén,Calle 100,Usaquén,5.9,1.52,Eléctrica,Suscriptor,Despejado,17.8,0.0,Sí
V001116,2026-02-02 18:19:26,Parkway,Teusaquillo,Parkway,Teusaquillo,8.3,1.5,Mecánica,Suscriptor,Lluvia ligera,13.1,1.3,No
V000354,2026-04-29 16:23:54,Calle 116,Usaquén,Unicentro,Usaquén,12.1,3.17,Eléctrica,Suscriptor,Nublado,16.8,0.0,No
V001035,2026-03-06 19:17:25,Corferias,Teusaquillo,Universidad Nacional,Teusaquillo,24.2,6.16,Mecánica,Suscriptor,Nublado,15.9,0.0,No
V002224,2026-03-24 11:20:10,Centro Internacional,Chapinero ,Centro Internacional,Santa Fe,5.7,1.45,Mecánica,Ocasional,Lluvia ligera,15.4,1.8,No
V000732,2026-04-17 15:46:12,Universidad Javeriana,Chapinero,Calle 116,Usaquén,26.9,7.05,Mecánica,Suscriptor,Despejado,,0.0,No
V000703,2026-02-03 19:01:33,Museo Nacional,Santa Fe,Centro Internacional,Santa Fe,14.6,2.28,Eléctrica,Suscriptor,Nublado,18.5,0.0,No
V003096,2026-02-25 09:17:17,Calle 116,Usaquén,Museo Nacional,Santa Fe,16.8,3.81,Eléctrica,Ocasional,Nublado,16.0,0.0,No
V002538,2026-04-30 21:38:01,Parque Nacional,Santa Fe,Centro Internacional,Santa Fe,15.2,3.45,Eléctrica,Ocasional,Despejado,16.1,0.0,No
V002884,2026-03-30 09:20:03,Corferias,Teusaquillo,Simón Bolívar Sur,Teusaquillo,14.0,2.25,Eléctrica,Ocasional,Lluvia,17.5,7.8,No
V000161,2026-05-15 09:01:58,Calle 116,Usaquén,Calle 100,Usaquén,11.8,2.96,Mecánica,Suscriptor,Despejado,20.7,0.0,No
V002690,2026-04-08 17:24:58,Simón Bolívar Norte,Barrios Unidos,Parque de los Novios,Barrios Unidos,8.6,1.87,Eléctrica,Ocasional,Nublado,15.6,0.0,No
V001386,2026-05-31 01:10:43,Las Nieves,Santa Fe,Centro Internacional,Santa Fe,15.3,2.39,Mecánica,Suscriptor,Lluvia,19.8,3.6,Sí
V002001,2026-04-27 18:56:38,Las Nieves,Santa Fe,Parque Nacional,Santa Fe,7.9,1.68,Eléctrica,Suscriptor,Despejado,13.5,0.0,No
V001609,2026-03-09 17:18:28,Calle 100,Usaquén,Parque El Virrey Norte,Usaquén,6.6,0.77,Mecánica,Suscriptor,Despejado,14.8,0.0,No
V001138,2026-04-19 17:18:04,Parque de los Hippies,Chapinero,Universidades Centro,La Candelaria,10.8,1.67,Mecánica,Suscriptor,Nublado,15.6,0.0,Sí
V001199,2026-05-31 18:55:43,Universidad Javeriana,Chapinero,Parque de los Hippies,Chapinero,8.9,1.24,Mecánica,Suscriptor,Despejado,17.3,0.0,Sí
V002740,2026-02-13 09:56:35,Simón Bolívar Sur,Teusaquillo,Centro Internacional,Santa Fe,9.9,1.63,Mecánica,Suscriptor,Despejado,15.1,0.0,No
V002339,2026-03-10 09:39:34,Universidad Nacional,Teusaquillo,Museo Nacional,Santa Fe,14.5,2.75,Mecánica,Suscriptor,Despejado,20.2,0.0,No
V000163,2026-04-25 05:28:49,Parque de los Novios,Barrios Unidos,Universidad Nacional,Teusaquillo,31.1,7.6,Mecánica,Suscriptor,Nublado,18.5,0.0,Sí
V002746,2026-02-25 19:32:19,Parque de los Novios,Barrios Unidos,Parque de los Hippies,Chapinero,24.0,5.52,Mecánica,Suscriptor,Despejado,14.8,0.0,No
V001645,2026-04-24 19:53:35,Corferias,Teusaquillo,Universidad Nacional,Teusaquillo,11.4,,Eléctrica,Suscriptor,Despejado,19.2,0.0,No
V001651,2026-05-30 05:25:17,Hacienda Santa Bárbara,Usaquén,Centro Internacional,Santa Fe,18.0,3.3,Eléctrica,Suscriptor,Lluvia,14.1,11.0,Sí
V000186,2026-03-25 10:40:30,Calle 63,Chapinero,Parque de la 93,Chapinero,21.6,4.88,Mecánica,Ocasional,Despejado,22.8,0.0,No
V000460,2026-05-18 13:36:47,Parque Nacional,Santa Fe,Simón Bolívar Norte,Barrios Unidos,13.7,3.13,Eléctrica,Suscriptor,Lluvia,17.7,9.4,No
V001516,2026-04-19 18:00:46,San Felipe,Barrios Unidos,San Felipe,Barrios Unidos,4.4,0.7,Mecánica,Suscriptor,Despejado,16.3,0.0,Sí
V002091,2026-05-02 17:45:14,Calle 63,Chapinero,Calle 63,Chapinero,3.4,0.7,Eléctrica,Suscriptor,Despejado,19.5,0.0,Sí
V001008,2026-05-05 19:12:06,Calle 63,Chapinero,,Teusaquillo,19.5,1.95,Eléctrica,Suscriptor,Nublado,15.0,0.0,No
V001009,2026-03-06 07:40:18,Museo Nacional,Santa Fe,Parque Nacional,Santa Fe,23.1,4.44,Eléctrica,Ocasional,Despejado,13.0,0.0,No
V002814,2026-03-08 17:34:51,Calle 72,Chapinero,Universidad Javeriana,Chapinero,11.1,2.59,Eléctrica,Suscriptor,Lluvia ligera,14.6,1.9,Sí
V002054,2026-05-20 07:42:55,Plaza de Bolívar,La Candelaria,Zona G,Chapinero,13.2,2.73,Mecánica,Suscriptor,Despejado,16.6,0.0,No
V002124,2026-05-15 17:55:15,Hacienda Santa Bárbara,Usaquén,Parque El Virrey Norte,Usaquén,8.2,1.57,Mecánica,Suscriptor,Despejado,19.8,0.0,No
V002036,2026-03-11 19:38:54,Parque Nacional,Santa Fe,Las Nieves,Santa Fe,15.1,2.29,Mecánica,Suscriptor,Despejado,16.4,0.0,No
V001288,2026-03-26 02:34:49,Parque de los Hippies,Chapinero,Simón Bolívar Sur,Teusaquillo,33.5,6.74,Mecánica,Suscriptor,Nublado,15.2,0.0,No
V000369,2026-03-24 17:01:11,Museo Nacional,Santa Fe,Parque de la 93,Chapinero,21.4,3.65,Eléctrica,Suscriptor,Lluvia ligera,16.0,1.9,No
V001169,2026-02-09 21:20:29,Chorro de Quevedo,La Candelaria,Plaza de Bolívar,La Candelaria,10.9,2.92,Eléctrica,Suscriptor,Despejado,13.5,0.0,No
V001403,2026-05-29 14:11:19,Calle 72,Chapinero,Calle 63,Chapinero,12.2,2.31,Mecánica,Suscriptor,Nublado,20.5,0.0,No
V001581,2026-05-23 05:54:02,Universidad Javeriana,Chapinero,Parkway,Teusaquillo,16.4,3.68,Eléctrica,Ocasional,Lluvia,20.7,3.4,Sí
V001319,2026-05-13 08:26:23,Plaza de Bolívar,La Candelaria,,La Candelaria,13.1,2.55,Eléctrica,Ocasional,Lluvia,15.8,11.9,No
V000494,2026-04-10 11:02:43,Centro Internacional,Santa Fe,Museo Nacional,Santa Fe,14.1,2.3,Mecánica,Suscriptor,Despejado,16.8,0.0,No
V000232,2026-05-03 00:17:27,Unicentro,Usaquén,Museo Nacional,Santa Fe,19.2,4.46,Eléctrica,Suscriptor,Despejado,16.2,0.0,Sí
V002242,2026-04-25 20:16:39,Parque de los Hippies,Chapinero,Parque de los Novios,Barrios Unidos,13.9,1.99,Mecánica,Suscriptor,Lluvia ligera,19.6,1.2,Sí
V000334,2026-03-01 02:17:41,Parque de los Novios,Barrios Unidos,Calle 80,Barrios Unidos,9.5,1.79,Mecánica,Suscriptor,Despejado,13.3,0.0,Sí
V002468,2026-03-20 11:41:02,Unicentro,Usaquén,Calle 63,Chapinero,19.7,4.43,Eléctrica,Suscriptor,Nublado,17.0,0.0,No
V000789,2026-02-06 16:02:45,Centro Internacional,Santa Fe,Centro Internacional,Santa Fe,5.1,1.09,Mecánica,Suscriptor,Despejado,16.8,0.0,No
V002217,2026-02-19 08:19:44,Universidad Javeriana,Chapinero,Universidad Javeriana,Chapinero,8.2,1.38,Mecánica,Suscriptor,Lluvia ligera,14.9,0.8,No
V001464,2026-03-11 14:07:09,Unicentro,Usaquén,Hacienda Santa Bárbara,Usaquén,6.1,1.35,Eléctrica,Ocasional,Despejado,20.0,0.0,No
V002757,2026-02-15 07:35:16,Parque de la 93,Chapinero,Universidad Javeriana,Chapinero,10.5,2.42,Eléctrica,Suscriptor,Despejado,15.3,0.0,Sí
V000381,2026-04-25 11:32:33,Plaza de Bolívar,La Candelaria,Chorro de Quevedo,La Candelaria,13.4,2.15,Mecánica,Suscriptor,Lluvia,14.4,5.5,Sí
V002186,2026-03-25 18:36:57,Calle 116,Usaquén,Calle 100,Usaquén,7.8,1.68,Eléctrica,Suscriptor,Nublado,16.7,0.0,No
V000068,2026-03-04 23:15:52,Centro Internacional,Santa Fe,Museo Nacional,Santa Fe,32.6,3.87,Mecánica,Suscriptor,Despejado,13.9,0.0,No
V001459,2026-04-28 00:20:51,Parque Nacional,Santa Fe,Centro Internacional,Santa Fe,13.6,2.89,Eléctrica,Ocasional,Despejado,17.5,0.0,No
V001845,2026-04-07 18:51:53,Zona G,Chapinero,Unicentro,Usaquén,32.2,7.46,Mecánica,Ocasional,Despejado,15.1,0.0,No
V000478,2026-04-30 17:02:18,Zona G,Chapinero,Parque de los Hippies,Chapinero,33.2,5.78,Mecánica,Suscriptor,Despejado,15.2,0.0,No
V002335,2026-04-18 18:21:34,Universidad Javeriana,Chapinero,Zona G,Chapinero,26.9,6.17,Mecánica,,Despejado,17.0,0.0,Sí
V002038,2026-03-27 18:48:45,Unicentro,Usaquén,Corferias,Teusaquillo,8.9,1.93,Eléctrica,Suscriptor,Despejado,14.6,0.0,No
V002671,2026-04-29 09:39:43,Parkway,Teusaquillo,Las Nieves,Santa Fe,18.2,2.79,Mecánica,Suscriptor,Despejado,18.7,0.0,No
V002081,2026-02-18 20:33:16,San Felipe,Barrios Unidos,Simón Bolívar Norte,Barrios Unidos,11.7,3.17,Eléctrica,Ocasional,Nublado,16.0,0.0,No
V002676,2026-05-04 10:53:20,Chorro de Quevedo,La Candelaria,Unicentro,Usaquén,13.7,3.34,Eléctrica,Suscriptor,Lluvia ligera,15.3,0.3,No
V001282,2026-04-11 16:06:30,Parque Nacional,Santa Fe,Centro Internacional,Santa Fe,9.3,0.92,Eléctrica,Ocasional,Despejado,20.8,0.0,Sí
V002072,2026-04-03 11:03:49,Calle 100,Usaquén,Parque de los Hippies,Chapinero,19.4,4.34,Eléctrica,Ocasional,Despejado,16.3,0.0,No
V000208,2026-03-31 09:00:45,Calle 72,Chapinero,Zona G,Chapinero,24.8,7.49,Eléctrica,Suscriptor,Despejado,16.7,0.0,No
V001334,2026-05-05 22:29:08,Parque de la 93,Chapinero,Parque de la 93,Chapinero,19.4,4.36,Mecánica,Suscriptor,Despejado,17.5,0.0,No
V000200,2026-05-15 18:22:27,Universidad Javeriana,Chapinero,Parque de la 93,Chapinero,27.0,6.6,Eléctrica,Suscriptor,Despejado,18.9,0.0,No
V003116,2026-05-22 04:35:54,Calle 116,Usaquén,Unicentro,Usaquén,9.2,2.23,Mecánica,Suscriptor,Despejado,17.4,0.0,No
V002334,2026-04-21 13:00:22,Parque de la 93,Chapinero,Simón Bolívar Sur,Teusaquillo,15.6,2.85,Mecánica,Suscriptor,Nublado,16.3,0.0,No
V000882,2026-04-02 18:44:27,Centro Internacional,Santa Fe,Museo Nacional,Santa Fe,6.2,1.07,Eléctrica,Suscriptor,Despejado,16.3,0.0,No
V000144,2026-03-03 18:47:55,San Felipe,Barrios Unidos,San Felipe,Barrios Unidos,9.4,1.68,Mecánica,Suscriptor,Despejado,17.1,0.0,No
V000250,2026-05-06 07:07:01,Calle 80,Barrios Unidos,San Felipe,Barrios Unidos,14.3,2.34,Mecánica,Ocasional,Nublado,15.7,0.0,No
V002457,2026-03-06 19:34:55,Parkway,Teusaquillo,Galerías,Teusaquillo,6.6,1.63,Eléctrica,Suscriptor,lluvia ligera,15.6,0.0,No
V002041,2026-02-24 08:16:31,Unicentro,Usaquén,Parque El Virrey Norte,Usaquén,9.5,2.14,Eléctrica,Ocasional,Lluvia ligera,16.3,1.2,No
V002074,2026-02-20 10:17:52,Parque El Virrey Norte,Usaquén,Unicentro,Usaquén,11.6,2.71,Mecánica,Suscriptor,Despejado,20.6,0.0,No
V000418,2026-04-27 00:06:05,Universidad Nacional,Teusaquillo,Parkway,Teusaquillo,14.0,2.53,Mecánica,Suscriptor,Despejado,18.5,0.0,No
V003035,2026-05-24 07:25:56,Zona G,Chapinero,Unicentro,Usaquén,12.5,2.16,Mecánica,Suscriptor,Nublado,17.3,0.0,Sí
V002280,2026-04-22 14:04:49,Calle 80,Barrios Unidos,Calle 63,Chapinero,24.0,3.93,Mecánica,Suscriptor,Nublado,15.6,0.0,No
V001803,2026-04-30 09:59:17,Corferias,Teusaquillo,Universidad Nacional,Teusaquillo,4.0,1.15,Eléctrica,Suscriptor,Despejado,18.2,0.0,No
V002595,2026-02-08 08:15:59,Zona G,Chapinero ,Calle 63,Chapinero,10.2,1.84,Mecánica,Suscriptor,Nublado,14.7,0.0,Sí
V001988,2026-03-29 07:18:33,Chorro de Quevedo,La Candelaria,Plaza de Bolívar,La Candelaria,25.2,6.1,Eléctrica,Ocasional,Despejado,16.5,0.0,Sí
V002666,2026-04-15 17:39:03,Las Nieves,Santa Fe,Centro Internacional,Santa Fe,18.3,3.47,Mecánica,Ocasional,Lluvia,16.5,6.9,No
V002754,2026-03-31 19:54:53,Las Aguas,La Candelaria,Parkway,Teusaquillo,25.8,3.74,Mecánica,Suscriptor,Lluvia,19.4,9.7,No
V001871,2026-02-21 17:47:03,Unicentro,Usaquén,Parque El Virrey Norte,Usaquén,13.3,3.55,Eléctrica,Suscriptor,Lluvia,17.7,10.7,Sí
V001129,2026-04-30 18:18:16,Las Nieves,Santa Fe,Parque Nacional,Santa Fe,21.8,3.04,Mecánica,Suscriptor,Nublado,18.1,0.0,No
V002135,2026-02-06 07:27:51,Galerías,Teusaquillo,Universidades Centro,La Candelaria,17.2,3.46,Mecánica,Ocasional,Despejado,16.8,0.0,No
V002506,2026-04-29 19:54:35,Calle 116,Usaquén,Unicentro,Usaquén,8.8,2.14,Eléctrica,Suscriptor,Nublado,20.2,0.0,No
V000913,2026-02-02 19:21:00,Calle 100,Usaquén,Hacienda Santa Bárbara,Usaquén,7.1,1.28,Mecánica,Ocasional,Nublado,15.0,0.0,No
V001719,2026-04-16 18:04:21,Las Aguas,La Candelaria,Universidades Centro,La Candelaria,15.6,3.02,Mecánica,Suscriptor,Nublado,15.5,0.0,No
V000084,2026-04-30 18:49:15,Zona G,Chapinero,Calle 80,Barrios Unidos,8.1,1.18,Eléctrica,Ocasional,Lluvia ligera,16.3,2.2,No
V000766,2026-04-19 18:34:32,Universidad Javeriana,Chapinero,Parque de la 93,Chapinero,9.7,2.02,Mecánica,Suscriptor,Despejado,11.5,0.0,Sí
V000103,2026-04-11 17:13:43,Las Nieves,Santa Fe,Universidad Nacional,Teusaquillo,8.2,1.53,Eléctrica,Suscriptor,Despejado,16.2,0.0,Sí
V000147,2026-03-28 09:15:17,Parque de los Hippies,Chapinero,Calle 63,Chapinero,13.0,2.12,Mecánica,Ocasional,Despejado,17.5,0.0,Sí
V001134,2026-02-27 17:42:41,Parque de los Hippies,Chapinero,Parque de los Novios,Barrios Unidos,11.2,2.5,Mecánica,Suscriptor,Nublado,17.0,0.0,No
V002165,2026-03-22 06:07:36,Plaza de Bolívar,La Candelaria,Plaza de Bolívar,La Candelaria,6.4,1.01,Eléctrica,Suscriptor,Despejado,20.9,0.0,Sí
V000395,2026-04-26 19:37:25,Universidad Nacional,Teusaquillo,Parque Nacional,Santa Fe,18.5,2.13,Eléctrica,Ocasional,Despejado,17.0,0.0,Sí
V001759,2026-05-31 00:58:09,Universidad Nacional,Teusaquillo,Calle 80,Barrios Unidos,9.4,1.22,Eléctrica,Suscriptor,Nublado,16.9,0.0,Sí
V003026,2026-05-04 08:34:44,Universidad Javeriana,Chapinero,Universidad Javeriana,Chapinero,4.1,0.94,Eléctrica,Ocasional,Lluvia,15.5,3.6,No
V001222,2026-02-23 06:38:34,Calle 63,Chapinero,Parque de los Hippies,Chapinero,7.6,1.16,Mecánica,Suscriptor,Despejado,21.9,0.0,No
V001537,2026-03-02 17:57:07,Simón Bolívar Sur,Teusaquillo,Parkway,Teusaquillo,10.3,2.25,Eléctrica,Ocasional,Despejado,16.7,0.0,No
V002562,2026-02-10 06:33:33,Las Aguas,La Candelaria,Universidades Centro,La Candelaria,23.3,6.54,Eléctrica,Suscriptor,Nublado,13.6,0.0,No
V002786,2026-04-20 22:29:46,Parque de los Novios,Barrios Unidos,Las Nieves,Santa Fe,13.6,2.48,Mecánica,Suscriptor,Despejado,16.9,0.0,No
V000322,2026-02-20 07:53:31,Parque Nacional,Santa Fe,Centro Internacional,Santa Fe,13.2,2.42,Mecánica,Suscriptor,Lluvia ligera,13.9,1.3,No
V000112,2026-02-05 14:17:03,Calle 116,Usaquén,Calle 116,Usaquén,12.3,3.14,Mecánica,Suscriptor,Despejado,12.5,0.0,No
V000589,2026-05-06 22:55:10,Las Nieves,Santa Fe,Parque Nacional,Santa Fe,28.1,7.35,Mecánica,Suscriptor,Lluvia,13.7,9.4,No
V002459,2026-03-11 01:22:05,Simón Bolívar Norte,Barrios Unidos,Simón Bolívar Norte,Barrios Unidos,4.5,0.7,Eléctrica,Ocasional,Nublado,16.9,0.0,No
V003159,2026-02-26 19:14:58,Simón Bolívar Sur,Teusaquillo,Parque de los Hippies,Chapinero,14.2,2.48,Mecánica,Suscriptor,Despejado,12.4,0.0,No
V002237,2026-02-05 09:07:10,Universidades Centro,La Candelaria,Universidades Centro,La Candelaria,10.3,1.82,Mecánica,Ocasional,Lluvia ligera,16.1,2.4,No
V000137,2026-04-16 09:31:25,Simón Bolívar Sur,Teusaquillo,Parkway,Teusaquillo,13.2,3.02,Mecánica,Suscriptor,Nublado,14.9,0.0,No
V001599,2026-02-07 19:26:48,Las Aguas,La Candelaria,Las Aguas,La Candelaria,8.0,1.49,Eléctrica,Suscriptor,Despejado,12.9,0.0,Sí
V000654,2026-04-23 09:48:10,Parque El Virrey Norte,Usaquén,Parque de los Hippies,Chapinero,28.5,6.37,Mecánica,Suscriptor,Despejado,19.3,0.0,No
V002040,2026-05-11 18:17:09,Centro Internacional,Santa Fe,Centro Internacional,Santa Fe,24.8,3.51,Mecánica,Suscriptor,Nublado,13.9,0.0,No
V002612,2026-05-23 22:19:13,Hacienda Santa Bárbara,Usaquén,Hacienda Santa Bárbara,Usaquén,14.1,2.53,Mecánica,Ocasional,Nublado,22.5,0.0,Sí
V003001,2026-03-24 00:51:52,Calle 100,Usaquén,Unicentro,Usaquén,14.2,2.83,Mecánica,Suscriptor,Lluvia ligera,16.3,1.3,No
V001842,2026-05-30 17:10:53,Parque de los Hippies,Chapinero,Universidad Javeriana,Chapinero,12.7,1.79,Mecánica,Suscriptor,Despejado,18.5,0.0,Sí
V002684,2026-03-06 18:48:42,Zona G,Chapinero,Zona G,Chapinero,13.3,1.99,Mecánica,Ocasional,Despejado,15.1,0.0,No
V001048,2026-04-02 18:45:32,Parque Nacional,Santa Fe,Museo Nacional,Santa Fe,9.4,2.19,Mecánica,Suscriptor,Despejado,14.5,0.0,No
V002771,2026-05-14 19:46:56,Parque de los Novios,Barrios Unidos,Zona G,Chapinero,31.0,5.86,Mecánica,Suscriptor,Nublado,20.1,0.0,No
V000931,2026-04-01 17:52:45,Parque de los Hippies,Chapinero,Zona G,Chapinero,13.0,1.96,Mecánica,Suscriptor,Despejado,21.3,0.0,No
V001465,2026-03-15 06:58:00,Las Nieves,Santa Fe,Museo Nacional,Santa Fe,10.7,2.01,Mecánica,Suscriptor,Lluvia,15.8,9.0,Sí
V000221,2026-02-12 16:41:36,Calle 100,Usaquén,Calle 100,Usaquén,6.8,1.27,Mecánica,Suscriptor,Nublado,14.6,0.0,No
V000928,2026-04-11 13:44:25,Parque El Virrey Norte,Usaquén,Simón Bolívar Sur,Teusaquillo,41.1,8.83,electrica,Suscriptor,Despejado,16.2,0.0,Sí
V002875,2026-04-30 17:32:45,Parque de los Hippies,Chapinero,Parque de la 93,Chapinero,6.5,1.23,Mecánica,Suscriptor,Lluvia ligera,12.2,1.5,No
V002213,2026-03-01 08:08:43,Corferias,Teusaquillo,Galerías,Teusaquillo,7.6,1.35,Mecánica,Suscriptor,Despejado,16.7,0.0,Sí
V002083,2026-04-24 22:27:27,Plaza de Bolívar,La Candelaria,Universidades Centro,La Candelaria,25.0,5.24,Mecánica,Ocasional,Nublado,19.8,0.0,No
V002386,2026-04-10 17:52:24,Unicentro,Usaquén,Parque El Virrey Norte,Usaquén,15.6,2.95,Eléctrica,Suscriptor,Nublado,15.3,0.0,No
V002294,2026-04-27 17:44:22,Calle 116,Usaquén,Calle 100,Usaquén,9.6,1.51,Eléctrica,Ocasional,Despejado,15.4,0.0,No
V000534,2026-05-23 23:56:55,Museo Nacional,Santa Fe,Museo Nacional,Santa Fe,7.0,1.99,Eléctrica,Suscriptor,Lluvia ligera,14.0,0.4,Sí
V001548,2026-04-12 19:22:12,Universidades Centro,La Candelaria,Universidades Centro,La Candelaria,7.0,1.58,Eléctrica,Ocasional,Nublado,15.9,0.0,Sí
V000607,2026-04-19 02:07:43,Parque Nacional,Santa Fe,Museo Nacional,Santa Fe,14.3,4.14,Eléctrica,Suscriptor,Nublado,18.3,0.0,Sí
V000075,2026-05-09 15:27:09,Parque de los Novios,Barrios Unidos,San Felipe,Barrios Unidos,40.1,8.36,Mecánica,Suscriptor,Lluvia,19.8,5.7,Sí
V001969,2026-03-06 23:03:37,Las Nieves,Santa Fe,Centro Internacional,Santa Fe,11.2,1.65,Mecánica,Suscriptor,Lluvia ligera,19.4,1.3,No
V002465,2026-02-24 18:09:56,Centro Internacional,Santa Fe,Museo Nacional,Santa Fe,13.6,2.22,Eléctrica,Suscriptor,Despejado,18.0,0.0,No
V001323,2026-02-26 17:16:30,Museo Nacional,Santa Fe,Centro Internacional,Santa Fe,15.3,3.05,Mecánica,Suscriptor,Despejado,15.8,0.0,No
V001746,2026-02-17 17:08:41,Corferias,Teusaquillo,Parkway,Teusaquillo,12.4,1.7,Mecánica,Suscriptor,Lluvia ligera,12.6,1.5,No
V000114,2026-04-10 07:41:32,Museo Nacional,Santa Fe,Galerías,Teusaquillo,18.7,4.18,Eléctrica,Suscriptor,Lluvia ligera,18.9,0.5,No
V000987,2026-03-24 11:58:46,Universidad Javeriana,Chapinero,Parque de los Hippies,Chapinero,11.9,2.19,Mecánica,Suscriptor,Lluvia,19.6,5.8,No
V002795,2026-04-29 17:10:43,Museo Nacional,Santa Fe,Calle 100,Usaquén,14.3,2.56,Eléctrica,Suscriptor,Lluvia,18.7,8.1,No
V001627,2026-02-23 19:50:28,Galerías,Teusaquillo,Parkway,Teusaquillo,7.6,1.42,Eléctrica,Suscriptor,Nublado,17.2,0.0,No
V000223,2026-02-16 09:10:15,Calle 72,Chapinero,Calle 63,Chapinero,6.6,1.46,Eléctrica,Suscriptor,Nublado,16.8,0.0,No
V000519,2026-04-03 13:27:21,Museo Nacional,Santa Fe,Parque Nacional,Santa Fe,9.2,2.25,Eléctrica,Suscriptor,Despejado,14.5,0.0,No
V001349,2026-03-19 19:41:00,Parque de los Hippies,Chapinero,Calle 72,Chapinero,14.1,3.16,Mecánica,Ocasional,Lluvia,17.3,11.3,No
V001503,2026-05-12 09:06:06,Parque de los Hippies,Chapinero,Zona G,Chapinero,23.0,2.51,Mecánica,Ocasional,Nublado,17.3,0.0,No
V001120,2026-03-11 18:38:12,Parque de los Hippies,Chapinero,Universidad Javeriana,Chapinero,14.2,2.2,Mecánica,Ocasional,Despejado,19.1,0.0,No
V000036,2026-02-22 18:18:27,Las Nieves,Santa Fe,Calle 80,Barrios Unidos,11.8,2.81,Eléctrica,Suscriptor,Despejado,15.2,0.0,Sí
V000831,2026-04-14 20:25:47,Las Nieves,Santa Fe,Centro Internacional,Santa Fe,9.8,1.48,Mecánica,Suscriptor,Lluvia ligera,15.7,1.1,No
V002247,2026-04-23 18:56:30,Museo Nacional,Santa Fe,Las Nieves,Santa Fe,49.7,7.87,electrica,Ocasional,Nublado,13.1,0.0,No
V002261,2026-03-06 09:52:55,Galerías,Teusaquillo,Parkway,Teusaquillo,14.5,2.66,Eléctrica,Suscriptor,Nublado,15.9,0.0,No
V000348,2026-03-01 19:17:08,Calle 72,Chapinero,,Chapinero,12.3,2.51,Mecánica,Suscriptor,Nublado,20.6,0.0,Sí
V000168,2026-05-16 17:03:22,Universidades Centro,La Candelaria,Plaza de Bolívar,La Candelaria,13.2,3.94,Eléctrica,Suscriptor,Lluvia ligera,15.0,0.7,Sí
V002775,2026-04-09 18:51:47,San Felipe,Barrios Unidos,Zona G,Chapinero,48.1,6.36,Mecánica,Ocasional,Nublado,19.0,0.0,No
V000117,2026-02-22 01:11:32,Hacienda Santa Bárbara,Usaquén,Parque El Virrey Norte,Usaquén,11.3,1.91,Eléctrica,Suscriptor,Nublado,15.2,0.0,Sí
V001721,2026-05-17 17:40:45,Simón Bolívar Sur,Teusaquillo,Las Nieves,Santa Fe,18.0,4.04,Mecánica,Ocasional,Lluvia,19.4,6.3,Sí
V000531,2026-03-06 05:51:09,Calle 100,Usaquén,Calle 116,Usaquén,7.5,1.91,Mecánica,Ocasional,Lluvia,15.0,3.0,No
V001727,2026-04-05 09:31:41,Simón Bolívar Sur,Teusaquillo,Corferias,Teusaquillo,18.6,3.51,Mecánica,Suscriptor,Despejado,20.0,0.0,Sí
V002674,2026-03-18 17:38:31,Chorro de Quevedo,La Candelaria,Universidades Centro,La Candelaria,10.6,1.83,Mecánica,Suscriptor,Lluvia ligera,11.3,1.9,No
V000321,2026-05-16 19:26:37,Centro Internacional,Santa Fe,Galerías,Teusaquillo,14.1,3.17,Eléctrica,Suscriptor,Nublado,18.0,0.0,Sí
V001029,2026-05-26 02:18:10,Parque de los Hippies,Chapinero,Calle 63,Chapinero,24.6,5.74,Eléctrica,Ocasional,Lluvia,18.0,6.1,No
V000474,2026-02-09 14:37:09,Las Nieves,Santa Fe,Calle 116,Usaquén,15.6,3.23,Eléctrica,Suscriptor,Despejado,16.7,0.0,No
V002092,2026-05-21 22:17:37,Chorro de Quevedo,La Candelaria,Universidades Centro,La Candelaria,26.6,4.88,Mecánica,Suscriptor,Lluvia ligera,16.4,1.3,No
V002347,2026-04-16 17:16:05,Parque El Virrey Norte,Usaquén,Calle 80,Barrios Unidos,10.8,2.17,Mecánica,Suscriptor,Lluvia ligera,15.9,0.6,No
V002732,2026-02-17 07:07:31,Parque El Virrey Norte,Usaquén,Parque El Virrey Norte,Usaquén,4.0,0.77,Eléctrica,Suscriptor,Nublado,14.9,0.0,No
V001741,2026-03-06 19:30:08,Parque de la 93,Chapinero,Zona G,Chapinero,11.1,2.71,Eléctrica,Suscriptor,Despejado,16.7,0.0,No
V002654,2026-03-08 11:34:50,Parque de los Hippies,Chapinero,Calle 63,Chapinero,12.2,2.19,electrica,Suscriptor,Nublado,18.4,0.0,Sí
V001921,2026-04-13 11:41:02,Las Nieves,Santa Fe,Centro Internacional,Santa Fe,18.9,2.86,Mecánica,Ocasional,Nublado,15.6,0.0,No
V000228,2026-04-24 08:07:34,Las Nieves,Santa Fe,Parque Nacional,Santa Fe,12.6,2.68,Mecánica,Suscriptor,Nublado,15.9,0.0,No
V001788,2026-03-25 18:17:51,Las Nieves,Santa Fe,Las Nieves,Santa Fe,4.8,1.34,Eléctrica,Suscriptor,Lluvia ligera,17.9,0.4,No
V001026,2026-03-01 07:53:38,Corferias,Teusaquillo,Parkway,Teusaquillo,15.2,4.15,Eléctrica,Suscriptor,Nublado,14.8,0.0,Sí
V002821,2026-03-24 17:07:26,Parkway,Teusaquillo,Corferias,Teusaquillo,10.5,2.9,Eléctrica,Suscriptor,Lluvia ligera,18.6,0.7,No
V001926,2026-03-12 15:54:09,Universidades Centro,La Candelaria,Zona G,Chapinero,8.8,1.7,Eléctrica,Ocasional,Nublado,16.0,0.0,No
V000082,2026-04-03 00:12:10,Parque Nacional,Santa Fe,Calle 63,Chapinero,12.9,2.44,Eléctrica,Suscriptor,Lluvia,15.1,4.5,No
V002456,2026-03-11 15:58:47,Museo Nacional,Santa Fe,Museo Nacional,Santa Fe,12.4,3.27,Eléctrica,Suscriptor,Lluvia ligera,20.1,0.7,No
V002784,2026-03-26 13:25:41,Centro Internacional,Santa Fe,Las Nieves,Santa Fe,16.7,3.96,Mecánica,Suscriptor,Lluvia ligera,18.3,2.5,No
V003074,2026-02-05 21:51:33,Plaza de Bolívar,La Candelaria,Centro Internacional,Santa Fe,19.7,3.4,Mecánica,Suscriptor,Despejado,13.9,0.0,No
V001477,2026-05-06 18:45:28,Calle 80,Barrios Unidos,Parque de los Novios,Barrios Unidos,14.7,3.01,Eléctrica,Suscriptor,Despejado,16.2,0.0,No
V000669,2026-03-19 18:54:14,Calle 100,Usaquén,Centro Internacional,Santa Fe,7.3,1.46,Mecánica,Suscriptor,Despejado,15.1,0.0,No
V000063,2026-02-15 15:19:08,Universidades Centro,La Candelaria,Las Aguas,La Candelaria,19.5,3.18,Mecánica,Suscriptor,Nublado,15.9,0.0,Sí
V000850,2026-05-12 20:47:08,Simón Bolívar Sur,Teusaquillo,Parkway,Teusaquillo,6.8,1.13,Eléctrica,Suscriptor,Lluvia,15.3,6.5,No
V002787,2026-02-16 19:04:46,Calle 72,Chapinero,Parque de los Hippies,Chapinero,5.4,1.11,Mecánica,Suscriptor,Despejado,18.6,0.0,No
V001478,2026-05-17 09:19:26,Simón Bolívar Sur,Teusaquillo,Calle 80,Barrios Unidos,15.7,3.5,Eléctrica,Ocasional,Despejado,16.2,0.0,Sí
V001435,2026-02-02 18:49:27,Unicentro,Usaquén,Hacienda Santa Bárbara,Usaquén,6.2,1.22,Eléctrica,Ocasional,Nublado,14.2,0.0,No
V002148,2026-04-19 18:39:27,Calle 116,Usaquén,Parque El Virrey Norte,Usaquén,10.8,1.56,Eléctrica,Suscriptor,Despejado,15.7,0.0,Sí
V002481,2026-04-14 15:27:59,Universidades Centro,La Candelaria,Parque Nacional,Santa Fe,13.0,2.56,Mecánica,Suscriptor,Nublado,20.2,0.0,No
V001454,2026-02-16 08:53:48,Parque El Virrey Norte,Usaquén,Hacienda Santa Bárbara,Usaquén,11.1,2.03,Mecánica,Suscriptor,Lluvia ligera,17.6,0.8,No
V000516,2026-02-17 17:47:35,Zona G,Chapinero,Parque de la 93,Chapinero,22.1,4.86,Eléctrica,Suscriptor,Nublado,14.1,0.0,No
V001355,2026-03-26 16:37:11,Las Nieves,Santa Fe,Calle 72,Chapinero,7.2,2.0,Eléctrica,Suscriptor,Nublado,15.3,0.0,No
V000110,2026-03-11 17:52:58,Unicentro,Usaquén,Calle 116,Usaquén,15.2,3.27,Mecánica,Suscriptor,Despejado,18.8,0.0,No
V002234,2026-04-26 14:55:17,Calle 116,Usaquén,Calle 116,Usaquén,6.2,1.2,Mecánica,Suscriptor,Despejado,16.8,0.0,Sí
V000041,2026-05-28 07:17:02,Parque de la 93,Chapinero,,Chapinero,4.5,1.25,Eléctrica,Suscriptor,Nublado,16.5,0.0,No
V002899,2026-02-27 15:49:25,Calle 63,Chapinero,Calle 100,Usaquén,14.3,3.03,Eléctrica,Ocasional,Nublado,15.8,0.0,No
V001878,2026-05-03 10:58:25,Parque Nacional,Santa Fe,Museo Nacional,Santa Fe,11.0,2.14,Mecánica,Suscriptor,Nublado,19.3,0.0,Sí
V003092,2026-03-10 09:38:01,Calle 80,Barrios Unidos,Parque de los Novios,Barrios Unidos,12.9,2.71,Mecánica,Suscriptor,Nublado,14.7,0.0,No
V002448,2026-03-16 07:22:20,Simón Bolívar Norte,Barrios Unidos,Parque de los Novios,Barrios Unidos,13.5,2.09,Mecánica,Suscriptor,Lluvia ligera,17.0,0.9,No
V001126,2026-05-23 11:44:44,Parque El Virrey Norte,Usaquén,Parque de los Hippies,Chapinero,13.1,2.44,Mecánica,Suscriptor,Nublado,18.1,0.0,Sí
V001089,2026-03-10 19:32:07,Plaza de Bolívar,La Candelaria,Universidades Centro,La Candelaria,10.1,2.14,Mecánica,Ocasional,Lluvia,17.9,2.7,No
V000312,2026-02-22 00:55:45,Calle 63,Chapinero,,La Candelaria,13.3,2.62,Eléctrica,Suscriptor,Lluvia,17.1,12.0,Sí
V002408,2026-04-18 02:11:41,Chorro de Quevedo,La Candelaria,Parque El Virrey Norte,Usaquén,10.6,1.43,Eléctrica,Ocasional,Lluvia ligera,20.0,0.5,Sí
V000020,2026-05-01 18:17:19,Parque Nacional,Santa Fe,Parque Nacional,Santa Fe,11.9,1.89,Mecánica,Suscriptor,Nublado,17.8,0.0,No
V001427,2026-05-15 17:19:58,Centro Internacional,Santa Fe,Calle 100,Usaquén,12.9,2.75,Eléctrica,Suscriptor,Nublado,18.5,0.0,No
V000358,2026-02-14 00:51:50,Parque Nacional,Santa Fe,Unicentro,Usaquén,20.2,4.7,Mecánica,Suscriptor,Despejado,15.6,0.0,Sí
V000361,2026-05-25 17:35:35,Parque de la 93,Chapinero,Parque de los Hippies,Chapinero,7.6,1.37,Mecánica,Suscriptor,Lluvia,18.1,6.2,No
V002956,2026-05-09 10:53:42,Hacienda Santa Bárbara,Usaquén,Simón Bolívar Sur,Teusaquillo,7.8,1.73,Eléctrica,Ocasional,Despejado,19.9,0.0,Sí
V001789,2026-05-25 10:27:40,Parque de los Hippies,Chapinero,Calle 72,Chapinero,125.0,4.65,Eléctrica,Suscriptor,Despejado,17.4,0.0,No
V000290,2026-04-24 19:44:16,Calle 80,Barrios Unidos,Calle 80,Barrios Unidos,3.7,,Mecánica,Suscriptor,Nublado,16.6,0.0,No
V000393,2026-04-05 18:10:51,Corferias,Teusaquillo,Universidad Nacional,Teusaquillo,7.8,1.71,Eléctrica,Ocasional,Lluvia ligera,13.7,0.5,Sí
V001626,2026-04-28 15:42:50,Calle 72,Chapinero,Calle 72,Chapinero,4.8,0.7,Eléctrica,Ocasional,Lluvia,15.9,6.8,No
V001883,2026-02-25 18:02:44,Zona G,Chapinero,Galerías,Teusaquillo,21.3,4.82,Mecánica,Suscriptor,Nublado,16.3,0.0,No
V003181,2026-05-08 18:13:10,Calle 116,Usaquén,Hacienda Santa Bárbara,Usaquén,21.3,3.39,Mecánica,Suscriptor,Lluvia ligera,13.7,2.5,No
V000658,2026-02-09 14:09:29,Museo Nacional,Santa Fe,Zona G,Chapinero,8.9,1.15,Mecánica,Suscriptor,Nublado,17.9,0.0,No
V001247,2026-03-30 07:43:56,Las Nieves,Santa Fe,Parque Nacional,Santa Fe,4.5,1.14,Eléctrica,Suscriptor,Despejado,17.9,0.0,No
V002955,2026-05-19 08:45:53,Unicentro,Usaquén,Unicentro,Usaquén,4.8,1.2,Eléctrica,Suscriptor,Despejado,20.4,0.0,No
V002839,2026-03-11 18:24:22,Parque El Virrey Norte,Usaquén,Parque de la 93,Chapinero,19.7,2.68,Mecánica,Ocasional,Despejado,20.7,0.0,No
V000202,2026-03-21 19:37:33,Chorro de Quevedo,La Candelaria,Chorro de Quevedo,La Candelaria,7.0,1.66,Eléctrica,Ocasional,Lluvia,16.2,11.6,Sí
V001930,2026-02-05 06:41:53,Parque Nacional,Santa Fe,Museo Nacional,Santa Fe,12.8,3.77,Eléctrica,Suscriptor,Despejado,13.0,0.0,No
V003014,2026-04-30 18:02:34,Universidad Nacional,Teusaquillo,Galerías,Teusaquillo,15.5,4.15,Eléctrica,Suscriptor,Lluvia,18.3,9.4,No
V001422,2026-05-14 06:47:49,Simón Bolívar Norte,Barrios Unidos,Parque Nacional,Santa Fe,14.2,2.63,Mecánica,Suscriptor,Lluvia ligera,18.8,0.9,No
V002924,2026-02-15 19:54:27,Las Nieves,Santa Fe,Las Nieves,Santa Fe,7.8,2.03,Mecánica,Suscriptor,Lluvia,16.7,8.2,Sí
V003063,2026-04-17 23:52:00,Zona G,Chapinero,Parque de la 93,Chapinero,10.6,1.74,Mecánica,Suscriptor,Despejado,16.6,0.0,No
V000371,2026-03-08 09:55:09,Galerías,Teusaquillo,Universidad Nacional,Teusaquillo,21.4,4.23,Mecánica,Ocasional,Nublado,18.3,0.0,Sí
V002876,2026-03-31 17:54:14,Simón Bolívar Sur,Teusaquillo,Calle 72,Chapinero,13.7,2.56,Mecánica,Suscriptor,Despejado,19.2,0.0,No
V000314,2026-05-21 18:20:58,Parque de los Hippies,Chapinero,Parque de la 93,Chapinero,9.8,2.32,Mecánica,Ocasional,Despejado,18.7,0.0,No
V002699,2026-02-02 18:49:17,Parque El Virrey Norte,Usaquén,Unicentro,Usaquén,4.7,0.85,Mecánica,Ocasional,Nublado,18.0,0.0,No
V001685,2026-05-13 10:18:12,Universidad Javeriana,Chapinero,Universidad Javeriana,Chapinero,11.8,2.6,Mecánica,Suscriptor,Despejado,15.3,0.0,No
V000594,2026-04-09 17:59:28,Calle 80,Barrios Unidos,Parque El Virrey Norte,Usaquén,17.9,3.32,Mecánica,Suscriptor,Despejado,18.4,0.0,No
V000971,2026-03-12 17:51:08,Hacienda Santa Bárbara,Chapinero ,Calle 100,Usaquén,11.8,2.15,Mecánica,Suscriptor,Despejado,18.2,0.0,No
V000203,2026-03-10 09:30:28,Parkway,Teusaquillo,Universidad Nacional,Teusaquillo,17.2,3.04,Mecánica,Suscriptor,Nublado,14.4,0.0,No
V003068,2026-02-20 09:45:51,Corferias,Teusaquillo,Parkway,Teusaquillo,5.7,1.84,Eléctrica,Suscriptor,Nublado,17.8,0.0,No
V002417,2026-02-19 13:51:28,Simón Bolívar Sur,Teusaquillo,Universidades Centro,La Candelaria,13.7,2.85,Eléctrica,Suscriptor,Despejado,16.2,0.0,No
V003199,2026-04-11 18:31:01,Parque Nacional,Santa Fe,Parque Nacional,Santa Fe,10.7,2.65,Eléctrica,Ocasional,Nublado,12.6,0.0,Sí
V001814,2026-03-21 18:49:28,Parque El Virrey Norte,Usaquén,Calle 100,Usaquén,6.3,1.24,Mecánica,Ocasional,Despejado,17.0,0.0,Sí
V002453,2026-05-19 19:07:09,Las Nieves,Santa Fe,Parque de los Hippies,Chapinero,15.2,3.19,Mecánica,Suscriptor,Despejado,15.8,0.0,No
V000439,2026-04-12 07:43:46,Museo Nacional,Santa Fe,San Felipe,Barrios Unidos,10.7,1.64,Mecánica,Suscriptor,Despejado,16.5,0.0,Sí
V000327,2026-04-19 07:27:54,Las Nieves,Santa Fe,Parque de los Hippies,Chapinero,15.3,3.35,Mecánica,Suscriptor,Nublado,17.3,0.0,Sí
V001159,2026-02-04 10:48:36,Museo Nacional,Santa Fe,Centro Internacional,Santa Fe,18.1,4.37,Mecánica,Ocasional,Despejado,11.0,0.0,No
V002427,2026-04-25 18:56:39,Universidades Centro,La Candelaria,Centro Internacional,Santa Fe,14.5,2.73,Mecánica,Suscriptor,Despejado,19.6,0.0,Sí
V000388,2026-03-17 16:23:37,Corferias,Teusaquillo,Simón Bolívar Sur,Teusaquillo,10.5,1.85,Eléctrica,Suscriptor,Despejado,19.3,0.0,No
V001042,2026-02-27 02:16:54,Museo Nacional,Santa Fe,Zona G,Chapinero,19.1,4.0,Eléctrica,Suscriptor,Despejado,13.3,0.0,No
V002881,2026-02-01 08:41:22,Calle 100,Usaquén,Parque El Virrey Norte,Usaquén,12.1,2.48,Mecánica,Ocasional,Nublado,13.2,0.0,Sí
V001188,2026-03-13 18:39:45,Las Aguas,La Candelaria,Zona G,Chapinero,21.7,5.14,Mecánica,Ocasional,Despejado,18.2,0.0,No
V000282,2026-05-15 03:24:52,Zona G,Chapinero,Zona G,Chapinero,11.6,2.4,Eléctrica,Suscriptor,Despejado,18.0,0.0,No
V002289,2026-04-20 01:28:08,Las Nieves,Santa Fe,Centro Internacional,Santa Fe,8.0,1.26,Eléctrica,Ocasional,Lluvia ligera,13.9,2.4,No
V000352,2026-02-20 06:12:18,San Felipe,Barrios Unidos,San Felipe,Barrios Unidos,10.2,2.07,Mecánica,Suscriptor,Nublado,19.9,0.0,No
V001356,2026-04-30 07:19:50,Parque Nacional,Santa Fe,Parque Nacional,Santa Fe,11.0,2.53,Mecánica,,Lluvia ligera,18.1,1.8,No
V001596,2026-05-09 13:00:08,Unicentro,Usaquén,Calle 116,Usaquén,14.5,3.1,Eléctrica,Suscriptor,Lluvia,15.8,11.9,Sí
V002965,2026-03-10 19:30:37,Hacienda Santa Bárbara,Usaquén,Unicentro,Usaquén,3.8,0.96,Eléctrica,Suscriptor,lluvia ligera,18.3,0.0,No
V000043,2026-03-19 11:55:43,Las Nieves,Santa Fe,Las Nieves,Santa Fe,9.2,1.75,Mecánica,Suscriptor,Despejado,16.8,0.0,No
V002812,2026-03-21 13:42:44,Parque El Virrey Norte,Usaquén,Calle 116,Usaquén,6.3,1.24,Eléctrica,Suscriptor,Despejado,12.1,0.0,Sí
V002590,2026-05-31 18:48:57,Simón Bolívar Norte,Barrios Unidos,Parque de los Novios,Barrios Unidos,12.1,3.13,Mecánica,Suscriptor,Lluvia,17.3,8.3,Sí
V000102,2026-02-25 19:02:19,Parkway,Teusaquillo,Corferias,Teusaquillo,8.2,1.57,Eléctrica,Ocasional,Despejado,14.9,0.0,No
V002866,2026-02-05 05:56:39,Parque de la 93,Chapinero,Parque de la 93,Chapinero,6.7,1.4,Mecánica,Suscriptor,Despejado,14.2,0.0,No
V003142,2026-02-22 12:22:55,Calle 72,Chapinero,Universidad Nacional,Teusaquillo,8.0,1.78,Eléctrica,Suscriptor,Lluvia ligera,9.9,1.8,Sí
V000447,2026-04-14 18:35:59,Museo Nacional,Santa Fe,Centro Internacional,Santa Fe,9.7,2.41,Eléctrica,Suscriptor,Lluvia,14.9,8.3,No
V002993,2026-02-14 08:17:36,Galerías,Teusaquillo,Parkway,Teusaquillo,15.8,2.71,Eléctrica,Ocasional,Nublado,16.7,0.0,Sí
V001274,2026-03-01 20:40:47,Chorro de Quevedo,La Candelaria,Universidades Centro,La Candelaria,7.7,1.21,Eléctrica,Ocasional,Despejado,16.2,0.0,Sí
V000135,2026-05-30 16:44:35,Zona G,Chapinero,Centro Internacional,Santa Fe,13.3,3.6,Eléctrica,Suscriptor,Nublado,16.8,0.0,Sí
V000575,2026-05-27 21:48:01,Calle 72,Chapinero,Universidad Nacional,Teusaquillo,10.1,2.44,Eléctrica,Ocasional,Nublado,18.3,0.0,No
V000877,2026-05-09 07:49:26,San Felipe,Barrios Unidos,Calle 80,Barrios Unidos,12.0,2.06,Mecánica,Suscriptor,Nublado,15.9,0.0,Sí
V001676,2026-05-08 09:56:15,Centro Internacional,Santa Fe,Museo Nacional,Santa Fe,16.0,2.38,Mecánica,Suscriptor,Despejado,18.3,0.0,No
V002377,2026-03-13 08:39:32,Galerías,Teusaquillo,Corferias,Teusaquillo,10.7,1.79,Mecánica,Suscriptor,Despejado,17.0,0.0,No
V000857,2026-05-15 00:20:51,Parque Nacional,Santa Fe,Universidad Nacional,Teusaquillo,13.2,2.44,Eléctrica,Suscriptor,Despejado,16.7,0.0,No
V000129,2026-04-27 08:28:43,Las Nieves,Santa Fe,Centro Internacional,Santa Fe,11.5,2.17,Eléctrica,Suscriptor,Despejado,17.2,0.0,No
V000748,2026-03-21 08:15:46,Parque El Virrey Norte,Usaquén,Hacienda Santa Bárbara,Usaquén,9.0,1.47,Mecánica,Ocasional,Nublado,15.8,0.0,Sí
V000573,2026-04-06 07:41:18,Museo Nacional,Santa Fe,Las Nieves,Santa Fe,11.3,2.99,Eléctrica,Suscriptor,Nublado,19.4,0.0,No
V002696,2026-05-26 07:34:12,Hacienda Santa Bárbara,Usaquén,Universidad Nacional,Teusaquillo,14.4,3.07,Eléctrica,Ocasional,Despejado,12.5,0.0,No
V002880,2026-03-21 18:52:13,Calle 72,Chapinero,Parque de los Hippies,Chapinero,14.5,2.54,Mecánica,Ocasional,Nublado,16.8,0.0,Sí
V000876,2026-02-12 17:48:19,Parkway,Teusaquillo,Parque El Virrey Norte,Usaquén,11.1,1.23,Mecánica,Suscriptor,Despejado,16.6,0.0,No
V000104,2026-04-10 16:15:42,Simón Bolívar Norte,Barrios Unidos,Parque de los Novios,Barrios Unidos,12.5,2.45,Eléctrica,Suscriptor,Nublado,19.6,0.0,No
V002069,2026-05-01 11:59:36,Las Nieves,Santa Fe,,Santa Fe,12.3,2.63,Eléctrica,Suscriptor,Nublado,13.1,0.0,No
V000411,2026-05-31 18:38:32,Parque de los Hippies,Chapinero,Parque El Virrey Norte,Usaquén,7.3,1.71,Eléctrica,Suscriptor,Despejado,18.6,0.0,Sí
V002144,2026-03-08 17:25:56,Corferias,Teusaquillo,Calle 72,Chapinero,13.4,3.6,Eléctrica,Ocasional,Despejado,14.5,0.0,Sí
V001179,2026-05-05 18:37:33,Centro Internacional,Santa Fe,Calle 100,Usaquén,29.3,8.51,Eléctrica,Ocasional,Despejado,17.8,0.0,No
V002012,2026-03-01 06:20:40,Plaza de Bolívar,La Candelaria,Universidad Nacional,Teusaquillo,11.6,2.33,Eléctrica,Suscriptor,Despejado,13.6,0.0,Sí
V000605,2026-05-15 08:47:46,Parque de los Hippies,Chapinero,Simón Bolívar Norte,Barrios Unidos,24.0,4.6,Mecánica,Ocasional,Lluvia,15.7,3.5,No
V003062,2026-03-06 08:36:27,Chorro de Quevedo,La Candelaria,Hacienda Santa Bárbara,Usaquén,9.2,1.93,Eléctrica,Suscriptor,Nublado,11.8,0.0,No
V001234,2026-03-02 17:01:29,Corferias,Teusaquillo,Museo Nacional,Santa Fe,13.7,1.81,Mecánica,Suscriptor,Nublado,12.7,0.0,No
V002531,2026-02-02 10:41:17,Las Nieves,Santa Fe,Parque Nacional,Santa Fe,6.1,1.3,Eléctrica,Suscriptor,Despejado,14.8,0.0,No
V001434,2026-05-07 12:34:03,Simón Bolívar Sur,Teusaquillo,Universidad Nacional,Teusaquillo,6.3,1.48,Mecánica,Suscriptor,Despejado,15.8,0.0,No
V000385,2026-03-14 00:25:18,Simón Bolívar Norte,Barrios Unidos,Calle 80,Barrios Unidos,9.9,2.04,Eléctrica,Suscriptor,Nublado,22.1,0.0,Sí
V000894,2026-05-22 08:10:23,Museo Nacional,Santa Fe,Centro Internacional,Santa Fe,16.4,3.54,Mecánica,Ocasional,Despejado,17.6,0.0,No
V000057,2026-05-03 09:51:26,Centro Internacional,Santa Fe,Zona G,Chapinero,50.3,9.01,Mecánica,Suscriptor,Despejado,19.4,0.0,Sí
V000712,2026-04-20 16:44:01,Parque El Virrey Norte,Usaquén,Parque El Virrey Norte,Usaquén,6.9,1.38,Eléctrica,Suscriptor,Lluvia,14.3,11.4,No
V000325,2026-04-12 10:14:22,San Felipe,Barrios Unidos,Simón Bolívar Norte,Barrios Unidos,9.6,2.18,Eléctrica,Suscriptor,Nublado,18.1,0.0,Sí
V000079,2026-05-24 09:57:30,Simón Bolívar Sur,Teusaquillo,Parkway,Teusaquillo,23.9,2.32,Mecánica,Suscriptor,Lluvia ligera,14.7,2.2,Sí
V000541,2026-05-29 19:14:30,Las Aguas,La Candelaria,Calle 80,Barrios Unidos,8.7,2.22,Eléctrica,Suscriptor,Despejado,14.4,0.0,No
V000356,2026-02-19 19:20:27,Unicentro,Usaquén,Unicentro,Usaquén,7.1,0.97,Mecánica,Suscriptor,Despejado,16.2,0.0,No
V002249,2026-03-04 07:52:05,San Felipe,Barrios Unidos,Parque de los Novios,Barrios Unidos,17.2,3.12,Mecánica,Suscriptor,Despejado,13.1,0.0,No
V000360,2026-04-14 18:51:08,Corferias,Teusaquillo,Plaza de Bolívar,La Candelaria,11.1,2.44,Eléctrica,Suscriptor,Lluvia ligera,16.6,2.4,No
V001019,2026-04-23 06:58:00,Universidad Javeriana,Chapinero,Calle 100,Usaquén,5.9,1.17,Eléctrica,Ocasional,Nublado,17.6,0.0,No
V002800,2026-02-23 07:18:19,Las Aguas,La Candelaria,Simón Bolívar Sur,Teusaquillo,21.2,,Mecánica,Ocasional,Lluvia ligera,12.9,1.4,No
V003154,2026-02-03 13:10:53,Parque de los Hippies,Chapinero,Zona G,Chapinero,10.6,2.26,Mecánica,Suscriptor,Despejado,,0.0,No
V000916,2026-02-19 01:32:08,Parque Nacional,Santa Fe,Las Nieves,Santa Fe,6.6,1.64,Eléctrica,Suscriptor,Despejado,17.2,0.0,No
V000308,2026-04-19 04:04:18,Zona G,Chapinero,Zona G,Chapinero,5.3,0.75,Mecánica,Suscriptor,Nublado,17.5,0.0,Sí
V001414,2026-04-22 17:10:11,Simón Bolívar Sur,Teusaquillo,Corferias,Teusaquillo,13.0,1.92,Eléctrica,Suscriptor,Lluvia,14.3,3.1,No
V000814,2026-03-25 08:49:34,Plaza de Bolívar,La Candelaria,Plaza de Bolívar,La Candelaria,6.7,1.45,Mecánica,Ocasional,lluvia ligera,13.0,0.0,No
V000042,2026-02-04 18:07:59,Hacienda Santa Bárbara,Usaquén,Unicentro,Usaquén,11.2,2.66,Eléctrica,Suscriptor,Nublado,18.1,0.0,No
V001725,2026-04-01 19:33:01,Unicentro,Usaquén,Calle 116,Usaquén,28.2,4.13,Mecánica,Ocasional,Despejado,15.1,0.0,No
V001406,2026-04-15 19:39:18,San Felipe,Barrios Unidos,Universidad Nacional,Teusaquillo,10.9,2.39,Mecánica,Suscriptor,Nublado,15.4,0.0,No
V002909,2026-03-03 18:15:03,Las Nieves,Santa Fe,Centro Internacional,Santa Fe,13.8,,Eléctrica,Suscriptor,Despejado,14.8,0.0,No
V000883,2026-02-12 05:51:40,Calle 63,Chapinero,Zona G,Chapinero,12.6,2.24,Mecánica,Suscriptor,Lluvia ligera,10.7,1.1,No
V000699,2026-02-14 08:45:09,Simón Bolívar Norte,Barrios Unidos,Simón Bolívar Norte,Barrios Unidos,10.4,1.66,Mecánica,Suscriptor,Lluvia,17.2,3.9,Sí
V001996,2026-03-15 17:09:32,Las Aguas,La Candelaria,Plaza de Bolívar,La Candelaria,11.4,2.64,Eléctrica,Suscriptor,Lluvia,13.9,7.0,Sí
V000004,2026-02-19 07:13:14,Plaza de Bolívar,La Candelaria,Museo Nacional,Santa Fe,13.7,2.32,Mecánica,Suscriptor,Lluvia,19.6,11.1,No
V000216,2026-03-01 18:51:36,Parque de los Novios,Barrios Unidos,Simón Bolívar Norte,Barrios Unidos,8.1,1.11,Eléctrica,Suscriptor,Despejado,17.6,0.0,Sí
V000977,2026-05-06 08:41:20,Parque Nacional,Santa Fe,Centro Internacional,Santa Fe,16.9,3.19,Mecánica,Suscriptor,Nublado,13.6,0.0,No
V000099,2026-04-27 19:35:45,Las Nieves,Santa Fe,Parque Nacional,Santa Fe,11.0,2.68,Eléctrica,Suscriptor,Despejado,17.9,0.0,No
V003192,2026-02-19 08:06:19,Parque Nacional,Santa Fe,Parkway,Teusaquillo,21.8,3.17,Eléctrica,Suscriptor,Despejado,17.5,0.0,No
V002846,2026-03-20 22:57:26,Hacienda Santa Bárbara,Usaquén,Unicentro,Usaquén,26.2,5.45,Mecánica,Ocasional,Despejado,16.6,0.0,No
V002865,2026-02-14 18:30:26,Universidad Nacional,Teusaquillo,Corferias,Teusaquillo,13.1,2.55,Eléctrica,Suscriptor,Nublado,16.1,0.0,Sí
V001371,2026-03-12 08:57:38,Zona G,Chapinero,Simón Bolívar Norte,Barrios Unidos,15.5,4.08,Eléctrica,Suscriptor,Despejado,14.0,0.0,No
V002004,2026-03-16 23:54:48,Parkway,Teusaquillo,Parkway,Teusaquillo,10.2,2.53,Eléctrica,Suscriptor,Despejado,17.1,0.0,No
V002748,2026-02-09 23:09:01,Calle 116,Usaquén,Galerías,Teusaquillo,13.6,2.65,Mecánica,Suscriptor,Lluvia,14.9,6.9,No
V002502,2026-03-13 19:30:14,Simón Bolívar Norte,Barrios Unidos,Simón Bolívar Norte,Barrios Unidos,7.2,1.13,Mecánica,Ocasional,Nublado,13.1,0.0,No
V002677,2026-03-30 01:30:02,Parque El Virrey Norte,Usaquén,Unicentro,Usaquén,10.9,1.54,Eléctrica,Suscriptor,Nublado,16.6,0.0,No
V001192,2026-03-28 18:56:54,San Felipe,Barrios Unidos,Simón Bolívar Sur,Teusaquillo,18.1,3.5,Eléctrica,Suscriptor,Lluvia ligera,18.8,2.4,Sí
V001852,2026-02-20 09:50:54,Universidad Nacional,Teusaquillo,Parkway,Teusaquillo,11.5,3.03,Eléctrica,Ocasional,Despejado,14.8,0.0,No
V001990,2026-05-28 06:26:07,Simón Bolívar Norte,Barrios Unidos,Parque de los Novios,Barrios Unidos,9.0,1.68,Eléctrica,Suscriptor,Nublado,20.9,0.0,No
V001517,2026-05-27 16:27:21,Universidad Nacional,Teusaquillo,Calle 80,Barrios Unidos,57.7,9.75,Mecánica,Suscriptor,Lluvia ligera,13.6,1.6,No
V000701,2026-02-12 08:39:40,Centro Internacional,Santa Fe,Las Nieves,Santa Fe,20.9,5.37,Eléctrica,Suscriptor,Despejado,,0.0,No
V000456,2026-03-01 07:08:02,Parque El Virrey Norte,Usaquén,Hacienda Santa Bárbara,Usaquén,16.5,4.19,Eléctrica,Suscriptor,lluvia ligera,17.0,0.0,Sí
V002533,2026-05-14 07:21:58,Centro Internacional,Santa Fe,Parque Nacional,Santa Fe,8.5,1.56,Eléctrica,Suscriptor,Nublado,18.9,0.0,No
V001580,2026-03-17 03:53:28,Parque de la 93,Chapinero,Calle 63,Chapinero,5.5,1.34,Eléctrica,Suscriptor,Despejado,14.6,0.0,No
V002375,2026-02-18 17:25:44,Museo Nacional,Santa Fe,Las Nieves,Santa Fe,6.6,0.96,Eléctrica,Suscriptor,Despejado,15.2,0.0,No
V000522,2026-05-26 03:16:52,Parque de la 93,Chapinero,Calle 63,Chapinero,12.6,2.52,Mecánica,Ocasional,Lluvia ligera,16.8,1.7,No
V001261,2026-04-29 19:21:39,Hacienda Santa Bárbara,Usaquén,Unicentro,Usaquén,25.8,3.44,Mecánica,Suscriptor,Lluvia ligera,12.3,1.8,No
V001684,2026-03-12 18:46:02,Plaza de Bolívar,La Candelaria,Las Aguas,La Candelaria,10.3,1.58,Mecánica,Suscriptor,Nublado,18.0,0.0,No
V002168,2026-05-09 19:37:47,Chorro de Quevedo,La Candelaria,Simón Bolívar Norte,Barrios Unidos,24.3,3.09,Mecánica,Suscriptor,Lluvia ligera,17.6,0.6,Sí
V001038,2026-03-19 18:03:47,Calle 72,Chapinero,Calle 63,Chapinero,11.2,1.98,Mecánica,Ocasional,Despejado,,0.0,No
V000390,2026-02-04 15:20:30,Parque de los Novios,Barrios Unidos,San Felipe,Barrios Unidos,11.9,1.78,Mecánica,Ocasional,Nublado,11.0,0.0,No
V000952,2026-05-17 13:37:25,Simón Bolívar Sur,Teusaquillo,Parkway,Teusaquillo,9.3,1.54,Mecánica,Ocasional,Despejado,19.0,0.0,Sí
V001967,2026-05-14 18:21:04,Galerías,Teusaquillo,Corferias,Teusaquillo,10.8,3.1,Eléctrica,Suscriptor,Nublado,19.4,0.0,No
V000412,2026-05-24 17:35:50,San Felipe,Barrios Unidos,San Felipe,Barrios Unidos,12.1,2.44,Mecánica,Suscriptor,Nublado,22.8,0.0,Sí
V001960,2026-04-13 18:36:01,Parkway,Teusaquillo,Centro Internacional,Santa Fe,23.1,6.07,Eléctrica,Suscriptor,Despejado,18.9,0.0,No
V001807,2026-03-24 09:25:39,Universidad Nacional,Teusaquillo,Galerías,Teusaquillo,33.6,8.07,Mecánica,Suscriptor,Lluvia ligera,17.4,1.4,No
V002355,2026-04-14 22:01:05,Calle 72,Chapinero,Calle 72,Chapinero,4.7,0.9,Eléctrica,Ocasional,Despejado,24.9,0.0,No
V001302,2026-02-25 08:36:37,Simón Bolívar Norte,Barrios Unidos,Parque de los Novios,Barrios Unidos,16.9,2.88,Mecánica,Ocasional,Nublado,14.6,0.0,No
V002734,2026-03-26 03:39:00,Simón Bolívar Sur,Teusaquillo,Centro Internacional,Santa Fe,10.7,2.1,Mecánica,Suscriptor,Lluvia ligera,16.8,1.3,No
V001297,2026-05-28 21:37:04,Zona G,Chapinero,Calle 72,Chapinero,12.6,2.52,Mecánica,Suscriptor,Lluvia,20.0,2.5,No
V001715,2026-04-05 06:39:46,Corferias,Teusaquillo,Universidad Nacional,Teusaquillo,13.0,3.37,Eléctrica,Ocasional,Despejado,13.3,0.0,Sí
V001269,2026-02-28 04:27:18,Parque de los Novios,Barrios Unidos,Calle 80,Barrios Unidos,16.5,2.88,Mecánica,Suscriptor,Despejado,15.8,0.0,Sí
V002523,2026-05-12 18:00:10,Universidad Nacional,Teusaquillo,Hacienda Santa Bárbara,Usaquén,10.7,1.56,Eléctrica,Suscriptor,Lluvia ligera,15.9,2.4,No
V002145,2026-02-05 00:37:49,Universidades Centro,La Candelaria,Las Aguas,La Candelaria,15.5,2.76,Eléctrica,Ocasional,Despejado,18.1,0.0,No
V002983,2026-03-02 19:43:29,Las Nieves,Santa Fe,Calle 116,Usaquén,25.5,4.33,Mecánica,Ocasional,Lluvia ligera,14.7,1.3,No
V001022,2026-05-09 11:57:44,Corferias,Teusaquillo,Universidad Nacional,Teusaquillo,13.1,2.68,Eléctrica,Ocasional,Despejado,17.7,0.0,Sí
V000502,2026-04-19 06:58:23,Parque Nacional,Santa Fe,Las Nieves,Santa Fe,7.5,1.47,Eléctrica,Suscriptor,Despejado,13.5,0.0,Sí
V003033,2026-04-20 18:16:33,Universidad Nacional,Teusaquillo,Calle 63,Chapinero,23.8,4.31,Mecánica,Suscriptor,Nublado,20.7,0.0,No
V000759,2026-02-23 02:45:20,Centro Internacional,Santa Fe,Las Nieves,Santa Fe,8.3,2.06,Eléctrica,Suscriptor,Nublado,14.6,0.0,No
V002367,2026-03-20 14:32:07,Simón Bolívar Sur,Teusaquillo,Parkway,Teusaquillo,4.1,1.11,Eléctrica,Suscriptor,Lluvia,17.3,6.0,No
V000429,2026-04-05 19:52:08,Corferias,Teusaquillo,Calle 63,Chapinero,27.1,4.45,Mecánica,Suscriptor,Despejado,17.3,0.0,Sí
V001749,2026-04-16 16:54:01,Centro Internacional,Santa Fe,Centro Internacional,Santa Fe,18.9,3.71,Mecánica,Suscriptor,Lluvia ligera,15.3,0.7,No
V001318,2026-05-29 04:23:44,Calle 63,Chapinero,Zona G,Chapinero,10.1,3.44,Eléctrica,Ocasional,Lluvia ligera,16.6,1.3,No
V001137,2026-03-08 12:13:59,Galerías,Teusaquillo,Galerías,Teusaquillo,6.4,1.43,Mecánica,Suscriptor,Nublado,10.8,0.0,Sí
V000074,2026-02-12 02:24:34,Plaza de Bolívar,La Candelaria,Hacienda Santa Bárbara,Usaquén,21.1,3.43,Eléctrica,Ocasional,Despejado,19.3,0.0,No
V000026,2026-05-08 07:25:56,Las Nieves,Santa Fe,Parque Nacional,Santa Fe,20.0,3.46,Mecánica,Suscriptor,Nublado,17.7,0.0,No
V003077,2026-03-10 19:34:53,Calle 116,Usaquén,Hacienda Santa Bárbara,Usaquén,8.7,2.26,Eléctrica,Suscriptor,Nublado,15.4,0.0,No
V001345,2026-05-13 07:18:45,Corferias,Teusaquillo,Simón Bolívar Sur,Teusaquillo,16.2,3.31,Eléctrica,Ocasional,Nublado,15.3,0.0,No
V002937,2026-05-20 17:30:08,Museo Nacional,Santa Fe,Las Nieves,Santa Fe,20.7,3.57,Mecánica,Suscriptor,Despejado,15.0,0.0,No
V001127,2026-02-18 11:48:56,Centro Internacional,Santa Fe,Parque Nacional,Santa Fe,6.7,1.11,Eléctrica,Suscriptor,Despejado,14.6,0.0,No
V001875,2026-02-22 09:15:22,Calle 80,Barrios Unidos,Simón Bolívar Norte,Barrios Unidos,12.8,2.66,Mecánica,Ocasional,Despejado,16.5,0.0,Sí
V001140,2026-03-05 18:07:08,Centro Internacional,Santa Fe,Centro Internacional,Santa Fe,7.5,1.29,Mecánica,Suscriptor,Despejado,13.3,0.0,No
V000506,2026-03-23 13:02:17,Museo Nacional,Santa Fe,Hacienda Santa Bárbara,Usaquén,17.6,3.98,Eléctrica,Suscriptor,Nublado,19.5,0.0,No
V001898,2026-04-20 19:13:08,Calle 100,Usaquén,Parque El Virrey Norte,Usaquén,18.5,5.3,Eléctrica,Ocasional,Lluvia,16.6,4.1,No
V001395,2026-03-31 17:16:35,Las Nieves,Santa Fe,Centro Internacional,Santa Fe,6.3,1.7,Eléctrica,Ocasional,Despejado,20.8,0.0,No
V002496,2026-03-26 07:05:51,Calle 63,Chapinero,Calle 63,Chapinero,7.2,1.44,Eléctrica,Suscriptor,Nublado,17.7,0.0,No
V002302,2026-02-10 06:27:04,Galerías,Teusaquillo,Universidad Nacional,Teusaquillo,24.5,4.64,Mecánica,Suscriptor,Despejado,14.4,0.0,No
V002931,2026-02-27 20:09:28,Simón Bolívar Sur,Teusaquillo,Las Nieves,Santa Fe,10.5,2.99,Eléctrica,Suscriptor,Lluvia,12.8,8.1,No
V001943,2026-04-14 09:54:34,Calle 72,Chapinero,Parkway,Teusaquillo,15.5,3.08,Eléctrica,Suscriptor,Despejado,15.9,0.0,No
V001778,2026-05-24 07:46:53,Calle 116,Usaquén,Calle 116,Usaquén,7.6,1.64,Mecánica,Suscriptor,Despejado,16.4,0.0,Sí
V001121,2026-03-12 19:22:45,Galerías,Teusaquillo,Simón Bolívar Sur,Teusaquillo,10.7,1.52,Mecánica,Ocasional,Lluvia,14.7,2.6,No
V002400,2026-03-26 06:27:39,Parque Nacional,Santa Fe,Parque de la 93,Chapinero,8.9,1.15,Mecánica,Suscriptor,Lluvia ligera,17.8,2.1,No
V000587,2026-03-20 17:17:35,Centro Internacional,Santa Fe,Parque Nacional,Santa Fe,15.7,3.27,Eléctrica,Suscriptor,Lluvia,16.7,5.0,No
V002424,2026-04-19 18:06:39,Chorro de Quevedo,La Candelaria,Universidad Javeriana,Chapinero,12.9,2.29,Mecánica,Suscriptor,Despejado,17.6,0.0,Sí
V000612,2026-03-10 10:33:58,San Felipe,Barrios Unidos,Calle 72,Chapinero,23.9,5.48,Mecánica,Suscriptor,Nublado,14.0,0.0,No
V001139,2026-04-16 09:44:54,Corferias,Teusaquillo,Galerías,Teusaquillo,7.8,1.84,electrica,Suscriptor,Despejado,16.4,0.0,No
V000426,2026-04-09 18:19:41,Museo Nacional,Santa Fe,Parque Nacional,Santa Fe,21.5,4.98,Mecánica,Suscriptor,Despejado,17.1,0.0,No
V000649,2026-04-18 07:33:08,Parkway,Teusaquillo,Simón Bolívar Sur,Teusaquillo,14.2,,Mecánica,Suscriptor,Lluvia,20.0,4.7,Sí
V001090,2026-04-22 05:13:09,San Felipe,Barrios Unidos,Calle 80,Barrios Unidos,10.7,1.74,Mecánica,Suscriptor,Lluvia ligera,17.7,2.0,No
V002622,2026-04-14 20:18:40,Universidad Javeriana,Chapinero,Calle 80,Barrios Unidos,18.5,3.62,Mecánica,Suscriptor,Despejado,14.5,0.0,No
V001536,2026-05-21 07:09:20,Hacienda Santa Bárbara,Usaquén,Calle 100,Usaquén,13.6,3.63,Mecánica,Suscriptor,Despejado,20.0,0.0,No
V001409,2026-05-23 00:01:27,Calle 63,Chapinero,Parque de la 93,Chapinero,25.8,5.5,Mecánica,Suscriptor,Nublado,17.1,0.0,Sí
V000566,2026-05-12 20:15:57,Galerías,Teusaquillo,Centro Internacional,Santa Fe,26.7,4.28,Mecánica,Ocasional,Lluvia ligera,18.5,0.4,No
V001904,2026-02-01 19:55:40,Calle 72,Chapinero,Corferias,Teusaquillo,8.4,1.62,Eléctrica,Suscriptor,Nublado,16.0,0.0,Sí
V000886,2026-03-07 09:07:00,Parque de los Novios,Barrios Unidos,Calle 72,Chapinero,11.2,2.36,Mecánica,Suscriptor,Nublado,16.5,0.0,Sí
V003104,2026-04-24 08:38:47,Universidades Centro,La Candelaria,Universidades Centro,La Candelaria,3.0,0.7,Mecánica,Ocasional,Nublado,17.0,0.0,No
V002630,2026-03-10 08:48:27,Centro Internacional,Santa Fe,Parque Nacional,Santa Fe,17.1,3.65,Mecánica,Ocasional,Lluvia,12.1,5.2,No
V000783,2026-02-23 08:20:10,Calle 80,Barrios Unidos,Parque de los Novios,Barrios Unidos,12.0,2.27,Eléctrica,Ocasional,Nublado,17.5,0.0,No
V002769,2026-02-02 08:06:24,Parkway,Teusaquillo,Galerías,Teusaquillo,8.2,1.38,Eléctrica,Suscriptor,Lluvia ligera,13.3,2.3,No
V002544,2026-04-13 14:24:57,Simón Bolívar Sur,Teusaquillo,Universidad Nacional,Teusaquillo,7.9,1.78,Eléctrica,Suscriptor,Lluvia ligera,17.9,0.6,No
V000630,2026-05-18 17:58:30,Las Nieves,Santa Fe,Centro Internacional,Santa Fe,9.5,1.61,Mecánica,Suscriptor,Nublado,14.8,0.0,No
V003050,2026-05-17 18:38:35,Parque de los Hippies,Chapinero,Unicentro,Usaquén,18.6,4.56,Mecánica,Suscriptor,Despejado,13.6,0.0,Sí
V003053,2026-04-30 06:43:43,Zona G,Chapinero,Zona G,Chapinero,6.3,1.54,Eléctrica,Suscriptor,Lluvia,16.4,10.6,No
V000501,2026-05-23 10:40:09,Centro Internacional,Santa Fe,Museo Nacional,Santa Fe,9.4,1.97,Eléctrica,Suscriptor,Despejado,13.5,0.0,Sí
V001873,2026-03-18 18:46:28,Universidad Nacional,Teusaquillo,Parque de los Novios,Barrios Unidos,13.5,1.75,Mecánica,Suscriptor,Despejado,10.7,0.0,No
V002058,2026-05-10 19:03:25,Calle 100,Usaquén,Zona G,Chapinero,9.6,2.03,Eléctrica,Suscriptor,Nublado,19.0,0.0,Sí
V000409,2026-02-08 07:15:44,San Felipe,Barrios Unidos,San Felipe,Barrios Unidos,10.0,1.6,Mecánica,Suscriptor,Nublado,18.0,0.0,Sí
V001344,2026-04-16 15:05:20,Parque de la 93,Chapinero,Museo Nacional,Santa Fe,7.5,1.84,Eléctrica,Ocasional,Lluvia ligera,17.5,0.6,No
V000165,2026-03-14 07:29:20,Corferias,Teusaquillo,Galerías,Teusaquillo,21.8,4.7,Mecánica,Suscriptor,Despejado,18.7,0.0,Sí
V002672,2026-03-09 09:00:40,Universidades Centro,La Candelaria,Universidades Centro,La Candelaria,8.0,1.29,Mecánica,Suscriptor,Nublado,17.2,0.0,No
V000244,2026-03-22 00:15:50,Parque de los Hippies,Chapinero,Calle 80,Barrios Unidos,13.2,3.2,Eléctrica,Suscriptor,Lluvia ligera,14.5,1.7,Sí
V003030,2026-03-01 18:20:42,Calle 100,Usaquén,Calle 100,Usaquén,7.6,1.7,Eléctrica,Ocasional,Nublado,18.9,0.0,Sí
V003185,2026-03-09 09:21:57,Parque de los Novios,Barrios Unidos,Calle 116,Usaquén,11.1,3.05,Eléctrica,Suscriptor,Lluvia ligera,15.5,0.8,No
V001679,2026-03-12 08:58:05,Hacienda Santa Bárbara,Usaquén,Parque El Virrey Norte,Usaquén,9.0,1.62,Mecánica,Suscriptor,Nublado,16.1,0.0,No
V001523,2026-02-27 21:01:44,Calle 80,Barrios Unidos,Zona G,Chapinero,19.1,3.69,Eléctrica,Suscriptor,Lluvia,20.5,10.6,No
V001650,2026-05-29 10:28:11,Parque de los Novios,Barrios Unidos,San Felipe,Barrios Unidos,31.5,6.97,Mecánica,Suscriptor,Despejado,18.1,0.0,No
V000379,2026-05-06 07:20:51,Universidad Javeriana,Chapinero,Corferias,Teusaquillo,25.7,4.28,Eléctrica,Suscriptor,Nublado,15.8,0.0,No
V001088,2026-05-25 07:37:39,Centro Internacional,Santa Fe,Parque de los Novios,Barrios Unidos,37.9,7.43,Mecánica,Ocasional,Despejado,18.8,0.0,No
V001773,2026-03-18 20:45:09,Zona G,Chapinero,Calle 72,Chapinero,11.6,2.88,Eléctrica,Suscriptor,Lluvia,9.9,6.7,No
V002860,2026-05-18 03:14:34,Parque de los Hippies,Chapinero,Parque de los Hippies,Chapinero,11.1,2.2,Mecánica,Ocasional,Despejado,13.0,0.0,No
V003038,2026-03-13 09:12:43,Parque Nacional,Santa Fe,Calle 72,Chapinero,18.8,3.25,Eléctrica,Suscriptor,Lluvia,17.9,7.3,No
V002742,2026-03-07 22:34:11,Calle 116,Usaquén,Calle 100,Usaquén,11.7,2.15,Mecánica,Ocasional,Nublado,15.7,0.0,Sí
V001755,2026-02-22 19:37:30,Calle 63,Chapinero,Hacienda Santa Bárbara,Usaquén,11.8,2.04,Mecánica,Suscriptor,Nublado,16.9,0.0,Sí
V000295,2026-02-10 12:33:45,Parque de la 93,Chapinero,Calle 63,Chapinero,13.5,3.38,Mecánica,Suscriptor,Nublado,14.4,0.0,No
V001327,2026-04-14 08:41:13,Parque de la 93,Chapinero,Parque de los Hippies,Chapinero,5.0,0.87,Eléctrica,Suscriptor,Nublado,21.6,0.0,No
V000966,2026-05-07 13:56:34,Parque Nacional,Santa Fe,Parque Nacional,Santa Fe,6.6,1.88,Eléctrica,Suscriptor,Nublado,20.2,0.0,No
V002310,2026-02-16 18:05:03,Corferias,Teusaquillo,Corferias,Teusaquillo,7.0,1.34,Eléctrica,Suscriptor,Nublado,12.9,0.0,No
V003162,2026-03-26 09:27:10,Parkway,Teusaquillo,Museo Nacional,Santa Fe,18.2,4.62,Eléctrica,Suscriptor,Despejado,14.4,0.0,No
V003163,2026-03-01 14:25:11,Hacienda Santa Bárbara,Usaquén,Museo Nacional,Santa Fe,18.4,3.94,Mecánica,Suscriptor,Lluvia,17.9,8.2,Sí
V000316,2026-03-31 16:18:29,Universidades Centro,La Candelaria,Calle 63,Chapinero,30.3,7.3,Eléctrica,Suscriptor,Nublado,19.0,0.0,No
V000529,2026-05-31 07:26:35,Calle 63,Chapinero,Calle 80,Barrios Unidos,13.6,3.18,Eléctrica,Ocasional,Despejado,15.6,0.0,Sí
V003135,2026-05-30 17:03:25,Calle 80,Barrios Unidos,San Felipe,Barrios Unidos,15.8,2.82,Mecánica,Suscriptor,Despejado,17.8,0.0,Sí
V001178,2026-05-19 10:13:17,Parque de la 93,Chapinero,Museo Nacional,Santa Fe,15.0,2.48,Eléctrica,Suscriptor,Lluvia ligera,17.5,1.3,No
V000190,2026-05-22 17:39:42,Las Aguas,La Candelaria,Unicentro,Usaquén,21.8,4.2,Mecánica,Suscriptor,Despejado,19.2,0.0,No
V000028,2026-05-25 07:27:37,Calle 80,Barrios Unidos,San Felipe,Barrios Unidos,6.4,0.86,Eléctrica,Suscriptor,Nublado,17.7,0.0,No
V002120,2026-05-04 06:41:38,Simón Bolívar Norte,Barrios Unidos,Calle 80,Barrios Unidos,12.8,1.61,Mecánica,Suscriptor,Lluvia ligera,15.5,2.4,No
V001674,2026-04-03 01:40:24,Calle 72,Chapinero,Calle 63,Chapinero,9.6,2.44,Mecánica,Suscriptor,Nublado,,0.0,No
V000275,2026-05-17 01:19:02,Calle 63,Chapinero,Corferias,Teusaquillo,20.7,3.34,Eléctrica,Ocasional,Nublado,16.6,0.0,Sí
V001073,2026-03-26 18:22:38,Hacienda Santa Bárbara,Usaquén,Hacienda Santa Bárbara,Usaquén,6.2,0.96,Mecánica,Suscriptor,Despejado,18.8,0.0,No
V001075,2026-05-28 12:21:28,Calle 116,Usaquén,Parque El Virrey Norte,Usaquén,8.8,1.88,Mecánica,Suscriptor,Despejado,18.1,0.0,No
V002150,2026-02-03 17:46:48,Las Aguas,La Candelaria,Plaza de Bolívar,La Candelaria,5.9,0.93,Mecánica,Suscriptor,Despejado,11.5,0.0,No
V000133,2026-03-11 16:00:45,Hacienda Santa Bárbara,Usaquén,Parkway,Teusaquillo,23.0,3.46,Mecánica,Suscriptor,Despejado,17.1,0.0,No
V002917,2026-02-20 18:07:31,Parque El Virrey Norte,Usaquén,Calle 116,Usaquén,7.4,1.78,Eléctrica,Ocasional,Despejado,13.2,0.0,No
V002712,2026-04-24 00:42:04,Universidad Javeriana,Chapinero,Calle 80,Barrios Unidos,12.2,1.97,Mecánica,Suscriptor,Nublado,15.1,0.0,No
V002103,2026-03-23 19:50:51,Parque Nacional,Santa Fe,Museo Nacional,Santa Fe,16.3,3.83,Eléctrica,Suscriptor,Nublado,20.6,0.0,No
V002833,2026-03-21 08:42:52,Universidad Nacional,Teusaquillo,Calle 72,Chapinero,10.1,1.47,Eléctrica,Suscriptor,Nublado,18.5,0.0,Sí
V001335,2026-05-24 08:22:49,Calle 80,Barrios Unidos,Calle 80,Barrios Unidos,5.1,1.16,Eléctrica,Ocasional,Despejado,18.6,0.0,Sí
V002319,2026-05-20 19:23:58,Calle 63,Chapinero,Zona G,Chapinero,6.2,0.96,Eléctrica,Suscriptor,Lluvia,22.2,9.1,No
V002372,2026-04-15 19:38:37,Hacienda Santa Bárbara,Usaquén,Calle 63,Chapinero,16.0,3.76,Mecánica,Suscriptor,Despejado,16.7,0.0,No
V002179,2026-03-04 18:13:16,Centro Internacional,Santa Fe,Las Nieves,Santa Fe,10.8,1.84,Eléctrica,Suscriptor,Lluvia ligera,18.0,2.0,No
V000586,2026-05-30 11:09:46,Calle 63,Chapinero,Hacienda Santa Bárbara,Usaquén,25.1,3.71,Mecánica,Ocasional,Lluvia,14.7,5.8,Sí
V000838,2026-04-07 14:03:11,Calle 80,Barrios Unidos,,Barrios Unidos,16.8,3.06,Mecánica,Suscriptor,Lluvia ligera,24.1,0.5,No
V000711,2026-02-16 09:41:54,Zona G,Chapinero,Calle 72,Chapinero,13.0,2.47,Mecánica,Suscriptor,Despejado,10.7,0.0,No
V002808,2026-04-10 20:14:25,Parque Nacional,Santa Fe,Centro Internacional,Santa Fe,15.4,3.92,Mecánica,Ocasional,Lluvia,21.6,8.5,No
V002632,2026-02-12 17:41:24,San Felipe,Barrios Unidos,Calle 80,Barrios Unidos,13.8,3.11,Eléctrica,Suscriptor,Despejado,17.2,0.0,No
V001251,2026-08-04 08:13:00,Hacienda Santa Bárbara,Usaquén,Calle 116,Usaquén,24.4,4.89,Mecánica,Suscriptor,Lluvia ligera,20.9,0.7,No
V003193,2026-05-07 18:47:22,Hacienda Santa Bárbara,Usaquén,Unicentro,Usaquén,12.7,2.71,Eléctrica,Suscriptor,Lluvia ligera,18.7,1.3,No
V002735,2026-04-16 13:22:57,Museo Nacional,Santa Fe,Parque Nacional,Santa Fe,5.0,1.55,Eléctrica,Suscriptor,Nublado,15.8,0.0,No
V001438,2026-05-20 20:22:21,Zona G,Chapinero,Centro Internacional,Santa Fe,16.0,2.73,Mecánica,Suscriptor,Nublado,16.6,0.0,No
V002755,2026-05-28 17:35:13,Zona G,Chapinero,Zona G,Chapinero,10.8,1.67,Mecánica,Suscriptor,Nublado,16.4,0.0,No
V001554,2026-02-22 19:41:24,Las Aguas,La Candelaria,Plaza de Bolívar,La Candelaria,20.8,3.29,Mecánica,Ocasional,Nublado,16.2,0.0,Sí
V000817,2026-02-07 06:12:16,Parque Nacional,Santa Fe,Las Nieves,Santa Fe,7.6,1.53,Mecánica,Ocasional,Lluvia ligera,11.9,1.7,Sí
V003148,2026-05-04 19:18:01,Parkway,Teusaquillo,Simón Bolívar Sur,Teusaquillo,15.3,2.3,Mecánica,Suscriptor,Nublado,14.3,0.0,No
V002077,2026-04-12 13:15:38,Parque de la 93,Chapinero,Calle 72,Chapinero,18.1,4.51,Eléctrica,Suscriptor,Despejado,20.3,0.0,Sí
V000958,2026-05-25 09:35:08,Centro Internacional,Santa Fe,Las Nieves,Santa Fe,18.9,2.44,Mecánica,Suscriptor,Nublado,16.0,0.0,No
V000303,2026-02-26 09:50:34,Parkway,Teusaquillo,Parkway,Teusaquillo,6.3,1.15,Mecánica,Suscriptor,Despejado,17.8,0.0,No
V000572,2026-03-31 17:30:52,Calle 63,Chapinero,Parque de la 93,Chapinero,12.5,3.78,Eléctrica,Ocasional,Lluvia ligera,19.0,0.5,No
V003167,2026-03-24 18:07:59,Universidad Javeriana,Chapinero,Calle 72,Chapinero,12.1,2.44,Mecánica,Suscriptor,Lluvia ligera,16.8,1.0,No
V003158,2026-04-30 19:41:09,Chorro de Quevedo,La Candelaria,Chorro de Quevedo,La Candelaria,16.7,3.46,Mecánica,Ocasional,Nublado,19.1,0.0,No
V000631,2026-05-27 19:55:50,Las Aguas,La Candelaria,Zona G,Chapinero,12.2,1.56,Mecánica,Suscriptor,Nublado,,0.0,No
V001512,2026-04-22 08:48:40,Chorro de Quevedo,La Candelaria,Chorro de Quevedo,La Candelaria,12.4,2.49,Mecánica,Ocasional,Despejado,18.5,0.0,No
V002600,2026-03-20 00:57:43,Galerías,Teusaquillo,Calle 72,Chapinero,18.0,3.88,Eléctrica,Suscriptor,Lluvia ligera,18.6,1.5,No
V003097,2026-02-18 18:22:45,Centro Internacional,Santa Fe,Parque Nacional,Santa Fe,5.8,1.02,Eléctrica,Suscriptor,Despejado,11.6,0.0,No
V001956,2026-05-16 07:54:28,Museo Nacional,Santa Fe,Museo Nacional,Santa Fe,11.3,2.71,Mecánica,Suscriptor,Despejado,17.9,0.0,Sí
V001064,2026-02-26 16:37:42,Parque El Virrey Norte,Usaquén,Unicentro,Usaquén,15.3,1.76,Mecánica,Ocasional,Despejado,15.4,0.0,No
V002857,2026-05-28 20:45:17,Zona G,Chapinero,Calle 63,Chapinero,22.3,3.1,Mecánica,Ocasional,Despejado,18.3,0.0,No
V002611,2026-03-21 08:16:53,Calle 116,Usaquén,Calle 100,Usaquén,14.4,2.48,Eléctrica,Ocasional,Despejado,16.1,0.0,Sí
V002324,2026-05-26 11:50:53,Zona G,Chapinero,Zona G,Chapinero,17.7,3.79,Mecánica,Suscriptor,Nublado,19.0,0.0,No
V001109,2026-03-17 17:14:46,Corferias,Teusaquillo,Universidad Nacional,Teusaquillo,11.7,2.25,Mecánica,Suscriptor,Nublado,15.7,0.0,No
V003141,2026-02-11 04:37:32,Calle 80,Barrios Unidos,Parque de los Novios,Barrios Unidos,18.0,3.28,Mecánica,Suscriptor,Despejado,9.8,0.0,No
V002028,2026-04-28 04:59:03,Calle 63,Chapinero,Calle 72,Chapinero,20.0,0.05,Mecánica,Ocasional,Despejado,17.1,0.0,No
V002015,2026-05-10 01:02:51,Simón Bolívar Sur,Teusaquillo,Parkway,Teusaquillo,9.0,1.64,Eléctrica,Suscriptor,Nublado,15.6,0.0,Sí
V000924,2026-03-18 08:42:26,Centro Internacional,Santa Fe,Las Nieves,Santa Fe,7.9,1.25,Mecánica,Ocasional,Despejado,18.4,0.0,No
V000723,2026-02-28 07:50:44,Calle 80,Barrios Unidos,San Felipe,Barrios Unidos,18.3,2.76,Mecánica,Suscriptor,Despejado,19.8,0.0,Sí
V000060,2026-02-12 08:25:46,Museo Nacional,Santa Fe,Museo Nacional,Santa Fe,5.0,1.35,Eléctrica,Suscriptor,Despejado,12.3,0.0,No
V002359,2026-03-25 09:03:20,San Felipe,Barrios Unidos,Plaza de Bolívar,La Candelaria,38.7,6.74,Mecánica,Ocasional,Lluvia,18.4,7.4,No
V002574,2026-05-17 04:31:02,Parque Nacional,Santa Fe,Parque Nacional,Santa Fe,12.3,2.26,electrica,Ocasional,Despejado,16.4,0.0,Sí
V002025,2026-05-08 18:48:23,Parque de los Novios,Barrios Unidos,Simón Bolívar Norte,Barrios Unidos,6.9,1.6,Mecánica,Ocasional,Despejado,12.8,0.0,No
V001756,2026-02-28 14:10:32,Calle 63,Chapinero,Parque de los Hippies,Chapinero,8.0,1.68,Eléctrica,Suscriptor,Despejado,19.8,0.0,Sí
V000024,2026-03-24 23:45:46,Chorro de Quevedo,La Candelaria,Universidades Centro,La Candelaria,24.9,5.73,Eléctrica,Suscriptor,Nublado,18.1,0.0,No
V002243,2026-05-24 08:45:25,Centro Internacional,Santa Fe,Centro Internacional,Santa Fe,6.2,1.52,Eléctrica,Ocasional,Despejado,16.0,0.0,Sí
V000578,2026-04-15 19:09:52,Simón Bolívar Norte,Barrios Unidos,Parque de la 93,Chapinero,16.0,3.82,Eléctrica,Suscriptor,Despejado,21.0,0.0,No
V000684,2026-03-23 18:57:55,Calle 80,Barrios Unidos,Hacienda Santa Bárbara,Usaquén,28.3,3.4,Mecánica,Suscriptor,Nublado,15.4,0.0,No
V002016,2026-05-24 06:17:53,Museo Nacional,Santa Fe,Museo Nacional,Santa Fe,3.8,0.79,Mecánica,Suscriptor,Despejado,22.4,0.0,Sí
V001016,2026-02-12 17:09:48,Galerías,Teusaquillo,Parque de la 93,Chapinero,29.4,7.53,Eléctrica,Suscriptor,Despejado,15.6,0.0,No
V000347,2026-02-15 07:57:05,Centro Internacional,Santa Fe,Centro Internacional,Santa Fe,10.3,2.13,Mecánica,Suscriptor,Despejado,13.1,0.0,Sí
V002398,2026-05-26 05:02:44,Las Aguas,La Candelaria,Parque El Virrey Norte,Usaquén,19.1,4.13,Mecánica,Ocasional,Lluvia ligera,13.9,1.1,No
V001668,2026-03-31 07:36:46,Parque de los Hippies,Chapinero,Parque de la 93,Chapinero,18.2,3.73,Eléctrica,Suscriptor,Nublado,15.9,0.0,No
V001556,2026-04-08 09:44:51,Calle 72,Chapinero,Parque de los Hippies,Chapinero,13.5,2.89,Eléctrica,Suscriptor,Lluvia ligera,19.9,2.4,No
V003156,2026-02-21 07:21:13,Simón Bolívar Norte,Barrios Unidos,San Felipe,Barrios Unidos,12.6,3.42,Eléctrica,Suscriptor,Nublado,14.8,0.0,Sí
V000009,2026-02-20 20:20:03,Calle 116,Usaquén,Las Nieves,Santa Fe,15.0,4.16,Eléctrica,Suscriptor,Nublado,15.8,0.0,No
V003119,2026-05-14 09:13:14,Parque de la 93,Chapinero,Simón Bolívar Norte,Barrios Unidos,22.4,4.69,Mecánica,Suscriptor,Despejado,20.4,0.0,No
V000229,2026-03-24 19:52:09,Parkway,Teusaquillo,Las Aguas,La Candelaria,18.3,5.05,Eléctrica,Suscriptor,Despejado,19.4,0.0,No
V000490,2026-02-16 13:08:53,Chorro de Quevedo,La Candelaria,Plaza de Bolívar,La Candelaria,10.3,1.1,Mecánica,Ocasional,Despejado,17.2,0.0,No
V002729,2026-03-06 09:41:47,Galerías,Teusaquillo,Simón Bolívar Sur,Teusaquillo,14.0,2.84,Eléctrica,Suscriptor,Nublado,17.0,0.0,No
V001666,2026-03-03 18:40:29,Parkway,Teusaquillo,Corferias,Teusaquillo,15.4,4.2,Eléctrica,Ocasional,Lluvia ligera,13.6,1.3,No
V000830,2026-04-18 17:31:09,Calle 80,Barrios Unidos,Simón Bolívar Norte,Barrios Unidos,16.2,3.26,Mecánica,Suscriptor,Nublado,18.5,0.0,Sí
V002583,2026-03-21 22:07:34,Calle 100,Usaquén,Zona G,Chapinero,14.7,1.68,Mecánica,Suscriptor,Nublado,15.7,0.0,Sí
V000386,2026-03-29 18:20:07,Calle 116,Usaquén,Hacienda Santa Bárbara,Usaquén,8.4,1.3,Eléctrica,Ocasional,Lluvia,17.6,7.2,Sí
V001887,2026-05-30 18:57:10,Simón Bolívar Sur,Teusaquillo,Zona G,Chapinero,14.9,2.98,Mecánica,Suscriptor,Nublado,18.3,0.0,Sí
V000450,2026-05-11 18:09:53,Chorro de Quevedo,La Candelaria,Universidades Centro,La Candelaria,33.4,7.72,Eléctrica,Suscriptor,Despejado,17.2,0.0,No
V002638,2026-04-16 18:25:45,Parque de los Novios,Barrios Unidos,Calle 63,Chapinero,14.0,1.76,Mecánica,Suscriptor,Nublado,19.2,0.0,No
V000016,2026-02-16 11:51:27,Parkway,Teusaquillo,Galerías,Teusaquillo,9.9,2.11,Mecánica,Suscriptor,Nublado,12.7,0.0,No
V002053,2026-02-07 23:41:03,Universidades Centro,La Candelaria,Centro Internacional,Santa Fe,8.9,2.27,Eléctrica,Ocasional,Despejado,18.6,0.0,Sí
V001115,2026-05-18 19:16:30,Unicentro,Usaquén,Parque El Virrey Norte,Usaquén,5.6,1.27,Mecánica,Suscriptor,Despejado,17.9,0.0,No
V003012,2026-04-08 11:48:33,Plaza de Bolívar,La Candelaria,Calle 80,Barrios Unidos,14.5,3.32,Eléctrica,Suscriptor,Despejado,19.9,0.0,No
V001389,2026-04-29 07:11:36,San Felipe,Barrios Unidos,Las Nieves,Santa Fe,15.8,3.96,Eléctrica,Suscriptor,Despejado,23.1,0.0,No
V002594,2026-04-14 23:06:44,Las Aguas,La Candelaria,Las Aguas,La Candelaria,4.6,1.09,Eléctrica,Suscriptor,Despejado,17.2,0.0,No
V001589,2026-04-03 16:06:43,Plaza de Bolívar,La Candelaria,Las Aguas,La Candelaria,9.0,1.94,Mecánica,Suscriptor,Nublado,18.5,0.0,No
V000824,2026-05-27 21:33:30,Calle 80,Barrios Unidos,Calle 80,Barrios Unidos,5.5,1.19,Eléctrica,Suscriptor,Despejado,19.1,0.0,No
V002273,2026-04-12 09:10:46,Parque El Virrey Norte,Usaquén,Zona G,Chapinero,14.8,2.93,Mecánica,Suscriptor,Despejado,17.5,0.0,Sí
V002933,2026-05-07 15:41:20,Calle 100,Usaquén,Calle 100,Usaquén,6.2,1.22,Eléctrica,Ocasional,Nublado,17.2,0.0,No
V001752,2026-03-18 23:20:05,Corferias,Teusaquillo,Calle 63,Chapinero,15.4,3.72,Eléctrica,Suscriptor,Despejado,17.9,0.0,No
V001227,2026-10-05 18:52:00,Galerías,Teusaquillo,Parque de la 93,Chapinero,25.8,5.11,Mecánica,Suscriptor,Despejado,16.4,0.0,Sí
V001151,2026-03-03 08:32:54,Museo Nacional,Santa Fe,Parque de los Hippies,Chapinero,18.8,,Eléctrica,Suscriptor,Despejado,19.1,0.0,No
V002820,2026-02-07 18:10:42,Centro Internacional,Santa Fe,Las Nieves,Santa Fe,19.5,3.86,Mecánica,Ocasional,Nublado,14.1,0.0,Sí
V001305,2026-05-12 17:25:38,Hacienda Santa Bárbara,Usaquén,Calle 116,Usaquén,8.4,1.72,Mecánica,Suscriptor,Nublado,15.8,0.0,No
V001232,2026-04-24 08:57:33,Las Aguas,La Candelaria,Las Aguas,La Candelaria,10.3,2.29,Mecánica,Ocasional,Despejado,13.7,0.0,No
V001978,2026-02-24 04:13:58,Simón Bolívar Norte,Barrios Unidos,Parque de los Novios,Barrios Unidos,15.2,2.06,Eléctrica,Suscriptor,Nublado,17.4,0.0,No
V001793,2026-05-18 08:03:34,Simón Bolívar Norte,Barrios Unidos,Calle 80,Barrios Unidos,11.1,2.01,Mecánica,Suscriptor,Nublado,18.3,0.0,No
V001010,2026-02-23 10:18:38,Museo Nacional,Santa Fe,Centro Internacional,Santa Fe,17.1,3.37,Mecánica,Suscriptor,Lluvia,16.6,6.2,No
V002953,2026-03-06 16:56:32,Museo Nacional,Santa Fe,Parque de la 93,Chapinero,7.6,2.01,Mecánica,Suscriptor,Despejado,16.7,0.0,No
V001270,2026-02-15 08:46:04,Parque Nacional,Santa Fe,Chorro de Quevedo,La Candelaria,27.1,5.32,Mecánica,Suscriptor,Lluvia,12.8,10.4,Sí
V002905,2026-02-21 18:34:47,Parque de los Hippies,Chapinero,Museo Nacional,Santa Fe,25.3,5.41,Mecánica,Suscriptor,Lluvia ligera,14.2,1.7,Sí
V002952,2026-02-22 07:09:03,Universidad Nacional,Teusaquillo,Galerías,Teusaquillo,7.2,1.48,Eléctrica,Suscriptor,Nublado,19.6,0.0,Sí
V002990,2026-02-28 09:49:55,Parque El Virrey Norte,Usaquén,Parque El Virrey Norte,Usaquén,12.1,2.44,Eléctrica,Suscriptor,Lluvia ligera,20.2,1.3,Sí
V001107,2026-02-26 17:21:57,Las Nieves,Santa Fe,Centro Internacional,Santa Fe,15.1,2.9,Mecánica,Ocasional,Despejado,14.9,0.0,No
V000498,2026-02-25 12:16:28,Centro Internacional,Santa Fe,Museo Nacional,Santa Fe,9.7,1.34,Mecánica,Ocasional,Lluvia,15.3,4.4,No
V000353,2026-05-19 01:24:30,Calle 63,Chapinero,Plaza de Bolívar,La Candelaria,14.8,2.9,Mecánica,Suscriptor,Despejado,18.7,0.0,No
V001839,2026-02-09 21:27:04,Universidad Nacional,Teusaquillo,Universidades Centro,La Candelaria,8.8,2.05,Eléctrica,Suscriptor,Nublado,17.1,0.0,No
V000532,2026-04-07 13:25:16,Calle 100,Usaquén,Calle 100,Usaquén,12.1,2.82,Mecánica,Suscriptor,Despejado,17.2,0.0,No
V000443,2026-04-13 17:43:36,Centro Internacional,Santa Fe,Parkway,Teusaquillo,15.7,2.57,Mecánica,Suscriptor,Lluvia,17.1,4.2,No
V000002,2026-03-16 08:08:47,Las Nieves,Santa Fe,Parque Nacional,Santa Fe,18.1,3.59,Mecánica,Suscriptor,Despejado,12.4,0.0,No
V001786,2026-02-08 08:06:58,Parque de la 93,Chapinero,Calle 63,Chapinero,11.9,2.56,Mecánica,Suscriptor,Lluvia,14.3,8.1,Sí
V000286,2026-05-01 07:40:16,Zona G,Chapinero,Zona G,Chapinero,9.5,2.68,Eléctrica,Suscriptor,Lluvia,16.8,11.5,No
V001561,2026-04-15 03:06:51,Simón Bolívar Norte,Barrios Unidos,Parque El Virrey Norte,Usaquén,29.1,6.69,Eléctrica,Suscriptor,Lluvia,18.6,9.0,No
V001647,2026-04-05 22:13:22,Calle 63,Chapinero,Chorro de Quevedo,La Candelaria,10.6,2.58,Eléctrica,Suscriptor,Lluvia,,7.0,Sí
V000784,2026-02-22 08:43:51,Universidad Nacional,Teusaquillo,Las Nieves,Santa Fe,20.1,2.71,Mecánica,Suscriptor,Despejado,12.4,0.0,Sí
V000861,2026-02-17 17:57:06,Universidad Javeriana,Chapinero,Zona G,Chapinero,9.3,2.0,Eléctrica,Suscriptor,Lluvia ligera,11.5,1.1,No
V002259,2026-05-20 03:01:05,Simón Bolívar Norte,Barrios Unidos,Calle 116,Usaquén,18.3,2.64,Mecánica,Suscriptor,Nublado,17.4,0.0,No
V002830,2026-05-06 17:05:48,Calle 72,Chapinero,Calle 72,Chapinero,5.8,1.01,Eléctrica,Suscriptor,Despejado,16.2,0.0,No
V000349,2026-03-26 09:40:02,Parque de los Hippies,Chapinero,Parque Nacional,Santa Fe,7.3,1.17,Mecánica,Suscriptor,Lluvia ligera,16.0,1.6,No
V000069,2026-04-17 19:29:50,San Felipe,Barrios Unidos,Parque de los Novios,Barrios Unidos,16.4,2.09,Eléctrica,Suscriptor,Lluvia ligera,14.2,2.0,No
V000404,2026-04-29 18:43:59,Simón Bolívar Sur,Teusaquillo,Simón Bolívar Sur,Teusaquillo,8.8,1.33,Mecánica,Suscriptor,Lluvia,21.4,5.7,No
V002494,2026-04-06 07:12:43,Universidad Nacional,Teusaquillo,Parque Nacional,Santa Fe,26.7,5.48,Mecánica,Ocasional,Despejado,17.5,0.0,No
V000755,2026-04-03 00:12:00,Las Aguas,La Candelaria,Unicentro,Usaquén,27.9,5.05,Mecánica,Ocasional,Lluvia,19.9,4.2,No
V000798,2026-02-27 00:14:30,Calle 80,Barrios Unidos,Parque de los Novios,Barrios Unidos,12.7,2.47,Eléctrica,Suscriptor,Nublado,,0.0,No
V001051,2026-03-21 10:42:32,Parque Nacional,Santa Fe,Museo Nacional,Santa Fe,8.3,1.24,Eléctrica,Suscriptor,Nublado,15.3,0.0,Sí
V003176,2026-02-22 08:14:07,Museo Nacional,Santa Fe,Parque Nacional,Santa Fe,9.3,2.39,Mecánica,Suscriptor,Nublado,15.0,0.0,Sí
V003069,2026-05-24 18:50:25,Parque Nacional,Santa Fe,Museo Nacional,Santa Fe,12.5,1.58,Mecánica,Suscriptor,Despejado,20.1,0.0,Sí
V000178,2026-05-26 23:22:33,Parque Nacional,Santa Fe,Plaza de Bolívar,La Candelaria,14.3,4.15,Eléctrica,Suscriptor,Nublado,14.9,0.0,No
V000954,2026-05-21 20:07:30,Centro Internacional,Santa Fe,Las Nieves,Santa Fe,0.5,2.74,Eléctrica,Suscriptor,Nublado,22.1,0.0,No
V001381,2026-02-24 08:57:22,Calle 116,Usaquén,Unicentro,Usaquén,17.7,3.55,Mecánica,Suscriptor,Nublado,14.7,0.0,No
V002201,2026-05-07 07:30:14,Museo Nacional,Santa Fe,Las Nieves,Santa Fe,7.6,1.4,Eléctrica,Suscriptor,Nublado,17.8,0.0,No
V001972,2026-03-31 15:23:20,Corferias,Teusaquillo,Museo Nacional,Santa Fe,18.4,3.76,Mecánica,Suscriptor,Despejado,18.5,0.0,No
V002223,2026-05-26 00:35:00,Calle 72,Chapinero,Calle 72,Chapinero,12.5,3.5,Eléctrica,Suscriptor,Despejado,21.8,0.0,No
V001285,2026-02-09 19:42:13,Chorro de Quevedo,La Candelaria,Las Aguas,La Candelaria,18.4,4.69,Eléctrica,Ocasional,Despejado,16.5,0.0,No
V000253,2026-02-23 19:29:07,Plaza de Bolívar,La Candelaria,Las Aguas,La Candelaria,11.1,2.17,Mecánica,Suscriptor,Lluvia ligera,13.9,2.4,No
V001757,2026-05-12 09:09:34,Chorro de Quevedo,La Candelaria,Unicentro,Usaquén,30.3,6.25,Mecánica,Suscriptor,Nublado,14.9,0.0,No
V001439,2026-03-21 08:10:45,Corferias,Teusaquillo,Corferias,Teusaquillo,13.4,3.73,Eléctrica,Suscriptor,Lluvia ligera,15.1,2.3,Sí
V000559,2026-05-19 10:12:20,Las Aguas,La Candelaria,Chorro de Quevedo,La Candelaria,5.2,1.2,Eléctrica,Suscriptor,Lluvia ligera,,0.2,No
V001578,2026-02-27 15:40:52,Calle 72,Chapinero,Universidad Javeriana,Chapinero,24.1,3.95,Mecánica,Ocasional,Nublado,12.0,0.0,No
V002066,2026-04-02 14:29:21,Calle 116,Usaquén,Parque Nacional,Santa Fe,28.9,5.3,Mecánica,Ocasional,Lluvia ligera,18.3,0.9,No
V000194,2026-05-12 07:39:26,Las Nieves,Santa Fe,Museo Nacional,Santa Fe,12.4,2.8,Eléctrica,Suscriptor,Lluvia ligera,17.3,2.2,No
V003080,2026-05-24 09:55:06,Parkway,Teusaquillo,Plaza de Bolívar,La Candelaria,14.2,2.03,Eléctrica,Ocasional,Lluvia ligera,15.7,1.5,Sí
V001508,2026-03-05 09:23:15,Unicentro,Usaquén,Museo Nacional,Santa Fe,42.9,6.8,electrica,Suscriptor,Despejado,15.1,0.0,No
V001498,2026-05-07 10:06:56,Zona G,Chapinero,Calle 63,Chapinero,22.7,5.9,Mecánica,Suscriptor,Nublado,18.0,0.0,No
V001702,2026-04-11 01:19:45,San Felipe,Barrios Unidos,Parque de la 93,Chapinero,17.9,4.86,Eléctrica,Suscriptor,Despejado,16.2,0.0,Sí
V000245,2026-04-20 11:35:32,Las Nieves,Santa Fe,Museo Nacional,Santa Fe,25.7,4.2,Mecánica,Ocasional,Lluvia,15.5,3.6,No
V000446,2026-02-27 08:55:16,Zona G,Chapinero,Parque de la 93,Chapinero,6.9,1.76,Eléctrica,Suscriptor,Nublado,12.9,0.0,No
V000477,2026-03-08 09:28:37,San Felipe,Barrios Unidos,Calle 63,Chapinero,11.2,1.93,Eléctrica,Suscriptor,Despejado,13.9,0.0,Sí
V000539,2026-02-15 08:44:03,Calle 80,Barrios Unidos,Corferias,Teusaquillo,7.4,1.52,Eléctrica,Suscriptor,Despejado,15.4,0.0,Sí
V001331,2026-04-19 04:16:14,Calle 80,Barrios Unidos,Calle 63,Chapinero,20.2,2.97,Mecánica,Suscriptor,Despejado,15.7,0.0,Sí
V000256,2026-04-30 16:46:45,Universidad Javeriana,Chapinero,Las Aguas,La Candelaria,22.5,4.32,Mecánica,Suscriptor,Despejado,18.2,0.0,No
V000452,2026-04-22 13:33:35,Calle 72,Chapinero,Universidad Nacional,Teusaquillo,22.0,3.76,Mecánica,Ocasional,Nublado,19.8,0.0,No
V002945,2026-05-27 07:55:10,Plaza de Bolívar,La Candelaria,Universidades Centro,La Candelaria,18.9,3.07,Mecánica,Suscriptor,Lluvia,19.3,9.1,No
V001489,2026-04-21 13:49:39,Calle 72,Chapinero,Calle 72,Chapinero,9.3,1.82,Mecánica,Suscriptor,Despejado,20.4,0.0,No
V001745,2026-05-06 12:11:33,Universidad Nacional,Teusaquillo,Parkway,Teusaquillo,6.0,1.35,Mecánica,Suscriptor,Despejado,17.0,0.0,No
V002499,2026-04-20 07:25:52,Calle 72,Chapinero,Galerías,Teusaquillo,9.9,2.42,Mecánica,Suscriptor,Despejado,17.9,0.0,No
V002062,2026-04-09 08:51:47,Parkway,Teusaquillo,Galerías,Teusaquillo,10.4,2.25,Eléctrica,Suscriptor,Lluvia ligera,18.2,1.4,No
V003126,2026-03-06 05:34:08,Parque de los Hippies,Chapinero,Universidad Javeriana,Chapinero,30.0,4.58,Mecánica,Suscriptor,Despejado,16.0,0.0,No
V003058,2026-03-24 23:08:56,Calle 100,Usaquén,Chorro de Quevedo,La Candelaria,13.6,2.97,Mecánica,Ocasional,Despejado,17.8,0.0,No
V002902,2026-02-03 15:09:25,Plaza de Bolívar,La Candelaria,Museo Nacional,Santa Fe,34.0,6.12,Eléctrica,Suscriptor,Lluvia ligera,14.5,1.3,No
V003061,2026-05-12 18:32:38,Calle 116,Usaquén,Hacienda Santa Bárbara,Usaquén,15.9,3.13,Eléctrica,Suscriptor,Nublado,16.3,0.0,No
V000949,2026-05-08 19:26:56,Las Aguas,La Candelaria,Chorro de Quevedo,La Candelaria,7.0,1.33,electrica,Ocasional,Despejado,19.0,0.0,No
V000511,2026-05-18 09:34:18,Chorro de Quevedo,La Candelaria,Plaza de Bolívar,La Candelaria,16.3,3.6,Mecánica,Suscriptor,Despejado,15.0,0.0,No
V001394,2026-05-09 18:08:57,Simón Bolívar Norte,Barrios Unidos,Universidad Javeriana,Chapinero,21.6,4.0,Mecánica,Suscriptor,Nublado,17.3,0.0,Sí
V001509,2026-04-19 23:23:31,Zona G,Chapinero,Parque de la 93,Chapinero,11.0,2.19,Eléctrica,Suscriptor,Despejado,18.0,0.0,Sí
V002052,2026-04-15 01:51:19,Corferias,Teusaquillo,Galerías,Teusaquillo,19.7,4.62,Mecánica,Suscriptor,Despejado,16.4,0.0,No
V002403,2026-04-25 23:49:14,Museo Nacional,Santa Fe,Las Nieves,Santa Fe,14.4,4.11,Eléctrica,Suscriptor,Nublado,18.0,0.0,Sí
V001332,2026-05-19 04:59:43,Las Aguas,La Candelaria,,Chapinero,61.9,10.73,Mecánica,Suscriptor,Despejado,15.9,0.0,No
V001310,2026-03-05 13:38:23,Parque Nacional,Santa Fe,Chorro de Quevedo,La Candelaria,16.9,3.76,Mecánica,Suscriptor,Despejado,17.1,0.0,No
V002037,2026-03-18 05:15:04,Corferias,Teusaquillo,Universidad Nacional,Teusaquillo,19.2,3.19,Mecánica,Suscriptor,Despejado,13.3,0.0,No
V002652,2026-02-22 09:44:50,Zona G,Chapinero,Calle 100,Usaquén,11.1,1.94,Eléctrica,Suscriptor,Nublado,14.5,0.0,Sí
V002061,2026-02-06 18:37:02,Calle 72,Chapinero,Parque de los Hippies,Chapinero,26.0,2.76,Eléctrica,Ocasional,Nublado,15.1,0.0,No
V002803,2026-05-01 18:57:39,Calle 100,Usaquén,Parque El Virrey Norte,Usaquén,6.3,1.02,Mecánica,Suscriptor,Despejado,14.6,0.0,No
V002591,2026-03-18 08:47:27,Parque de los Novios,Barrios Unidos,Galerías,Teusaquillo,18.3,3.84,Eléctrica,Suscriptor,Lluvia ligera,17.8,0.8,No
V002604,2026-05-07 11:13:08,Plaza de Bolívar,La Candelaria,Plaza de Bolívar,La Candelaria,4.3,0.89,Eléctrica,Suscriptor,Despejado,15.5,0.0,No
V002515,2026-05-15 18:54:23,Universidades Centro,La Candelaria,Plaza de Bolívar,La Candelaria,7.4,1.01,Mecánica,Suscriptor,Nublado,17.0,0.0,No
V002845,2026-03-27 11:29:00,Hacienda Santa Bárbara,Usaquén,Calle 72,Chapinero,6.8,1.49,Eléctrica,Ocasional,Despejado,19.6,0.0,No
V002997,2026-02-08 16:30:54,Plaza de Bolívar,La Candelaria,Centro Internacional,Santa Fe,10.8,2.46,Eléctrica,Ocasional,Nublado,15.4,0.0,Sí
V001927,2026-02-05 17:18:26,Simón Bolívar Sur,Teusaquillo,Calle 63,Chapinero,41.5,8.38,Eléctrica,Suscriptor,Lluvia,18.6,3.8,No
V002542,2026-02-13 08:44:46,Calle 100,Usaquén,Hacienda Santa Bárbara,Usaquén,15.1,3.81,Eléctrica,Suscriptor,Lluvia,15.0,5.7,No
V000622,2026-05-25 02:27:49,Chorro de Quevedo,La Candelaria,Las Nieves,Santa Fe,11.5,1.96,Mecánica,Suscriptor,Nublado,19.2,0.0,No
V001511,2026-04-03 04:43:43,Corferias,Teusaquillo,Galerías,Teusaquillo,18.2,3.99,Mecánica,Ocasional,Despejado,17.3,0.0,No
V002627,2026-04-18 18:47:23,Universidad Javeriana,Chapinero,Universidad Javeriana,Chapinero,6.0,1.41,Eléctrica,Suscriptor,Despejado,22.7,0.0,Sí
V001672,2026-04-14 17:40:34,Plaza de Bolívar,La Candelaria,Chorro de Quevedo,La Candelaria,12.1,2.37,Mecánica,Ocasional,Despejado,19.9,0.0,No
V001701,2026-03-07 17:45:38,Corferias,Teusaquillo,Corferias,Teusaquillo,9.4,1.54,Mecánica,Suscriptor,Despejado,15.5,0.0,Sí
V002046,2026-03-31 17:39:39,Galerías,Teusaquillo,Parkway,Teusaquillo,7.1,1.59,Eléctrica,Suscriptor,Despejado,19.1,0.0,No
V001201,2026-02-10 02:56:31,Calle 100,Usaquén,Hacienda Santa Bárbara,Usaquén,8.5,1.64,Mecánica,Suscriptor,Nublado,12.4,0.0,No
V002861,2026-03-31 12:58:54,Parque de la 93,Chapinero,Las Nieves,Santa Fe,29.9,4.9,Mecánica,Suscriptor,Lluvia ligera,19.3,2.2,No
V000664,2026-05-20 02:29:40,Las Nieves,Santa Fe,Museo Nacional,Santa Fe,14.4,2.97,Mecánica,Suscriptor,Lluvia,16.8,2.9,No
V000775,2026-05-26 07:01:40,San Felipe,Barrios Unidos,San Felipe,Barrios Unidos,5.9,1.32,Eléctrica,Suscriptor,Despejado,17.5,0.0,No
V000574,2026-05-25 08:14:56,Plaza de Bolívar,La Candelaria,Universidades Centro,La Candelaria,6.8,1.71,Mecánica,Suscriptor,Despejado,19.5,0.0,No
V002085,2026-04-26 01:30:32,Hacienda Santa Bárbara,Usaquén,Las Nieves,Santa Fe,23.4,4.06,Mecánica,Suscriptor,Lluvia,21.3,5.3,Sí
V002826,2026-05-09 02:10:23,Calle 116,Usaquén,Hacienda Santa Bárbara,Usaquén,15.0,4.04,Eléctrica,Suscriptor,Despejado,18.6,0.0,Sí
V003004,2026-03-29 10:34:35,Simón Bolívar Norte,Barrios Unidos,Parque de los Novios,Barrios Unidos,23.5,4.33,Mecánica,Suscriptor,Nublado,16.9,0.0,Sí
V002785,2026-03-17 18:19:40,Corferias,Teusaquillo,Simón Bolívar Sur,Teusaquillo,21.1,4.36,Mecánica,Ocasional,Nublado,12.7,0.0,No
V002075,2026-03-12 08:21:31,Calle 63,Chapinero,Calle 63,Chapinero,4.8,0.9,Mecánica,Suscriptor,Lluvia,13.7,10.8,No
V001122,2026-03-04 03:23:42,San Felipe,Barrios Unidos,Calle 80,Barrios Unidos,17.6,2.63,Eléctrica,Suscriptor,Despejado,15.7,0.0,No
V000551,2026-02-05 08:05:25,Las Nieves,Santa Fe,Unicentro,Usaquén,12.0,2.72,Eléctrica,Suscriptor,Despejado,13.3,0.0,No
V002687,2026-03-23 17:42:30,Hacienda Santa Bárbara,Usaquén,Calle 116,Usaquén,12.6,2.52,Eléctrica,Suscriptor,Nublado,15.9,0.0,No
V002126,2026-02-18 12:35:49,Chorro de Quevedo,La Candelaria,Chorro de Quevedo,La Candelaria,10.9,,Eléctrica,Ocasional,Nublado,12.0,0.0,No
V000140,2026-05-20 05:41:57,San Felipe,Barrios Unidos,Parque de los Novios,Barrios Unidos,7.8,1.21,Mecánica,Suscriptor,Lluvia ligera,19.4,1.8,No
V001975,2026-03-31 07:40:53,Parque Nacional,Santa Fe,Las Nieves,Santa Fe,9.7,2.29,Eléctrica,Suscriptor,Lluvia ligera,17.0,2.5,No
V002856,2026-02-21 15:41:57,Universidad Javeriana,Chapinero,Parque de los Novios,Barrios Unidos,18.4,3.22,Eléctrica,Suscriptor,Lluvia,16.3,5.4,Sí
V000283,2026-03-06 00:10:52,San Felipe,Barrios Unidos,Simón Bolívar Norte,Barrios Unidos,9.7,1.47,Eléctrica,Suscriptor,Despejado,15.4,0.0,No
V000259,2026-04-07 23:56:00,Chorro de Quevedo,La Candelaria,Universidades Centro,La Candelaria,8.2,1.42,Eléctrica,Suscriptor,Lluvia,16.9,7.1,No
V000617,2026-04-25 19:32:20,Parque Nacional,Santa Fe,,Santa Fe,7.2,1.43,Eléctrica,Ocasional,Despejado,17.9,0.0,Sí
V001812,2026-03-23 07:00:36,Museo Nacional,Santa Fe,Centro Internacional,Santa Fe,11.7,2.24,Mecánica,Suscriptor,Despejado,14.1,0.0,No
V001798,2026-05-27 07:42:57,Parque de los Novios,Barrios Unidos,Parque de los Hippies,Chapinero,10.0,2.13,Eléctrica,Suscriptor,Despejado,16.1,0.0,No
V002226,2026-04-26 18:34:01,Las Nieves,Santa Fe,Museo Nacional,Santa Fe,6.5,1.51,Mecánica,Suscriptor,Despejado,18.1,0.0,Sí
V002236,2026-03-01 18:30:07,Las Nieves,Santa Fe,Universidad Javeriana,Chapinero,24.4,6.93,Eléctrica,Suscriptor,Nublado,15.0,0.0,Sí
V000726,2026-05-29 08:49:39,Plaza de Bolívar,La Candelaria,Chorro de Quevedo,La Candelaria,9.4,2.56,Eléctrica,Suscriptor,Despejado,18.9,0.0,No
V001637,2026-02-07 07:08:40,Parque de los Hippies,Chapinero,Zona G,Chapinero,7.2,1.34,Mecánica,Suscriptor,Despejado,13.7,0.0,Sí
V002231,2026-02-27 05:40:35,Plaza de Bolívar,La Candelaria,Las Aguas,La Candelaria,14.9,3.71,Eléctrica,Suscriptor,Despejado,14.3,0.0,No
V000678,2026-03-13 13:29:37,Simón Bolívar Norte,Barrios Unidos,San Felipe,Barrios Unidos,7.5,2.19,Mecánica,Suscriptor,Lluvia,14.3,9.3,No
V002130,2026-04-22 18:59:53,Corferias,Teusaquillo,Corferias,Teusaquillo,5.9,1.29,Eléctrica,Ocasional,Nublado,21.2,0.0,No
V001153,2026-03-19 18:38:14,Unicentro,Usaquén,Hacienda Santa Bárbara,Usaquén,7.5,1.82,Eléctrica,Ocasional,Nublado,20.0,0.0,No
V001347,2026-03-10 19:35:04,Parque Nacional,Santa Fe,Las Nieves,Santa Fe,19.9,3.9,Mecánica,Suscriptor,Nublado,15.9,0.0,No
V000056,2026-02-26 16:37:04,Simón Bolívar Norte,Barrios Unidos,Calle 100,Usaquén,14.0,2.63,Eléctrica,Ocasional,Lluvia,16.3,5.1,No
V001567,2026-03-17 21:19:25,Galerías,Teusaquillo,Corferias,Teusaquillo,9.6,1.39,Mecánica,Suscriptor,Despejado,16.8,0.0,No
V002371,2026-05-28 02:15:56,Universidad Javeriana,Chapinero,Calle 72,Chapinero,15.5,3.66,Eléctrica,Suscriptor,Despejado,16.1,0.0,No
V001412,2026-03-25 16:06:27,Las Nieves,Santa Fe,Centro Internacional,Santa Fe,10.1,1.68,Mecánica,Suscriptor,Despejado,17.3,0.0,No
V002356,2026-03-12 07:59:43,Parque de los Novios,Barrios Unidos,Parque de los Novios,Barrios Unidos,6.4,1.45,Eléctrica,Suscriptor,Despejado,14.1,0.0,No
V001289,2026-04-15 03:21:38,Calle 80,Barrios Unidos,Simón Bolívar Norte,Barrios Unidos,7.8,1.17,Mecánica,Suscriptor,Despejado,13.2,0.0,No
V000167,2026-02-16 21:42:38,Centro Internacional,Santa Fe,Las Nieves,Santa Fe,21.7,6.24,Eléctrica,Ocasional,Nublado,13.5,0.0,No
V003049,2026-04-21 20:42:07,Universidad Nacional,Teusaquillo,Simón Bolívar Sur,Teusaquillo,11.1,2.05,Eléctrica,Suscriptor,Nublado,15.6,0.0,No
V000873,2026-04-12 19:34:43,Simón Bolívar Sur,Teusaquillo,Corferias,Teusaquillo,10.4,2.48,Eléctrica,Suscriptor,Despejado,21.8,0.0,Sí
V001362,2026-05-05 14:08:37,San Felipe,Barrios Unidos,Plaza de Bolívar,La Candelaria,30.1,6.79,Mecánica,Ocasional,Nublado,24.2,0.0,No
V000888,2026-04-14 05:02:13,Calle 80,Barrios Unidos,Simón Bolívar Norte,Barrios Unidos,10.8,2.62,Mecánica,Ocasional,Nublado,12.7,0.0,No
V000889,2026-03-25 04:31:59,Parque Nacional,Santa Fe,Calle 63,Chapinero,13.4,3.06,Mecánica,Suscriptor,Nublado,12.4,0.0,No
V002511,2026-04-05 07:38:26,Centro Internacional,Santa Fe,Las Nieves,Santa Fe,12.0,3.26,Eléctrica,Suscriptor,Nublado,16.5,0.0,Sí
V002563,2026-02-20 23:03:05,Calle 63,Chapinero,Parque de la 93,Chapinero,11.9,1.6,Mecánica,Suscriptor,Despejado,13.5,0.0,No
V001820,2026-02-14 14:41:17,Universidad Javeriana,Chapinero,Calle 63,Chapinero,9.8,2.04,Eléctrica,Ocasional,Nublado,15.5,0.0,Sí
V002596,2026-04-28 09:47:56,Calle 63,Chapinero,Parque de la 93,Chapinero,7.5,1.82,Eléctrica,Suscriptor,Despejado,16.2,0.0,No
V001973,2026-05-20 18:47:29,Calle 80,Barrios Unidos,Universidad Javeriana,Chapinero,20.1,4.12,Mecánica,Suscriptor,Lluvia ligera,15.3,2.1,No
V000499,2026-04-13 08:23:24,Parque de los Hippies,Chapinero,Parkway,Teusaquillo,12.4,2.05,Mecánica,Suscriptor,Nublado,16.1,0.0,No
V001970,2026-03-11 18:11:53,Centro Internacional,Santa Fe,Parque Nacional,Santa Fe,26.1,4.37,Mecánica,Suscriptor,Lluvia,21.6,11.3,No
V000715,2026-04-06 18:36:54,Universidad Javeriana,Chapinero,Calle 63,Chapinero,18.8,3.94,Eléctrica,Suscriptor,Lluvia ligera,15.3,1.2,No
V002897,2026-03-20 19:29:58,Parque El Virrey Norte,Usaquén,Universidades Centro,La Candelaria,20.9,3.36,Mecánica,Suscriptor,Lluvia,15.5,6.4,No
V001057,2026-05-04 03:42:49,Corferias,Teusaquillo,Zona G,Chapinero,19.7,5.02,Eléctrica,Suscriptor,Lluvia ligera,18.0,2.2,No
V002911,2026-02-09 15:30:19,Universidad Nacional,Teusaquillo,Parque de los Novios,Barrios Unidos,24.3,5.19,Eléctrica,Suscriptor,Despejado,18.6,0.0,No
V000365,2026-05-05 15:09:55,Zona G,Chapinero,Zona G,Chapinero,7.0,1.34,Eléctrica,Ocasional,Despejado,15.9,0.0,No
V003197,2026-02-22 21:30:16,Simón Bolívar Sur,Teusaquillo,San Felipe,Barrios Unidos,28.0,6.59,Mecánica,Suscriptor,Despejado,19.3,0.0,Sí
V003031,2026-03-02 08:57:29,Galerías,Teusaquillo,Universidad Nacional,Teusaquillo,10.6,2.56,Eléctrica,Suscriptor,Nublado,17.7,0.0,No
V001728,2026-03-15 18:52:08,Parque de los Novios,Barrios Unidos,Parque de los Novios,Barrios Unidos,7.5,1.39,Mecánica,Ocasional,Nublado,20.8,0.0,Sí
V001173,2026-03-10 00:09:41,Simón Bolívar Norte,Barrios Unidos,San Felipe,Barrios Unidos,11.8,2.56,Mecánica,Suscriptor,Nublado,16.9,0.0,No
V003198,2026-02-05 18:09:26,Hacienda Santa Bárbara,Usaquén,Calle 100,Usaquén,10.4,1.95,Mecánica,Suscriptor,Nublado,18.5,0.0,No
V000801,2026-02-27 08:36:24,Unicentro,Usaquén,Calle 100,Usaquén,10.6,2.22,Mecánica,Suscriptor,Despejado,15.0,0.0,No
V000618,2026-02-19 19:11:08,Parque de los Novios,Barrios Unidos,Corferias,Teusaquillo,9.9,1.5,Eléctrica,Suscriptor,Lluvia,14.0,2.5,No
V002229,2026-03-31 08:39:52,Calle 100,Usaquén,Unicentro,Usaquén,10.9,2.28,Eléctrica,Ocasional,Nublado,16.9,0.0,No
V000601,2026-02-27 18:00:35,Parque de los Hippies,Chapinero,Calle 63,Chapinero,9.4,1.65,Eléctrica,Suscriptor,Nublado,13.0,0.0,No
V000124,2026-04-20 08:44:18,San Felipe,Barrios Unidos,,La Candelaria,42.6,9.28,Mecánica,Suscriptor,Despejado,17.8,0.0,No
V001598,2026-05-04 17:08:10,Unicentro,Usaquén,Universidad Javeriana,Chapinero,19.0,3.69,Mecánica,Suscriptor,Nublado,13.7,0.0,No
V000335,2026-03-06 21:12:55,Parque Nacional,Santa Fe,Las Nieves,Santa Fe,9.8,1.48,Mecánica,Suscriptor,Nublado,16.2,0.0,No
V001858,2026-03-25 14:43:02,Parque Nacional,Santa Fe,Parque Nacional,Santa Fe,16.1,3.76,Mecánica,Suscriptor,Despejado,15.3,0.0,No
V002410,2026-04-24 17:04:58,Museo Nacional,Santa Fe,Parque Nacional,Santa Fe,14.6,2.52,Mecánica,Ocasional,Despejado,16.5,0.0,No
V000305,2026-03-22 21:34:02,Hacienda Santa Bárbara,Usaquén,Parkway,Teusaquillo,24.2,5.14,Mecánica,Suscriptor,Despejado,19.2,0.0,Sí
V002550,2026-04-19 00:38:10,Corferias,Teusaquillo,Simón Bolívar Norte,Barrios Unidos,24.9,4.38,Mecánica,Ocasional,Nublado,14.4,0.0,Sí
V000981,2026-03-07 17:46:00,Galerías,Teusaquillo,Parkway,Teusaquillo,15.7,2.38,Mecánica,Ocasional,Nublado,17.6,0.0,Sí
V001689,2026-04-02 17:01:36,Parque El Virrey Norte,Usaquén,Calle 100,Usaquén,11.6,2.68,Mecánica,Ocasional,Nublado,20.8,0.0,No
V002836,2026-03-17 13:00:28,Calle 100,Usaquén,Calle 116,Usaquén,9.9,2.31,Eléctrica,Suscriptor,Despejado,17.8,0.0,No
V002934,2026-02-17 05:41:12,Parque Nacional,Santa Fe,Centro Internacional,Santa Fe,5.6,0.88,Mecánica,Suscriptor,Despejado,18.7,0.0,No
V000919,2026-05-10 17:08:40,Calle 100,Usaquén,Parque El Virrey Norte,Usaquén,16.8,3.99,Mecánica,Suscriptor,Despejado,17.1,0.0,Sí
V001080,2026-05-15 19:34:48,Chorro de Quevedo,La Candelaria,Calle 116,Usaquén,10.5,1.82,Mecánica,Suscriptor,Lluvia ligera,16.0,1.9,No
V000806,2026-04-16 13:18:34,Parque Nacional,Santa Fe,Parque Nacional,Santa Fe,7.3,1.45,Eléctrica,Suscriptor,Despejado,14.5,0.0,No
V000582,2026-02-27 19:33:13,Universidades Centro,La Candelaria,Plaza de Bolívar,La Candelaria,10.2,1.76,Mecánica,Suscriptor,Nublado,16.3,0.0,No
V001617,2026-04-30 18:05:16,Universidades Centro,La Candelaria,Las Aguas,La Candelaria,12.7,2.57,Eléctrica,Ocasional,Nublado,16.8,0.0,No
V001195,2026-02-11 08:12:17,Zona G,Chapinero,Universidad Nacional,Teusaquillo,10.8,1.88,Mecánica,Ocasional,Nublado,14.8,0.0,No
V001825,2026-05-01 06:04:28,Calle 72,Chapinero,Universidad Nacional,Teusaquillo,21.8,4.41,Mecánica,Suscriptor,Despejado,17.2,0.0,No
V001880,2026-05-30 18:29:11,Zona G,Chapinero,Zona G,Chapinero,13.0,2.88,Eléctrica,Suscriptor,Nublado,18.4,0.0,Sí
V001982,2026-05-04 10:30:37,Las Nieves,Santa Fe,Calle 63,Chapinero,22.8,3.8,Mecánica,Suscriptor,Nublado,15.5,0.0,No
V001862,2026-04-09 13:06:54,Parque de los Novios,Barrios Unidos,Calle 80,Barrios Unidos,8.4,1.92,Mecánica,Ocasional,Nublado,17.8,0.0,No
V001351,2026-04-18 17:30:01,Centro Internacional,Santa Fe,Las Nieves,Santa Fe,5.1,1.2,Eléctrica,Suscriptor,Lluvia ligera,18.1,1.6,Sí
V000410,2026-03-28 17:52:33,Parque de los Novios,Barrios Unidos,Calle 80,Barrios Unidos,7.6,1.13,Mecánica,Suscriptor,Nublado,17.6,0.0,Sí
V000676,2026-05-29 18:38:02,Unicentro,Usaquén,Calle 63,Chapinero,22.6,2.9,Mecánica,Suscriptor,Despejado,17.8,0.0,No
V000298,2026-03-21 16:00:19,Simón Bolívar Norte,Barrios Unidos,Simón Bolívar Sur,Teusaquillo,22.0,4.37,Mecánica,Suscriptor,Lluvia ligera,14.8,1.8,Sí
V000926,2026-02-21 07:10:28,Parque de los Novios,Barrios Unidos,Simón Bolívar Norte,Barrios Unidos,8.1,1.49,Eléctrica,Suscriptor,Nublado,16.1,0.0,Sí
V000023,2026-02-07 05:35:52,Parque de los Hippies,Chapinero,Zona G,Chapinero,7.4,1.45,Eléctrica,Ocasional,Lluvia,16.3,8.3,Sí
V002172,2026-05-08 22:29:24,Universidad Nacional,Teusaquillo,Zona G,Chapinero,27.5,4.92,Eléctrica,Suscriptor,Nublado,19.2,0.0,No
V000729,2026-03-09 01:36:03,San Felipe,Barrios Unidos,San Felipe,Barrios Unidos,10.6,2.66,Eléctrica,Suscriptor,Lluvia ligera,17.8,1.2,No
V001308,2026-05-05 09:10:14,Simón Bolívar Sur,Teusaquillo,Universidad Javeriana,Chapinero,9.5,1.92,Eléctrica,Ocasional,Lluvia,16.9,3.9,No
V000672,2026-03-20 18:16:13,Zona G,Chapinero,Universidad Javeriana,Chapinero,30.7,5.65,Mecánica,Suscriptor,Nublado,17.7,0.0,No
V001673,2026-03-09 17:38:07,Calle 116,Usaquén,San Felipe,Barrios Unidos,21.4,4.8,Mecánica,Ocasional,Despejado,17.3,0.0,No
V001200,2026-05-20 07:24:15,Simón Bolívar Sur,Teusaquillo,Zona G,Chapinero,17.6,2.58,Mecánica,Suscriptor,Lluvia ligera,15.8,2.3,No
V003109,2026-05-15 00:18:02,Parque de la 93,Chapinero,Calle 63,Chapinero,12.2,2.81,Eléctrica,Ocasional,Despejado,19.9,0.0,No
V000294,2026-04-18 18:17:00,Las Nieves,Santa Fe,Museo Nacional,Santa Fe,11.1,2.3,Mecánica,Suscriptor,Lluvia ligera,15.4,0.5,Sí
V000127,2026-05-18 08:53:00,Calle 80,Barrios Unidos,San Felipe,Barrios Unidos,4.4,0.99,Eléctrica,Suscriptor,Despejado,,0.0,No
V002421,2026-03-31 12:57:25,San Felipe,Barrios Unidos,Parque de los Novios,Barrios Unidos,4.5,0.93,Mecánica,Suscriptor,Nublado,18.0,0.0,No
V002110,2026-02-22 17:38:33,Parque Nacional,Santa Fe,Calle 116,Usaquén,12.8,3.44,Eléctrica,Ocasional,Nublado,17.7,0.0,Sí
V000693,2026-03-22 23:13:46,Simón Bolívar Sur,Teusaquillo,Chorro de Quevedo,La Candelaria,11.0,2.72,Mecánica,Suscriptor,Nublado,21.2,0.0,Sí
V000687,2026-04-02 18:26:02,Parkway,Teusaquillo,Calle 80,Barrios Unidos,17.1,3.07,Eléctrica,Suscriptor,Lluvia,18.8,6.0,No
V000818,2026-04-09 16:29:11,Corferias,Teusaquillo,Hacienda Santa Bárbara,Usaquén,13.6,1.84,Mecánica,Suscriptor,Despejado,15.2,0.0,No
V000217,2026-03-21 04:39:13,Galerías,Teusaquillo,Universidad Nacional,Teusaquillo,7.4,1.27,Eléctrica,Suscriptor,Despejado,17.9,0.0,Sí
V000153,2026-04-17 15:05:36,Calle 116,Usaquén,Universidad Javeriana,Chapinero,17.2,3.92,Eléctrica,Suscriptor,Lluvia ligera,17.0,1.8,No
V002706,2026-03-14 21:15:30,Calle 100,Usaquén,Unicentro,Usaquén,13.5,3.24,Mecánica,Suscriptor,Despejado,12.8,0.0,Sí
V001993,2026-05-24 09:22:52,Universidad Nacional,Teusaquillo,Parque de la 93,Chapinero,12.0,2.99,Mecánica,Suscriptor,Nublado,19.9,0.0,Sí
V002809,2026-04-25 15:41:28,Parque de los Hippies,Chapinero,Parque de los Hippies,Chapinero,5.6,0.89,Eléctrica,Ocasional,Nublado,14.3,0.0,Sí
V002009,2026-03-22 18:02:04,Universidad Javeriana,Chapinero,Parque El Virrey Norte,Usaquén,12.4,3.8,Eléctrica,Ocasional,Despejado,19.8,0.0,Sí
V000479,2026-03-11 17:35:48,Parque Nacional,Santa Fe,Museo Nacional,Santa Fe,7.6,2.18,Eléctrica,Suscriptor,Despejado,15.9,0.0,No
V001283,2026-05-06 16:34:37,Parque de los Hippies,Chapinero,Zona G,Chapinero,9.0,1.56,Eléctrica,Suscriptor,Lluvia ligera,20.2,0.9,No
V001605,2026-04-18 12:52:31,Unicentro,Usaquén,Galerías,Teusaquillo,16.4,3.7,Eléctrica,Ocasional,Lluvia ligera,17.5,1.3,Sí
V002723,2026-02-19 15:36:53,Calle 116,Usaquén,Universidad Nacional,Teusaquillo,12.3,1.97,Mecánica,Ocasional,Despejado,19.8,0.0,No
V001667,2026-04-22 08:59:47,Las Nieves,Santa Fe,Centro Internacional,Santa Fe,25.5,5.35,Mecánica,Suscriptor,Lluvia ligera,15.3,0.5,No
V000813,2026-05-18 17:54:34,Calle 100,Usaquén,Unicentro,Usaquén,18.6,4.71,Eléctrica,Suscriptor,Despejado,16.8,0.0,No
V000251,2026-03-03 18:05:44,Calle 100,Usaquén,Las Aguas,La Candelaria,15.4,3.46,Eléctrica,Suscriptor,Lluvia ligera,13.3,0.5,No
V000844,2026-03-03 20:53:19,Parque Nacional,Santa Fe,Las Nieves,Santa Fe,8.9,31.2,Mecánica,Suscriptor,Despejado,15.9,0.0,No
V002967,2026-05-29 09:49:54,Universidad Nacional,Teusaquillo,Chorro de Quevedo,La Candelaria,14.6,2.89,Eléctrica,Ocasional,Lluvia ligera,15.4,1.0,No
V000968,2026-02-11 21:45:42,Parque de los Hippies,Chapinero,Parque de los Hippies,Chapinero,4.0,0.81,Eléctrica,Suscriptor,lluvia ligera,15.8,0.0,No
V002471,2026-02-25 13:20:22,Calle 63,Chapinero,Calle 72,Chapinero,7.4,1.39,Eléctrica,Suscriptor,Lluvia,17.8,6.2,No
V000973,2026-02-22 12:55:38,Las Aguas,La Candelaria,Las Aguas,La Candelaria,5.0,1.26,Eléctrica,Ocasional,Lluvia ligera,17.1,0.4,Sí
V001897,2026-05-08 17:15:05,Universidad Nacional,Teusaquillo,Corferias,Teusaquillo,9.3,2.18,Mecánica,Ocasional,Lluvia ligera,18.5,0.5,No
V000247,2026-05-12 19:23:39,Universidad Nacional,Teusaquillo,Parkway,Teusaquillo,31.8,6.27,Mecánica,Ocasional,Despejado,17.7,0.0,No
V003101,2026-03-27 18:25:06,Parque Nacional,Santa Fe,,Usaquén,18.7,,Mecánica,Suscriptor,Despejado,19.1,0.0,No
V002212,2026-02-16 19:58:51,Corferias,Teusaquillo,Corferias,Teusaquillo,10.7,2.24,Eléctrica,Suscriptor,Lluvia ligera,16.1,1.7,No
V002174,2026-03-24 09:33:20,Galerías,Teusaquillo,Simón Bolívar Sur,Teusaquillo,4.8,0.71,Eléctrica,Suscriptor,Lluvia ligera,19.0,0.9,No
V002458,2026-03-06 07:21:54,Simón Bolívar Norte,Barrios Unidos,Hacienda Santa Bárbara,Usaquén,8.1,1.36,Mecánica,Ocasional,Lluvia ligera,18.8,0.8,No
V002445,2026-05-31 15:14:55,Calle 100,Usaquén,Hacienda Santa Bárbara,Usaquén,6.5,1.21,Eléctrica,Suscriptor,Despejado,19.9,0.0,Sí
V001506,2026-05-20 19:26:47,Zona G,Chapinero,Parque de la 93,Chapinero,7.1,1.86,Mecánica,Ocasional,Nublado,15.2,0.0,No
V001346,2026-05-07 19:28:00,Parque de los Novios,Barrios Unidos,Simón Bolívar Norte,Barrios Unidos,10.4,1.94,Eléctrica,Suscriptor,Nublado,16.1,0.0,No
V002547,2026-03-13 07:32:02,Las Aguas,La Candelaria,Calle 72,Chapinero,13.7,2.48,Mecánica,Suscriptor,Lluvia ligera,13.7,1.0,No
V000976,2026-02-27 11:54:39,Galerías,Teusaquillo,Galerías,Teusaquillo,9.4,1.57,Mecánica,Suscriptor,Despejado,14.5,0.0,No
V003044,2026-03-07 19:29:27,Las Nieves,Santa Fe,Parque de los Hippies,Chapinero,23.0,4.98,Mecánica,Ocasional,Despejado,17.0,0.0,Sí
V001646,2026-05-03 18:08:07,Museo Nacional,Santa Fe,Calle 80,Barrios Unidos,26.2,4.63,Mecánica,Ocasional,Nublado,18.8,0.0,Sí
V001680,2026-02-05 20:12:16,Centro Internacional,Santa Fe,Simón Bolívar Sur,Teusaquillo,18.2,5.2,Eléctrica,Suscriptor,Lluvia ligera,16.9,2.4,No
V002305,2026-04-10 00:41:21,Las Aguas,La Candelaria,Las Aguas,La Candelaria,5.4,1.09,Mecánica,Suscriptor,Nublado,15.4,0.0,No
V000123,2026-04-02 01:22:15,Calle 80,Barrios Unidos,Simón Bolívar Sur,Teusaquillo,7.5,1.18,Mecánica,Ocasional,Despejado,13.7,0.0,No
V001535,2026-02-08 23:55:23,Galerías,Teusaquillo,Parque de la 93,Chapinero,15.5,2.89,Eléctrica,Suscriptor,Lluvia ligera,11.8,1.4,Sí
V002597,2026-03-27 08:20:41,Galerías,Teusaquillo,Parkway,Teusaquillo,9.1,1.69,Eléctrica,Ocasional,Nublado,13.9,0.0,No
V002701,2026-03-15 12:10:03,Las Aguas,La Candelaria,Chorro de Quevedo,La Candelaria,16.4,3.71,Mecánica,Suscriptor,Despejado,14.6,0.0,Sí
V002101,2026-05-06 18:35:27,Las Nieves,Santa Fe,Centro Internacional,Santa Fe,6.1,1.24,Eléctrica,Suscriptor,Lluvia ligera,16.7,1.1,No
V000870,2026-05-09 19:40:38,Parque de los Novios,Barrios Unidos,Simón Bolívar Norte,Barrios Unidos,9.0,1.97,Eléctrica,Suscriptor,Despejado,14.2,0.0,Sí
V002606,2026-02-25 19:05:11,Parque Nacional,Santa Fe,Parque Nacional,Santa Fe,7.3,1.11,Mecánica,Suscriptor,Nublado,14.9,0.0,No
V001031,2026-05-25 07:48:06,Parque de la 93,Chapinero,Parque de la 93,Chapinero,5.4,1.05,Mecánica,Suscriptor,Despejado,18.9,0.0,No
V000757,2026-05-23 19:47:31,Galerías,Teusaquillo,Corferias,Teusaquillo,3.8,0.77,Mecánica,Suscriptor,Despejado,16.5,0.0,Sí
V001999,2026-02-26 19:59:01,Parque El Virrey Norte,Usaquén,Parque El Virrey Norte,Usaquén,16.7,3.27,Eléctrica,Suscriptor,Despejado,14.2,0.0,No
V001157,2026-02-18 02:12:08,Calle 100,Usaquén,Unicentro,Usaquén,17.7,3.27,Eléctrica,Suscriptor,Nublado,17.5,0.0,No
V002116,2026-04-21 07:10:04,Calle 72,Chapinero,San Felipe,Barrios Unidos,26.0,3.88,Mecánica,Suscriptor,Despejado,16.8,0.0,No
V002411,2026-03-04 18:21:19,Las Aguas,La Candelaria,Las Aguas,La Candelaria,3.4,0.7,Mecánica,Suscriptor,Despejado,13.3,0.0,No
V000333,2026-04-05 09:49:09,Parkway,Teusaquillo,Calle 116,Usaquén,15.0,2.7,Eléctrica,Suscriptor,Lluvia ligera,15.1,2.3,Sí
V001593,2026-02-26 19:11:01,Las Aguas,La Candelaria,Plaza de Bolívar,La Candelaria,11.7,2.2,Mecánica,Suscriptor,Lluvia,14.9,7.1,No
V001576,2026-02-06 17:19:15,Galerías,Teusaquillo,Corferias,Teusaquillo,15.1,3.06,Mecánica,Suscriptor,Nublado,12.2,0.0,No
V002298,2026-03-04 01:46:53,Chorro de Quevedo,La Candelaria,Calle 80,Barrios Unidos,17.5,3.13,Eléctrica,Ocasional,Despejado,15.6,0.0,No
V000473,2026-02-21 08:49:37,Hacienda Santa Bárbara,Usaquén,Calle 116,Usaquén,9.9,1.99,Eléctrica,Suscriptor,Lluvia,14.8,6.7,Sí
V000902,2026-02-16 02:58:48,Las Nieves,Santa Fe,Las Nieves,Santa Fe,4.6,1.41,Eléctrica,Suscriptor,Nublado,15.5,0.0,No
V000866,2026-02-06 19:54:54,Simón Bolívar Sur,Teusaquillo,Galerías,Teusaquillo,6.7,1.27,Eléctrica,Suscriptor,Nublado,11.8,0.0,No
V001330,2026-04-24 19:36:23,Calle 80,Barrios Unidos,Parque de la 93,Chapinero,32.8,4.92,Mecánica,Suscriptor,Lluvia,17.6,6.9,No
V001343,2026-03-16 17:23:05,Parque de los Novios,Barrios Unidos,Calle 80,Barrios Unidos,13.2,2.22,Mecánica,Suscriptor,Lluvia,19.1,5.9,No
V000742,2026-05-23 01:31:43,Parque de la 93,Chapinero,Zona G,Chapinero,9.5,2.1,Mecánica,Suscriptor,Nublado,14.1,0.0,Sí
V002960,2026-02-11 20:57:50,Corferias,Teusaquillo,Simón Bolívar Sur,Teusaquillo,8.0,2.15,Eléctrica,Suscriptor,Despejado,18.8,0.0,No
V002804,2026-04-11 01:53:15,Unicentro,Usaquén,Parque El Virrey Norte,Usaquén,9.4,2.23,Eléctrica,Suscriptor,Lluvia ligera,19.4,0.8,Sí
V002966,2026-02-21 06:32:22,Galerías,Teusaquillo,Parque de los Hippies,Chapinero,20.1,5.04,Mecánica,Suscriptor,Nublado,18.5,0.0,Sí
V002191,2026-04-14 08:37:59,Universidad Nacional,Teusaquillo,Corferias,Teusaquillo,6.3,1.45,Mecánica,Suscriptor,Despejado,14.5,0.0,No
V001629,2026-05-01 01:25:46,Calle 72,Chapinero,Parque de los Hippies,Chapinero,7.3,1.52,Eléctrica,Suscriptor,Despejado,16.5,0.0,No
V002464,2026-05-14 07:39:23,Calle 80,Barrios Unidos,,Barrios Unidos,23.8,3.64,Mecánica,Suscriptor,Lluvia ligera,17.8,2.3,No
V001150,2026-03-01 17:53:52,Galerías,Teusaquillo,Corferias,Teusaquillo,28.8,6.66,Mecánica,Suscriptor,Despejado,15.1,0.0,Sí
V002889,2026-03-12 18:37:40,Galerías,Teusaquillo,Galerías,Teusaquillo,11.7,2.64,Eléctrica,Ocasional,Despejado,17.1,0.0,No
V002698,2026-05-28 08:37:14,Parque Nacional,Santa Fe,Simón Bolívar Sur,Teusaquillo,27.5,3.64,Mecánica,Suscriptor,Lluvia ligera,15.8,2.1,No
V000257,2026-04-16 18:12:58,Calle 100,Usaquén,Las Aguas,La Candelaria,15.4,3.68,Eléctrica,Ocasional,Despejado,17.2,0.0,No
V000634,2026-02-12 23:48:48,Calle 100,Usaquén,Parque El Virrey Norte,Usaquén,6.8,1.52,Mecánica,Suscriptor,lluvia ligera,18.2,0.0,No
V002569,2026-04-07 11:04:38,Parque de los Hippies,Chapinero,Plaza de Bolívar,La Candelaria,7.7,1.46,Eléctrica,Suscriptor,Despejado,15.4,0.0,No
V000778,2026-02-17 16:06:44,Chorro de Quevedo,La Candelaria,Universidades Centro,La Candelaria,9.4,1.7,electrica,Suscriptor,Despejado,16.4,0.0,No
V002557,2026-02-25 02:35:14,Simón Bolívar Norte,Barrios Unidos,Calle 72,Chapinero,12.1,2.01,Eléctrica,Suscriptor,Lluvia,14.5,3.5,No
V002102,2026-03-12 08:10:17,Centro Internacional,Santa Fe,Universidad Nacional,Teusaquillo,13.0,2.14,Mecánica,Suscriptor,Lluvia,14.5,9.6,No
V000558,2026-05-22 17:42:18,Corferias,Teusaquillo,Universidad Nacional,Teusaquillo,11.5,2.11,Mecánica,Suscriptor,Lluvia ligera,16.9,2.4,No
V002963,2026-04-20 15:54:08,Centro Internacional,Santa Fe,Las Nieves,Santa Fe,10.7,1.67,Eléctrica,Suscriptor,Despejado,18.1,0.0,No
V001986,2026-04-11 19:10:03,Calle 63,Chapinero,Zona G,Chapinero,9.8,2.0,Mecánica,Suscriptor,Nublado,,0.0,Sí
V002089,2026-03-09 05:20:04,Universidad Nacional,Teusaquillo,Simón Bolívar Sur,Teusaquillo,8.2,1.83,Eléctrica,Suscriptor,Despejado,15.4,0.0,No
V000262,2026-04-28 07:34:30,Unicentro,Usaquén,Calle 116,Usaquén,8.6,1.72,Eléctrica,Suscriptor,Nublado,19.0,0.0,No
V002132,2026-03-23 16:12:31,Zona G,Chapinero,Calle 63,Chapinero,15.6,3.46,Mecánica,Suscriptor,Lluvia,12.4,11.0,No
V002571,2026-03-05 19:46:10,Parque de los Hippies,Chapinero,Calle 63,Chapinero,6.5,1.3,Eléctrica,Suscriptor,Nublado,16.0,0.0,No
V002593,2026-04-14 17:31:18,Parque de los Novios,Barrios Unidos,Simón Bolívar Norte,Barrios Unidos,8.1,1.28,Mecánica,Suscriptor,Despejado,14.4,0.0,No
V001890,2026-05-26 20:58:00,Universidad Javeriana,Chapinero,,Chapinero,3.7,0.94,Eléctrica,Suscriptor,Despejado,16.1,0.0,No
V002169,2026-05-02 21:26:00,Unicentro,Usaquén,Chorro de Quevedo,La Candelaria,12.9,2.99,Eléctrica,Suscriptor,Nublado,17.1,0.0,Sí
V002079,2026-05-16 17:13:18,Calle 63,Chapinero,Plaza de Bolívar,La Candelaria,24.7,5.55,Mecánica,Suscriptor,Nublado,16.0,0.0,Sí
V002589,2026-02-03 13:56:37,Parque de la 93,Chapinero,Calle 63,Chapinero,16.3,3.18,Mecánica,Suscriptor,Despejado,15.0,0.0,No
V000209,2026-02-09 09:03:35,Simón Bolívar Norte,Barrios Unidos,Hacienda Santa Bárbara,Usaquén,13.1,2.48,Mecánica,Suscriptor,Despejado,11.9,0.0,No
V002850,2026-04-25 16:10:28,Calle 100,Usaquén,Parque El Virrey Norte,Usaquén,8.9,1.59,Eléctrica,Suscriptor,Nublado,19.7,0.0,Sí
V001914,2026-04-07 08:15:34,Zona G,Chapinero,Zona G,Chapinero,11.6,2.75,Eléctrica,Ocasional,Despejado,19.9,0.0,No
V001607,2026-05-12 17:19:46,Parque de los Hippies,Chapinero,Zona G,Chapinero,4.5,1.14,Eléctrica,Suscriptor,Lluvia ligera,16.0,2.0,No
V001021,2026-02-16 07:57:25,Centro Internacional,Santa Fe,Calle 72,Chapinero,10.3,2.21,Eléctrica,Suscriptor,Despejado,15.7,0.0,No
V002849,2026-03-28 18:30:17,Hacienda Santa Bárbara,Usaquén,Calle 116,Usaquén,5.7,1.31,Eléctrica,Ocasional,Despejado,18.7,0.0,Sí
V001404,2026-03-28 06:22:22,Calle 116,Usaquén,Parque Nacional,Santa Fe,24.3,4.8,Eléctrica,Suscriptor,Lluvia,18.1,10.5,Sí
V002187,2026-05-25 07:00:33,Calle 63,Chapinero,Las Aguas,La Candelaria,29.3,6.65,Eléctrica,Ocasional,Nublado,17.8,0.0,No
V002097,2026-03-28 17:43:29,Centro Internacional,Santa Fe,Las Nieves,Santa Fe,8.5,2.13,Eléctrica,Ocasional,Despejado,18.7,0.0,Sí
V000210,2026-02-25 12:30:18,Calle 72,Chapinero,Calle 63,Chapinero,10.9,2.21,Eléctrica,Suscriptor,Nublado,14.1,0.0,No
V000154,2026-05-23 18:54:41,Parque de la 93,Chapinero,Universidad Nacional,Teusaquillo,10.8,2.33,Eléctrica,Ocasional,Lluvia ligera,19.1,1.4,Sí
V002467,2026-05-28 10:06:05,Las Nieves,Santa Fe,Hacienda Santa Bárbara,Usaquén,12.4,2.97,Mecánica,Suscriptor,Lluvia ligera,16.3,2.2,No
V001591,2026-03-31 21:42:16,Universidad Javeriana,Chapinero,Corferias,Teusaquillo,23.7,5.42,Mecánica,Suscriptor,Nublado,16.9,0.0,No
V001148,2026-02-19 11:51:37,Calle 63,Chapinero,Calle 63,Chapinero,11.7,2.61,Eléctrica,Suscriptor,Nublado,16.1,0.0,No
V001968,2026-02-18 18:00:26,Simón Bolívar Sur,Teusaquillo,Corferias,Teusaquillo,16.6,2.92,Mecánica,Suscriptor,Nublado,11.9,0.0,No
V001634,2026-03-27 17:39:40,Zona G,Chapinero,Parque de la 93,Chapinero,8.5,1.87,Mecánica,Suscriptor,Lluvia ligera,15.6,1.4,No
V002090,2026-03-14 08:25:55,Parque de la 93,Chapinero,Universidad Javeriana,Chapinero,13.0,2.37,Eléctrica,Ocasional,Despejado,17.2,0.0,Sí
V000598,2026-03-20 07:03:42,Simón Bolívar Sur,Teusaquillo,Las Aguas,La Candelaria,24.5,6.07,Eléctrica,Suscriptor,Despejado,14.2,0.0,No
V001932,2026-04-05 08:41:53,Galerías,Teusaquillo,Calle 63,Chapinero,9.5,2.72,Eléctrica,Suscriptor,Lluvia,18.4,3.2,Sí
V001657,2026-04-22 09:34:17,Parkway,Teusaquillo,Centro Internacional,Santa Fe,22.4,5.33,Mecánica,Suscriptor,Nublado,21.3,0.0,No
V000681,2026-05-29 08:42:55,Unicentro,Usaquén,Calle 116,Usaquén,20.0,3.53,Eléctrica,,Nublado,15.4,0.0,No
V001566,2026-02-04 16:54:41,Chorro de Quevedo,La Candelaria,Plaza de Bolívar,La Candelaria,14.9,3.6,Eléctrica,Ocasional,Despejado,16.7,0.0,No
V002317,2026-02-26 02:58:43,Calle 63,Chapinero,Centro Internacional,Santa Fe,12.7,3.43,Eléctrica,Suscriptor,Lluvia ligera,16.7,0.3,No
V001329,2026-03-22 06:00:51,Unicentro,Usaquén,Calle 100,Usaquén,6.7,1.4,Eléctrica,Ocasional,Lluvia ligera,15.8,2.4,Sí
V002088,2026-03-08 01:39:39,Corferias,Teusaquillo,Simón Bolívar Sur,Teusaquillo,7.1,1.6,Eléctrica,Ocasional,Despejado,15.0,0.0,Sí
V001519,2026-04-03 03:33:43,Simón Bolívar Norte,Barrios Unidos,Simón Bolívar Norte,Barrios Unidos,7.8,1.61,Mecánica,Suscriptor,Despejado,18.5,0.0,No
V002266,2026-05-20 03:54:44,Las Nieves,Santa Fe,Universidad Nacional,Teusaquillo,28.7,3.78,Mecánica,Ocasional,Lluvia,18.0,8.1,No
V000222,2026-03-13 23:26:55,Plaza de Bolívar,La Candelaria,Las Aguas,La Candelaria,23.1,5.64,Eléctrica,Ocasional,Despejado,15.8,0.0,No
V000226,2026-03-28 17:45:18,Parque de los Hippies,Chapinero,Zona G,Chapinero,27.2,4.22,Eléctrica,Ocasional,Despejado,17.5,0.0,Sí
V003043,2026-04-24 19:33:48,Calle 72,Chapinero,Parque de la 93,Chapinero,8.6,1.81,Eléctrica,Ocasional,Despejado,18.4,0.0,No
V003105,2026-02-21 17:38:24,Las Nieves,Santa Fe,Las Nieves,Santa Fe,4.1,0.71,Mecánica,Suscriptor,Nublado,18.1,0.0,Sí
V001761,2026-04-30 03:57:19,Museo Nacional,Santa Fe,Universidades Centro,La Candelaria,15.2,2.55,Eléctrica,Suscriptor,Despejado,18.6,0.0,No
V001361,2026-04-07 17:49:29,Unicentro,Usaquén,Calle 116,Usaquén,17.1,4.14,Mecánica,Suscriptor,Despejado,15.9,0.0,No
V002691,2026-03-18 07:34:16,San Felipe,Barrios Unidos,San Felipe,Barrios Unidos,7.1,0.92,Mecánica,Suscriptor,Nublado,16.9,0.0,No
V002399,2026-02-25 07:16:59,Parque Nacional,Santa Fe,Parque El Virrey Norte,Usaquén,10.2,2.17,Mecánica,Ocasional,Nublado,16.5,0.0,No
V001493,2026-03-10 04:59:53,Parque de los Novios,Barrios Unidos,San Felipe,Barrios Unidos,10.2,,Mecánica,Suscriptor,Nublado,15.4,0.0,No
V003073,2026-02-06 17:39:45,Parque de los Novios,Barrios Unidos,Simón Bolívar Norte,Barrios Unidos,7.5,1.3,Mecánica,Suscriptor,Despejado,12.5,0.0,No
V002360,2026-02-13 19:30:01,Centro Internacional,Santa Fe,Centro Internacional,Santa Fe,8.5,1.31,Mecánica,Suscriptor,Despejado,13.4,0.0,No
V002010,2026-02-19 09:50:07,Galerías,Chapinero ,Universidad Nacional,Teusaquillo,14.7,3.49,Mecánica,Ocasional,Nublado,16.2,0.0,No
V000206,2026-05-26 19:48:33,Corferias,Teusaquillo,Galerías,Teusaquillo,11.5,2.92,Eléctrica,Suscriptor,Nublado,18.3,0.0,No
V001028,2026-03-26 19:33:29,San Felipe,Barrios Unidos,Calle 80,Barrios Unidos,21.1,3.8,Mecánica,Ocasional,Nublado,14.2,0.0,No
V002904,2026-02-28 18:40:38,Museo Nacional,Santa Fe,Las Nieves,Santa Fe,6.9,1.03,Eléctrica,Ocasional,Despejado,13.9,0.0,Sí
V002221,2026-03-08 08:53:25,San Felipe,Barrios Unidos,Simón Bolívar Norte,Barrios Unidos,5.6,0.94,Eléctrica,Suscriptor,Nublado,16.9,0.0,Sí
V001047,2026-05-12 01:19:51,Calle 80,Barrios Unidos,Parque de los Novios,Barrios Unidos,15.5,2.33,Mecánica,Suscriptor,Despejado,13.6,0.0,No
V000694,2026-05-01 08:10:46,Centro Internacional,Santa Fe,Centro Internacional,Santa Fe,8.7,2.06,Eléctrica,Suscriptor,Despejado,19.2,0.0,No
V002528,2026-05-04 09:10:38,Hacienda Santa Bárbara,Usaquén,Unicentro,Usaquén,23.4,3.33,Mecánica,Suscriptor,Despejado,16.7,0.0,No
V002491,2026-05-18 18:41:05,Simón Bolívar Sur,Teusaquillo,Simón Bolívar Sur,Teusaquillo,6.1,1.37,Mecánica,Suscriptor,Nublado,17.0,0.0,No
V001187,2026-04-02 22:55:49,Calle 72,Chapinero,Simón Bolívar Sur,Teusaquillo,12.6,2.65,Eléctrica,Suscriptor,Lluvia,16.8,9.0,No
V001370,2026-03-20 08:55:16,Parque Nacional,Santa Fe,Parque Nacional,Santa Fe,10.6,1.99,Eléctrica,Suscriptor,Lluvia ligera,14.9,0.4,No
V001908,2026-04-07 04:27:02,Parque Nacional,Santa Fe,Museo Nacional,Santa Fe,17.1,3.39,Mecánica,Ocasional,Despejado,16.8,0.0,No
V000017,2026-04-15 07:17:29,Las Aguas,La Candelaria,Plaza de Bolívar,La Candelaria,16.3,2.71,Eléctrica,Suscriptor,Lluvia,13.8,11.0,No
V002206,2026-04-24 08:05:48,Calle 100,Usaquén,Calle 100,Usaquén,6.0,1.44,Mecánica,Suscriptor,Lluvia,18.6,11.4,No
V003180,2026-02-20 16:06:43,San Felipe,Barrios Unidos,Centro Internacional,Santa Fe,20.5,4.78,Mecánica,Suscriptor,Lluvia ligera,14.6,0.2,No
V001677,2026-03-31 09:13:33,Calle 80,Barrios Unidos,San Felipe,Barrios Unidos,9.0,1.49,Eléctrica,Suscriptor,Despejado,20.1,0.0,No
V001185,2026-02-27 19:57:55,Centro Internacional,Santa Fe,Zona G,Chapinero,15.0,2.93,Mecánica,Suscriptor,Nublado,14.1,0.0,No
V000657,2026-05-28 19:43:45,Parque de los Hippies,Chapinero,Universidad Javeriana,Chapinero,23.8,3.97,Mecánica,Suscriptor,Lluvia ligera,17.2,1.1,No
V001572,2026-05-07 17:25:47,Calle 80,Barrios Unidos,Calle 80,Barrios Unidos,13.8,1.35,Eléctrica,Ocasional,Despejado,20.5,0.0,No
V001738,2026-05-26 14:21:46,Parque Nacional,Santa Fe,Centro Internacional,Santa Fe,6.7,1.57,Mecánica,Suscriptor,Lluvia ligera,14.7,0.2,No
V001420,2026-04-02 01:46:18,Plaza de Bolívar,La Candelaria,Universidades Centro,La Candelaria,8.9,1.39,Eléctrica,Suscriptor,Nublado,17.4,0.0,No
V000400,2026-03-01 08:15:06,Hacienda Santa Bárbara,Usaquén,Hacienda Santa Bárbara,Usaquén,17.0,2.95,Mecánica,Suscriptor,Nublado,13.2,0.0,Sí
V000619,2026-03-21 03:58:59,San Felipe,Barrios Unidos,Galerías,Teusaquillo,11.0,1.71,Mecánica,Suscriptor,Despejado,18.8,0.0,Sí
V000509,2026-03-06 12:38:13,Museo Nacional,Santa Fe,Unicentro,Usaquén,25.2,3.59,Mecánica,Ocasional,Despejado,14.2,0.0,No
V002647,2026-05-07 18:00:06,Parque de los Hippies,Chapinero,Zona G,Chapinero,8.7,2.76,Eléctrica,Suscriptor,Despejado,16.1,0.0,No
V000868,2026-03-30 19:41:03,Simón Bolívar Norte,Barrios Unidos,Centro Internacional,Santa Fe,25.8,4.59,Mecánica,Suscriptor,Nublado,18.4,0.0,No
V000887,2026-03-04 18:31:22,Simón Bolívar Norte,Barrios Unidos,Parque de los Novios,Barrios Unidos,5.5,1.44,Mecánica,Suscriptor,Despejado,18.5,0.0,No
V002111,2026-05-09 09:59:07,Parque de la 93,Chapinero,Calle 63,Chapinero,10.0,1.91,Eléctrica,Ocasional,Lluvia ligera,16.4,0.6,Sí
V000600,2026-05-03 17:33:42,Corferias,Teusaquillo,Galerías,Teusaquillo,9.5,1.5,Mecánica,Ocasional,Despejado,20.6,0.0,Sí
V002272,2026-03-05 10:29:31,Parque de la 93,Chapinero,Parque de los Hippies,Chapinero,17.3,3.09,Mecánica,Ocasional,Lluvia ligera,15.8,1.5,No
V000458,2026-04-29 02:38:03,Calle 63,Chapinero,Universidad Javeriana,Chapinero,10.0,2.2,Mecánica,Ocasional,Despejado,16.7,0.0,No
V002238,2026-04-28 11:05:22,Parkway,Teusaquillo,Calle 63,Chapinero,11.2,2.81,Eléctrica,Suscriptor,Lluvia,18.4,10.1,No
V001118,2026-05-11 19:46:39,Universidades Centro,La Candelaria,Museo Nacional,Santa Fe,13.3,3.48,Eléctrica,Suscriptor,Despejado,18.9,0.0,No
V000871,2026-02-03 18:23:59,Parque de los Hippies,Chapinero,,Chapinero,7.9,1.54,Eléctrica,Suscriptor,Despejado,15.2,0.0,No
V000791,2026-02-01 18:45:13,San Felipe,Barrios Unidos,San Felipe,Barrios Unidos,6.3,1.07,Mecánica,Suscriptor,Nublado,10.6,0.0,Sí
V000955,2026-03-25 18:11:01,Calle 80,Barrios Unidos,San Felipe,Barrios Unidos,14.7,3.42,Eléctrica,Suscriptor,Despejado,15.2,0.0,No
V000651,2026-03-17 14:18:43,Centro Internacional,Santa Fe,Centro Internacional,Santa Fe,7.7,1.67,Mecánica,Suscriptor,Nublado,17.0,0.0,No
V000734,2026-04-11 21:20:13,Calle 72,Chapinero,Universidad Javeriana,Chapinero,6.8,1.6,Mecánica,Suscriptor,Despejado,14.3,0.0,Sí
V003005,2026-05-22 17:00:56,Universidades Centro,La Candelaria,Las Aguas,La Candelaria,5.8,1.17,Eléctrica,Ocasional,Lluvia ligera,18.4,1.2,No
V000380,2026-04-22 18:17:13,Simón Bolívar Sur,Teusaquillo,Unicentro,Usaquén,19.7,2.84,Mecánica,Suscriptor,Despejado,15.8,0.0,No
V002985,2026-03-04 06:32:00,Simón Bolívar Norte,Barrios Unidos,Simón Bolívar Norte,Barrios Unidos,8.2,2.43,Eléctrica,Suscriptor,Nublado,17.1,0.0,No
V000957,2026-02-12 09:03:17,Parque de los Novios,Barrios Unidos,Calle 80,Barrios Unidos,7.8,0.97,Mecánica,Ocasional,Despejado,20.9,0.0,No
V000172,2026-05-03 08:42:07,Zona G,Chapinero,Zona G,Chapinero,11.0,2.28,Eléctrica,Suscriptor,Nublado,15.6,0.0,Sí
V001945,2026-02-24 18:58:01,Parque de la 93,Chapinero,Calle 72,Chapinero,8.5,1.25,Mecánica,Suscriptor,Despejado,16.0,0.0,No
V000660,2026-05-09 17:18:14,Parque El Virrey Norte,Usaquén,Zona G,Chapinero,21.7,5.08,Mecánica,Suscriptor,Nublado,16.4,0.0,Sí
V002121,2026-02-05 07:41:57,Calle 80,Barrios Unidos,Calle 80,Barrios Unidos,4.7,0.96,Mecánica,Suscriptor,Nublado,13.5,0.0,No
V001095,2026-04-29 18:17:13,Parque de los Novios,Barrios Unidos,Parque de los Novios,Barrios Unidos,5.1,0.99,Eléctrica,Ocasional,Despejado,16.7,0.0,No
V002642,2026-04-16 07:55:27,Parque de la 93,Chapinero,Calle 63,Chapinero,13.7,2.37,Eléctrica,Suscriptor,Nublado,21.4,0.0,No
V002220,2026-02-23 02:58:40,Simón Bolívar Sur,Teusaquillo,Plaza de Bolívar,La Candelaria,37.2,5.14,Mecánica,Suscriptor,Despejado,16.0,0.0,No
V000643,2026-02-14 09:39:09,Calle 100,Usaquén,Parque de los Hippies,Chapinero,8.3,2.51,Eléctrica,Suscriptor,Despejado,19.0,0.0,Sí
V000169,2026-02-14 07:47:05,Parque Nacional,Chapinero ,Calle 63,Chapinero,14.1,3.21,Eléctrica,Suscriptor,Despejado,16.3,0.0,Sí
V001518,2026-03-31 17:00:19,Parque de los Novios,Barrios Unidos,Simón Bolívar Norte,Barrios Unidos,14.0,3.61,Eléctrica,Suscriptor,Despejado,16.0,0.0,No
V001801,2026-05-21 22:04:18,Calle 116,Usaquén,Unicentro,Usaquén,5.8,1.17,Mecánica,Suscriptor,Lluvia ligera,19.4,0.3,No
V002761,2026-04-14 09:36:42,Calle 80,Barrios Unidos,Simón Bolívar Norte,Barrios Unidos,14.3,2.36,Eléctrica,Suscriptor,Lluvia,14.4,5.9,No
V001918,2026-02-11 18:04:23,Universidad Javeriana,Chapinero,Calle 72,Chapinero,12.0,2.89,Mecánica,Suscriptor,Nublado,14.9,0.0,No
V000273,2026-02-16 07:54:21,Parque de la 93,Chapinero,Centro Internacional,Santa Fe,7.7,1.55,Eléctrica,Ocasional,Lluvia,16.5,7.3,No
V001216,2026-03-15 17:05:50,Galerías,Teusaquillo,Simón Bolívar Sur,Teusaquillo,12.5,3.25,Mecánica,Suscriptor,Nublado,15.1,0.0,Sí
V001119,2026-02-23 03:20:13,Universidad Nacional,Teusaquillo,Galerías,Teusaquillo,20.3,4.49,Eléctrica,Suscriptor,Despejado,14.9,0.0,No
V002639,2026-05-12 09:58:12,Simón Bolívar Sur,Teusaquillo,Parque de los Novios,Barrios Unidos,14.1,2.55,Mecánica,Suscriptor,Nublado,,0.0,No
V002851,2026-05-07 17:23:21,Calle 116,Usaquén,Hacienda Santa Bárbara,Usaquén,18.1,4.02,Mecánica,Suscriptor,Despejado,17.4,0.0,No
V001067,2026-05-01 08:16:13,Corferias,Teusaquillo,Chorro de Quevedo,La Candelaria,26.3,6.23,Eléctrica,Suscriptor,Despejado,20.2,0.0,No
V002105,2026-02-09 04:49:01,Zona G,Chapinero,Calle 63,Chapinero,4.6,1.1,Eléctrica,Suscriptor,Lluvia,15.3,10.9,No
V002389,2026-04-28 07:00:14,Calle 72,Chapinero,Zona G,Chapinero,13.6,1.88,Eléctrica,Suscriptor,Lluvia ligera,16.2,0.6,No
V002463,2026-03-19 18:23:51,Hacienda Santa Bárbara,Usaquén,Universidad Javeriana,Chapinero,22.3,5.64,Mecánica,Suscriptor,Despejado,16.7,0.0,No
V001913,2026-05-20 08:45:49,Calle 100,Usaquén,Parque El Virrey Norte,Usaquén,12.4,2.36,Eléctrica,Ocasional,Despejado,18.5,0.0,No
V000039,2026-05-30 19:12:09,Hacienda Santa Bárbara,Usaquén,Calle 100,Usaquén,8.8,1.58,Mecánica,Ocasional,Lluvia,15.3,9.2,Sí
V000307,2026-02-15 14:55:13,Museo Nacional,Santa Fe,Centro Internacional,Santa Fe,10.8,1.81,Eléctrica,Suscriptor,Nublado,13.9,0.0,Sí
V000007,2026-02-02 07:48:51,Unicentro,Usaquén,Las Nieves,Santa Fe,19.8,4.97,Eléctrica,Ocasional,Lluvia ligera,14.2,2.2,No
V000782,2026-02-14 01:03:18,Universidad Javeriana,Chapinero,Calle 72,Chapinero,16.7,2.37,Mecánica,Ocasional,Lluvia,11.8,8.7,Sí
V001191,2026-04-10 18:35:30,Calle 80,Barrios Unidos,Museo Nacional,Santa Fe,40.4,6.32,Mecánica,Suscriptor,Despejado,17.3,0.0,No
V000535,2026-03-13 18:49:36,Hacienda Santa Bárbara,Usaquén,Calle 63,Chapinero,17.8,2.13,Mecánica,Ocasional,Lluvia ligera,,0.2,No
V000584,2026-05-15 12:33:07,Parque Nacional,Santa Fe,Centro Internacional,Santa Fe,14.4,4.35,Eléctrica,Ocasional,Nublado,15.9,0.0,No
V002545,2026-05-09 07:49:49,Museo Nacional,Santa Fe,Universidad Nacional,Teusaquillo,12.0,1.52,Mecánica,Ocasional,Nublado,17.6,0.0,Sí
V003128,2026-05-23 22:16:59,San Felipe,Barrios Unidos,Calle 116,Usaquén,6.8,1.5,Mecánica,Suscriptor,Lluvia ligera,18.1,2.3,Sí
V002700,2026-04-03 08:19:22,Parque de la 93,Chapinero,Corferias,Teusaquillo,18.7,4.7,Eléctrica,Suscriptor,Nublado,18.0,0.0,No
V002928,2026-03-01 07:05:20,Universidades Centro,La Candelaria,Chorro de Quevedo,La Candelaria,16.3,3.95,Mecánica,Ocasional,Nublado,17.8,0.0,Sí
V002351,2026-02-12 10:33:28,Universidades Centro,La Candelaria,Las Aguas,La Candelaria,17.6,3.41,Mecánica,Ocasional,Lluvia ligera,12.8,2.1,No
V000317,2026-02-28 03:24:29,Corferias,Teusaquillo,Parque de los Hippies,Chapinero,15.2,2.51,Eléctrica,Suscriptor,Lluvia ligera,13.1,1.7,Sí
V002198,2026-04-19 11:05:21,Parque Nacional,Santa Fe,Parque Nacional,Santa Fe,10.7,2.14,Eléctrica,Suscriptor,Despejado,15.5,0.0,Sí
V001795,2026-02-21 04:14:34,Parque de los Hippies,Chapinero,Parque de la 93,Chapinero,18.5,3.88,Eléctrica,Suscriptor,Nublado,19.3,0.0,Sí
V002315,2026-05-07 09:46:26,Universidad Javeriana,Chapinero,Calle 63,Chapinero,15.5,3.56,Eléctrica,Ocasional,Lluvia ligera,15.8,1.5,No
V000272,2026-04-07 17:48:34,Universidad Javeriana,Chapinero,Las Nieves,Santa Fe,19.4,4.54,Eléctrica,Suscriptor,Nublado,20.9,0.0,No
V000549,2026-03-03 22:35:22,Galerías,Teusaquillo,Parkway,Teusaquillo,7.9,1.72,Eléctrica,Suscriptor,Despejado,17.2,0.0,No
V001693,2026-03-03 13:59:04,Galerías,Teusaquillo,Parkway,Teusaquillo,24.5,3.95,Mecánica,Suscriptor,Nublado,14.8,0.0,No
V001720,2026-04-25 19:50:27,Calle 116,Usaquén,Calle 100,Usaquén,11.2,2.22,Eléctrica,Suscriptor,Despejado,13.7,0.0,Sí
V002939,2026-03-30 05:23:20,Hacienda Santa Bárbara,Usaquén,Zona G,Chapinero,11.6,2.89,Eléctrica,Ocasional,Despejado,15.6,0.0,No
V002949,2026-02-28 04:58:15,Parkway,Teusaquillo,Unicentro,Usaquén,13.0,2.66,Mecánica,Suscriptor,Lluvia,13.7,9.9,Sí
V000599,2026-03-18 17:03:06,Parque de la 93,Chapinero,Las Aguas,La Candelaria,18.2,2.93,Mecánica,Suscriptor,Nublado,12.4,0.0,No
V001690,2026-04-04 19:12:12,Galerías,Teusaquillo,Parkway,Teusaquillo,26.6,6.1,Eléctrica,Suscriptor,Lluvia ligera,18.3,0.9,Sí
V000895,2026-02-20 23:34:17,Parque Nacional,Santa Fe,Las Nieves,Santa Fe,16.4,2.74,Mecánica,Suscriptor,Nublado,18.6,0.0,No
V002782,2026-04-30 21:26:24,Calle 100,Usaquén,Unicentro,Usaquén,8.1,1.94,Eléctrica,Ocasional,Lluvia ligera,18.8,0.4,No
V001776,2026-05-08 18:48:26,Parque de la 93,Chapinero,Simón Bolívar Norte,Barrios Unidos,24.6,4.51,Mecánica,Suscriptor,Lluvia,17.2,5.7,No
V000571,2026-05-07 02:51:03,Calle 100,Usaquén,Calle 100,Usaquén,10.8,2.6,Mecánica,Ocasional,Nublado,16.5,0.0,No
V002000,2026-04-02 12:02:15,Corferias,Teusaquillo,Galerías,Teusaquillo,7.4,1.44,Mecánica,Suscriptor,Despejado,16.5,0.0,No
V002123,2026-05-19 19:24:19,Las Aguas,La Candelaria,Chorro de Quevedo,La Candelaria,8.0,1.69,Eléctrica,Suscriptor,Lluvia ligera,17.1,1.9,No
V000062,2026-04-23 19:11:17,Universidades Centro,La Candelaria,Las Aguas,La Candelaria,8.8,1.75,Mecánica,Suscriptor,Despejado,18.1,0.0,No
V001248,2026-05-19 11:36:34,Las Nieves,Santa Fe,Museo Nacional,Santa Fe,10.5,2.38,Eléctrica,Suscriptor,Despejado,14.6,0.0,No
V003195,2026-05-01 01:56:00,Calle 80,Barrios Unidos,Calle 72,Chapinero,12.2,2.49,Mecánica,Ocasional,Despejado,17.4,0.0,No
V001260,2026-02-14 08:57:12,Hacienda Santa Bárbara,Usaquén,Calle 100,Usaquén,9.4,1.29,Mecánica,Suscriptor,Despejado,16.5,0.0,Sí
V000810,2026-02-07 08:22:12,Simón Bolívar Norte,Barrios Unidos,Calle 80,Barrios Unidos,11.9,2.35,Eléctrica,Suscriptor,Lluvia ligera,14.8,0.7,Sí
V002293,2026-04-28 15:23:30,Parkway,Teusaquillo,Corferias,Teusaquillo,18.3,3.59,Mecánica,Suscriptor,Despejado,12.8,0.0,No
V001050,2026-03-10 10:20:33,Universidad Nacional,Teusaquillo,Parkway,Teusaquillo,21.3,3.16,Mecánica,Suscriptor,Nublado,17.0,0.0,No
V002602,2026-05-30 01:46:47,Las Aguas,La Candelaria,Calle 116,Usaquén,17.0,4.3,Eléctrica,Suscriptor,Lluvia ligera,19.5,1.3,Sí
V000108,2026-03-24 19:24:17,Unicentro,Usaquén,Parkway,Teusaquillo,40.3,10.63,Eléctrica,Suscriptor,Despejado,13.7,0.0,No
V002154,2026-05-28 12:35:18,Universidad Javeriana,Chapinero,Zona G,Chapinero,12.8,2.19,Mecánica,Suscriptor,Lluvia,16.8,3.4,No
V000674,2026-05-16 00:14:33,Calle 72,Chapinero,Parque de los Hippies,Chapinero,13.6,3.11,Mecánica,Suscriptor,Lluvia ligera,20.6,0.4,Sí
V000666,2026-04-16 00:18:33,Parque El Virrey Norte,Usaquén,Hacienda Santa Bárbara,Usaquén,11.0,2.13,Eléctrica,Suscriptor,Nublado,16.8,0.0,No
V000510,2026-04-04 01:23:13,Unicentro,Usaquén,Universidad Nacional,Teusaquillo,11.2,2.65,Mecánica,Suscriptor,Despejado,20.1,0.0,Sí
V002180,2026-04-26 07:07:57,Calle 63,Chapinero,Universidad Javeriana,Chapinero,20.5,3.82,Eléctrica,Ocasional,Nublado,14.4,0.0,Sí
V001641,2026-03-28 05:18:33,Simón Bolívar Norte,Barrios Unidos,Simón Bolívar Norte,Barrios Unidos,5.9,1.14,Mecánica,Ocasional,Despejado,15.3,0.0,Sí
V002815,2026-04-27 03:53:38,Calle 72,Chapinero,Parque de los Hippies,Chapinero,8.4,,Eléctrica,Suscriptor,Lluvia,17.5,9.5,No
V001533,2026-05-28 22:55:44,Universidad Nacional,Teusaquillo,Parkway,Teusaquillo,8.2,1.91,Mecánica,Suscriptor,Despejado,17.4,0.0,No
V000867,2026-05-12 12:53:08,Galerías,Teusaquillo,Parkway,Teusaquillo,20.8,4.45,Eléctrica,Ocasional,Nublado,17.5,0.0,No
V001856,2026-05-27 19:56:18,Parque de los Hippies,Chapinero,Calle 63,Chapinero,6.6,1.41,Mecánica,Ocasional,Despejado,19.4,0.0,No
V001737,2026-02-07 01:19:53,Parque El Virrey Norte,Usaquén,Hacienda Santa Bárbara,Usaquén,8.9,2.15,Mecánica,Suscriptor,Lluvia ligera,14.0,0.4,Sí
V001776,2026-05-08 18:48:26,Parque de la 93,Chapinero,Simón Bolívar Norte,Barrios Unidos,24.6,4.51,Mecánica,Suscriptor,Lluvia,17.2,5.7,No
V001061,2026-03-15 23:34:14,Simón Bolívar Sur,Teusaquillo,Parkway,Teusaquillo,6.4,1.13,Eléctrica,Ocasional,Lluvia ligera,14.1,1.7,Sí
V003008,2026-05-15 19:57:52,Universidad Javeriana,Chapinero,Calle 63,Chapinero,19.3,3.25,Mecánica,Suscriptor,Despejado,18.3,0.0,No
V002106,2026-02-11 18:55:57,Unicentro,Usaquén,Parque de los Hippies,Chapinero,10.3,2.6,Mecánica,Suscriptor,Despejado,15.1,0.0,No
V002910,2026-05-17 13:25:11,Parque de la 93,Chapinero,Las Nieves,Santa Fe,11.1,1.84,Mecánica,Suscriptor,Lluvia ligera,19.7,0.8,Sí
V001974,2026-02-01 11:24:08,Parkway,Teusaquillo,Parque de los Hippies,Chapinero,14.9,3.25,Eléctrica,Ocasional,Despejado,17.0,0.0,Sí
V000590,2026-04-09 17:32:26,Hacienda Santa Bárbara,Usaquén,Unicentro,Usaquén,14.1,2.68,Mecánica,Suscriptor,Despejado,18.4,0.0,No
V002558,2026-02-16 01:34:25,Centro Internacional,Santa Fe,Parque Nacional,Santa Fe,18.9,2.92,Mecánica,Suscriptor,Despejado,18.2,0.0,No
V002783,2026-04-10 17:45:58,Parkway,Teusaquillo,Corferias,Teusaquillo,17.2,3.84,Mecánica,Suscriptor,Lluvia,15.9,11.2,No
V000087,2026-04-09 19:56:04,Calle 72,Chapinero,Zona G,Chapinero,12.6,3.22,Eléctrica,Suscriptor,Nublado,13.2,0.0,No
V003078,2026-03-23 13:55:24,Zona G,Chapinero,Corferias,Teusaquillo,18.4,4.7,Eléctrica,Suscriptor,Nublado,19.9,0.0,No
V000772,2026-02-21 18:00:06,Calle 80,Barrios Unidos,San Felipe,Barrios Unidos,11.1,1.84,Eléctrica,Suscriptor,Despejado,14.9,0.0,Sí
V002526,2026-04-17 08:57:55,Unicentro,Usaquén,Parque El Virrey Norte,Usaquén,9.1,1.77,Mecánica,Suscriptor,Nublado,18.9,0.0,No
V001250,2026-05-16 07:35:05,Universidad Nacional,Teusaquillo,San Felipe,Barrios Unidos,10.9,1.67,Eléctrica,Ocasional,Nublado,18.2,0.0,Sí
V000709,2026-04-19 18:05:23,Hacienda Santa Bárbara,Usaquén,Hacienda Santa Bárbara,Usaquén,9.4,1.9,Eléctrica,Suscriptor,Nublado,15.8,0.0,Sí
V002549,2026-04-08 17:33:39,Universidades Centro,La Candelaria,,Chapinero,25.4,5.91,Eléctrica,Suscriptor,Lluvia ligera,19.9,0.7,No
V001861,2026-05-09 01:38:42,Zona G,Chapinero,Calle 63,Chapinero,13.4,2.6,Eléctrica,Suscriptor,Despejado,17.0,0.0,Sí
V002129,2026-03-26 18:55:05,Corferias,Teusaquillo,Universidad Nacional,Teusaquillo,6.9,1.42,Eléctrica,Suscriptor,Despejado,18.0,0.0,No
V002817,2026-02-02 03:04:39,Chorro de Quevedo,La Candelaria,Universidades Centro,La Candelaria,22.6,5.56,Eléctrica,Suscriptor,Despejado,15.7,0.0,No
V000419,2026-05-13 12:10:56,San Felipe,Barrios Unidos,Parque de la 93,Chapinero,12.2,2.77,Mecánica,Suscriptor,Despejado,17.5,0.0,No
V001462,2026-03-03 19:10:58,Las Nieves,Santa Fe,Las Nieves,Santa Fe,7.0,1.27,Eléctrica,Suscriptor,Lluvia ligera,17.9,2.2,No
V001485,2026-02-04 17:39:54,Centro Internacional,Santa Fe,Parque Nacional,Santa Fe,15.7,2.39,Mecánica,Ocasional,Lluvia ligera,14.4,1.7,No
V002950,2026-05-03 07:13:06,Calle 100,Usaquén,Hacienda Santa Bárbara,Usaquén,12.7,3.08,Mecánica,Suscriptor,Despejado,21.0,0.0,Sí
V003065,2026-02-26 00:34:47,Calle 100,Usaquén,Unicentro,Usaquén,12.9,2.34,Eléctrica,Suscriptor,Despejado,16.5,0.0,No
V000852,2026-04-24 00:07:32,Calle 80,Barrios Unidos,Parque de los Novios,Barrios Unidos,6.4,1.16,Mecánica,Ocasional,Nublado,16.5,0.0,No
V001005,2026-05-23 19:35:53,Parque de los Hippies,Chapinero,Universidad Javeriana,Chapinero,18.9,5.03,Eléctrica,Ocasional,Nublado,19.7,0.0,Sí
V001997,2026-05-20 11:31:19,Calle 116,Usaquén,Parque Nacional,Santa Fe,16.0,2.7,Eléctrica,Ocasional,Nublado,15.1,0.0,No
V001835,2026-02-23 22:47:30,Museo Nacional,Santa Fe,Centro Internacional,Santa Fe,5.4,1.18,Eléctrica,Suscriptor,Lluvia,12.5,7.3,No
V002519,2026-05-29 03:52:46,Simón Bolívar Norte,Barrios Unidos,Parque de los Hippies,Chapinero,20.3,2.45,Mecánica,Ocasional,Despejado,15.8,0.0,No
V000437,2026-03-02 22:52:11,Parque de la 93,Chapinero,Universidad Javeriana,Chapinero,8.3,1.95,Mecánica,Suscriptor,Nublado,17.5,0.0,No
V001317,2026-05-05 15:24:20,Plaza de Bolívar,La Candelaria,Plaza de Bolívar,La Candelaria,20.2,3.32,Mecánica,Suscriptor,Despejado,15.1,0.0,No
V001624,2026-03-01 01:55:09,Simón Bolívar Norte,Barrios Unidos,Parkway,Teusaquillo,10.1,1.83,Eléctrica,Suscriptor,Despejado,14.7,0.0,Sí
V001481,2026-05-28 06:03:02,Unicentro,Usaquén,Hacienda Santa Bárbara,Usaquén,7.3,,Eléctrica,Suscriptor,Nublado,20.9,0.0,No
V001649,2026-05-30 18:03:06,Simón Bolívar Norte,Barrios Unidos,Parkway,Teusaquillo,14.9,3.59,Eléctrica,Suscriptor,Despejado,18.4,0.0,Sí
V001004,2026-03-30 18:15:06,Calle 80,Barrios Unidos,Las Nieves,Santa Fe,9.0,2.22,Eléctrica,Suscriptor,Nublado,20.7,0.0,No
V001279,2026-03-05 08:48:32,Calle 116,Usaquén,Parque de la 93,Chapinero,6.8,1.74,Eléctrica,Suscriptor,Despejado,19.0,0.0,No
V001824,2026-02-18 18:23:34,San Felipe,Barrios Unidos,Parque de los Novios,Barrios Unidos,14.7,2.91,Mecánica,Suscriptor,Despejado,14.6,0.0,No
V002585,2026-04-06 17:11:40,San Felipe,Barrios Unidos,Simón Bolívar Norte,Barrios Unidos,8.2,1.86,Eléctrica,Suscriptor,Despejado,13.8,0.0,No
V003067,2026-03-03 18:24:03,Galerías,Teusaquillo,Parque de la 93,Chapinero,10.5,1.86,Eléctrica,Suscriptor,Nublado,15.9,0.0,No
V001837,2026-02-14 23:42:01,Las Aguas,La Candelaria,Las Aguas,La Candelaria,7.8,1.4,Mecánica,Suscriptor,Nublado,16.3,0.0,Sí
V003023,2026-02-11 10:27:25,Las Nieves,Santa Fe,Parkway,Teusaquillo,27.9,4.46,Mecánica,Ocasional,Nublado,14.0,0.0,No
V002353,2026-04-17 17:15:02,Parque de los Hippies,Chapinero,Calle 72,Chapinero,9.7,2.57,Eléctrica,Suscriptor,Lluvia,15.1,11.5,No
V002283,2026-04-21 11:31:10,Universidad Javeriana,Chapinero,Universidades Centro,La Candelaria,16.3,3.11,Eléctrica,Suscriptor,Lluvia,15.8,11.1,No
V001547,2026-02-22 20:25:37,Parque de la 93,Chapinero,Parque de los Hippies,Chapinero,28.3,5.49,Mecánica,Suscriptor,Lluvia ligera,12.7,2.2,Sí
V000336,2026-02-26 14:14:51,Parque El Virrey Norte,Usaquén,Parque El Virrey Norte,Usaquén,12.4,2.88,Mecánica,Suscriptor,Nublado,15.4,0.0,No
V000089,2026-05-17 11:34:45,Zona G,Chapinero,Universidad Javeriana,Chapinero,28.8,5.86,Eléctrica,Suscriptor,Lluvia,18.7,7.2,Sí
V000875,2026-03-23 21:52:19,Parque de los Novios,Barrios Unidos,Parque El Virrey Norte,Usaquén,21.8,5.87,Eléctrica,Ocasional,Despejado,16.9,0.0,No
V002832,2026-03-27 14:12:06,Simón Bolívar Norte,Barrios Unidos,Simón Bolívar Norte,Barrios Unidos,5.4,1.0,Eléctrica,Suscriptor,Despejado,19.9,0.0,No
V000544,2026-04-03 08:15:29,Calle 100,Usaquén,Museo Nacional,Santa Fe,19.3,4.01,Mecánica,Suscriptor,Nublado,20.0,0.0,No
V001242,2026-05-09 08:06:18,Parque El Virrey Norte,Usaquén,Hacienda Santa Bárbara,Usaquén,14.7,2.95,Mecánica,Suscriptor,Nublado,19.9,0.0,Sí
V001881,2026-02-27 08:29:46,Corferias,Teusaquillo,Calle 72,Chapinero,27.1,5.03,Mecánica,Suscriptor,Nublado,16.0,0.0,No
V003075,2026-02-26 08:23:52,Calle 63,Chapinero,Calle 63,Chapinero,3.7,0.7,Mecánica,,Lluvia ligera,21.4,1.4,No
V002651,2026-05-06 11:07:13,Calle 116,Usaquén,Parque Nacional,Santa Fe,15.1,2.84,Mecánica,Suscriptor,Despejado,18.3,0.0,No
V002270,2026-05-30 09:12:07,Parque El Virrey Norte,Usaquén,Calle 100,Usaquén,9.5,2.23,Eléctrica,Suscriptor,Nublado,16.6,0.0,Sí
V000320,2026-04-17 11:13:15,Las Aguas,La Candelaria,Las Aguas,La Candelaria,5.0,0.86,Mecánica,Suscriptor,Lluvia,17.1,8.3,No
V000520,2026-04-29 19:29:43,Calle 63,Chapinero,Parque de los Hippies,Chapinero,12.8,2.53,Eléctrica,Suscriptor,Despejado,16.7,0.0,No
V002553,2026-05-06 17:29:04,Calle 80,Barrios Unidos,San Felipe,Barrios Unidos,5.8,1.28,Eléctrica,Suscriptor,Nublado,14.0,0.0,No
V000879,2026-02-17 05:35:26,Simón Bolívar Norte,Barrios Unidos,Calle 80,Barrios Unidos,6.6,1.1,Mecánica,Suscriptor,Nublado,12.7,0.0,No
V000826,2026-05-23 05:08:28,Hacienda Santa Bárbara,Usaquén,Calle 72,Chapinero,16.3,2.0,electrica,Suscriptor,Nublado,17.0,0.0,Sí
V001291,2026-04-15 18:58:14,Museo Nacional,Santa Fe,Las Nieves,Santa Fe,20.3,4.07,Mecánica,Suscriptor,Lluvia,18.0,7.2,No
V002736,2026-03-30 22:28:26,Corferias,Teusaquillo,Corferias,Teusaquillo,10.4,1.94,Eléctrica,Suscriptor,Lluvia ligera,18.9,1.0,No
V002713,2026-04-17 23:52:56,Universidades Centro,La Candelaria,Chorro de Quevedo,La Candelaria,9.9,1.84,Mecánica,Suscriptor,Nublado,18.1,0.0,No
V000139,2026-03-15 19:11:51,Parque El Virrey Norte,Usaquén,Centro Internacional,Santa Fe,12.3,2.22,Mecánica,Suscriptor,Despejado,14.4,0.0,Sí
V000164,2026-03-08 18:03:16,Parkway,Teusaquillo,Corferias,Teusaquillo,9.4,1.53,Mecánica,Suscriptor,Despejado,19.1,0.0,Sí
V001619,2026-04-29 08:40:23,Parque de los Hippies,Chapinero,Parque de los Hippies,Chapinero,12.1,2.4,Mecánica,Suscriptor,Despejado,18.6,0.0,No
V003011,2026-04-05 19:56:57,Zona G,Chapinero,Universidad Javeriana,Chapinero,10.2,2.63,Mecánica,Suscriptor,Lluvia ligera,19.4,1.5,Sí
V001792,2026-04-07 18:43:44,Zona G,Chapinero,Parque de la 93,Chapinero,14.1,3.21,Mecánica,Suscriptor,Despejado,20.2,0.0,No
V001046,2026-05-12 07:04:15,Centro Internacional,Santa Fe,Centro Internacional,Santa Fe,8.3,1.49,Mecánica,Ocasional,Despejado,14.2,0.0,No
V000961,2026-05-23 17:54:51,Universidad Nacional,Teusaquillo,Parkway,Teusaquillo,8.5,1.19,Eléctrica,Suscriptor,Despejado,19.1,0.0,Sí
V001751,2026-05-24 05:23:19,Unicentro,Usaquén,Museo Nacional,Santa Fe,15.4,2.08,Mecánica,Suscriptor,Despejado,15.8,0.0,Sí
V002738,2026-03-08 18:25:52,Calle 63,Chapinero,Parque de la 93,Chapinero,15.0,3.0,Mecánica,Suscriptor,Despejado,17.4,0.0,Sí
V002423,2026-02-11 03:17:03,Parque de los Hippies,Chapinero,Parque de la 93,Chapinero,13.2,2.34,Mecánica,Suscriptor,Despejado,16.1,0.0,No
V001505,2026-03-21 19:36:40,Zona G,Chapinero,Parque de la 93,Chapinero,18.3,3.23,Eléctrica,Suscriptor,Despejado,15.3,0.0,Sí
V003059,2026-04-22 18:43:15,Calle 80,Barrios Unidos,Calle 80,Barrios Unidos,15.5,3.11,Mecánica,Suscriptor,Lluvia ligera,18.9,0.7,No
V003146,2026-05-25 10:14:40,Hacienda Santa Bárbara,Usaquén,Calle 116,Usaquén,7.4,1.6,Mecánica,Suscriptor,Lluvia ligera,18.1,1.9,No
V001060,2026-03-04 15:12:12,Unicentro,Usaquén,Parque El Virrey Norte,Usaquén,14.5,3.66,Eléctrica,Suscriptor,lluvia ligera,19.1,10.0,No
V002901,2026-04-16 13:31:32,Parque de los Hippies,Chapinero,Unicentro,Usaquén,23.0,4.1,Mecánica,Suscriptor,Nublado,21.4,0.0,No
V000656,2026-05-27 07:58:49,Universidad Nacional,Teusaquillo,Universidad Nacional,Teusaquillo,7.0,1.58,Mecánica,Ocasional,Nublado,19.4,0.0,No
V002065,2026-02-11 19:42:15,Unicentro,Usaquén,Calle 72,Chapinero,14.9,2.72,Mecánica,Suscriptor,Despejado,12.1,0.0,No
V002994,2026-02-18 08:04:11,Calle 72,Chapinero,Calle 72,Chapinero,10.2,1.87,Mecánica,Suscriptor,Nublado,17.2,0.0,No
V000138,2026-02-02 01:50:26,Parkway,Teusaquillo,Parkway,Teusaquillo,3.7,0.89,Eléctrica,Ocasional,Lluvia,15.9,4.4,No
V002518,2026-02-21 06:08:04,Parque de los Hippies,Chapinero,Zona G,Chapinero,6.2,1.04,Eléctrica,Suscriptor,Lluvia,19.7,4.6,Sí
V001977,2026-05-07 19:58:44,Unicentro,Usaquén,Calle 116,Usaquén,9.5,1.97,Mecánica,Suscriptor,Nublado,15.1,0.0,No
V001582,2026-04-02 18:58:38,Parque Nacional,Santa Fe,Centro Internacional,Santa Fe,4.2,1.2,Eléctrica,Suscriptor,Nublado,20.5,0.0,No
V000698,2026-04-22 01:53:13,Plaza de Bolívar,La Candelaria,Parque de los Novios,Barrios Unidos,19.8,3.55,Mecánica,Suscriptor,Lluvia,17.7,2.7,No
V001098,2026-04-20 07:27:30,Corferias,Teusaquillo,Universidades Centro,La Candelaria,20.4,4.17,Mecánica,Suscriptor,Nublado,20.9,0.0,No
V002942,2026-02-27 18:12:02,Calle 116,Usaquén,Parque El Virrey Norte,Usaquén,10.1,2.25,Mecánica,Suscriptor,Despejado,15.2,0.0,No
V002788,2026-03-05 01:28:58,Simón Bolívar Norte,Barrios Unidos,Parque de los Novios,Barrios Unidos,10.6,2.27,Eléctrica,Ocasional,Nublado,16.2,0.0,No
V001393,2026-02-02 21:24:08,Zona G,Chapinero,Corferias,Teusaquillo,11.6,2.76,Eléctrica,Suscriptor,Nublado,16.8,0.0,No
V003112,2026-04-11 18:15:04,Universidad Javeriana,Chapinero,Zona G,Chapinero,13.9,2.81,Eléctrica,Suscriptor,Despejado,16.5,0.0,Sí
V001267,2026-04-28 19:22:49,Corferias,Teusaquillo,Corferias,Teusaquillo,9.7,1.71,Eléctrica,Ocasional,Nublado,18.3,0.0,No
V002376,2026-05-20 01:22:49,Parque El Virrey Norte,Usaquén,Calle 116,Usaquén,8.4,1.83,Eléctrica,Suscriptor,Lluvia ligera,13.9,1.6,No
V002366,2026-04-14 11:43:42,Simón Bolívar Norte,Barrios Unidos,Simón Bolívar Norte,Barrios Unidos,6.7,1.34,Eléctrica,Ocasional,Despejado,16.5,0.0,No
V000136,2026-04-22 11:26:06,Parque de los Hippies,Chapinero,Universidad Javeriana,Chapinero,12.9,2.0,Mecánica,Suscriptor,Lluvia ligera,12.7,0.4,No
V001170,2026-02-28 09:52:45,Calle 116,Usaquén,Centro Internacional,Santa Fe,18.0,5.0,Mecánica,Suscriptor,Nublado,14.9,0.0,Sí
V002136,2026-04-28 17:50:41,Museo Nacional,Santa Fe,Parque Nacional,Santa Fe,8.4,1.22,Mecánica,Suscriptor,Nublado,17.4,0.0,No
V001504,2026-03-09 18:56:58,Parkway,Teusaquillo,San Felipe,Barrios Unidos,13.6,2.42,Mecánica,Suscriptor,Nublado,13.8,0.0,No
V001363,2026-02-14 17:24:40,Parque El Virrey Norte,Usaquén,Hacienda Santa Bárbara,Usaquén,5.4,1.16,Mecánica,Ocasional,Nublado,16.5,0.0,Sí
V002560,2026-03-15 01:46:00,Calle 72,Chapinero,Zona G,Chapinero,9.9,2.01,Eléctrica,Ocasional,Nublado,11.7,0.0,Sí
V000149,2026-04-16 09:04:25,Las Aguas,La Candelaria,Las Aguas,La Candelaria,9.0,1.26,Mecánica,Suscriptor,Despejado,,0.0,No
V000304,2026-05-09 10:31:59,Hacienda Santa Bárbara,Usaquén,Calle 100,Usaquén,20.0,4.16,Eléctrica,Ocasional,Nublado,17.5,0.0,Sí
V001018,2026-03-17 09:35:03,Corferias,Teusaquillo,Simón Bolívar Sur,Teusaquillo,17.3,3.95,Eléctrica,Ocasional,Despejado,18.0,0.0,No
V001925,2026-03-01 17:30:56,Calle 72,Chapinero,Parque de los Hippies,Chapinero,10.7,1.82,Mecánica,Suscriptor,Lluvia,17.6,6.6,Sí
V001053,2026-03-11 07:17:23,Calle 72,Chapinero,,Chapinero,20.7,4.15,Mecánica,Ocasional,Lluvia ligera,13.3,1.8,No
V003019,2026-04-24 19:17:16,Parque de los Hippies,Chapinero,Calle 63,Chapinero,20.9,2.97,Mecánica,Suscriptor,Nublado,19.0,0.0,No
V002414,2026-05-03 23:01:35,Parkway,Teusaquillo,Universidad Nacional,Teusaquillo,25.8,4.82,Mecánica,Suscriptor,Despejado,16.6,0.0,Sí
V002512,2026-05-22 19:50:02,Calle 100,Usaquén,Parque de los Novios,Barrios Unidos,21.2,4.18,Mecánica,Suscriptor,Despejado,11.9,0.0,No
V001905,2026-04-06 15:27:18,Universidad Nacional,Teusaquillo,Corferias,Teusaquillo,11.7,2.51,Mecánica,Suscriptor,Nublado,18.0,0.0,No
V003028,2026-04-17 09:52:00,Calle 63,Chapinero,Parque de la 93,Chapinero,13.6,3.11,Eléctrica,Suscriptor,Lluvia,17.6,10.5,No
V000199,2026-04-13 15:45:35,Hacienda Santa Bárbara,Usaquén,Calle 100,Usaquén,16.7,2.89,Mecánica,Suscriptor,Nublado,17.6,0.0,No
V001769,2026-03-26 22:52:09,Simón Bolívar Sur,Teusaquillo,Universidad Nacional,Teusaquillo,5.3,1.29,Eléctrica,Suscriptor,Despejado,19.3,0.0,No
V002241,2026-04-06 19:51:14,San Felipe,Barrios Unidos,Parque de los Novios,Barrios Unidos,31.5,4.91,Mecánica,Ocasional,Lluvia,19.7,9.0,No
V000405,2026-04-04 18:15:34,Parque de la 93,Chapinero,Calle 63,Chapinero,25.5,5.44,Mecánica,Suscriptor,Lluvia ligera,16.5,2.0,Sí
V002835,2026-03-09 15:15:40,Plaza de Bolívar,La Candelaria,Las Aguas,La Candelaria,8.1,1.38,Eléctrica,Suscriptor,Despejado,13.3,0.0,No
V003191,2026-03-17 07:33:32,Museo Nacional,Santa Fe,Las Nieves,Santa Fe,7.5,1.41,Eléctrica,Ocasional,Despejado,17.9,0.0,No
V000484,2026-04-19 16:14:11,Calle 80,Barrios Unidos,San Felipe,Barrios Unidos,14.1,4.05,Eléctrica,,Lluvia,16.7,9.3,Sí
V001183,2026-03-26 03:02:57,Calle 63,Chapinero,Calle 116,Usaquén,10.2,1.75,Eléctrica,Suscriptor,Despejado,19.5,0.0,No
V001340,2026-04-17 13:21:16,Museo Nacional,Santa Fe,Parque Nacional,Santa Fe,14.0,2.78,Eléctrica,Suscriptor,Despejado,17.5,0.0,No
V001281,2026-05-21 09:42:55,Parkway,Teusaquillo,Simón Bolívar Sur,Teusaquillo,6.6,1.85,Eléctrica,,Nublado,18.5,0.0,No
V001032,2026-03-28 19:55:34,Museo Nacional,Santa Fe,Museo Nacional,Santa Fe,3.7,0.7,Eléctrica,Suscriptor,Nublado,12.7,0.0,Sí
V000792,2026-02-13 19:36:06,Simón Bolívar Norte,Barrios Unidos,Calle 80,Barrios Unidos,21.9,2.65,Mecánica,Suscriptor,Nublado,12.0,0.0,No
V000800,2026-02-28 17:32:24,Parkway,Teusaquillo,Galerías,Teusaquillo,14.1,2.69,Mecánica,Suscriptor,Lluvia ligera,14.5,0.5,Sí
V002433,2026-04-28 08:05:58,Corferias,Teusaquillo,Corferias,Teusaquillo,6.8,1.48,Eléctrica,Suscriptor,Despejado,16.4,0.0,No
V001202,2026-04-22 09:50:43,Corferias,Teusaquillo,Corferias,Teusaquillo,6.1,1.21,Eléctrica,Ocasional,Nublado,18.7,0.0,No
V000423,2026-02-13 19:21:06,Calle 63,Chapinero,Las Nieves,Santa Fe,20.8,4.35,Mecánica,Suscriptor,Nublado,15.5,0.0,No
V002363,2026-02-20 17:04:05,Parque de la 93,Chapinero,Calle 63,Chapinero,22.5,6.22,Eléctrica,Suscriptor,Despejado,15.4,0.0,No
V003169,2026-05-09 12:22:36,Calle 116,Usaquén,Universidades Centro,La Candelaria,29.4,6.55,Eléctrica,Suscriptor,Despejado,16.0,0.0,Sí
V001884,2026-03-27 11:42:36,Calle 100,Usaquén,Parque El Virrey Norte,Usaquén,18.0,2.7,Mecánica,Ocasional,Despejado,11.3,0.0,No
V003140,2026-03-06 09:05:12,San Felipe,Barrios Unidos,Simón Bolívar Norte,Barrios Unidos,11.3,3.01,Mecánica,Suscriptor,Despejado,15.0,0.0,No
V001480,2026-04-04 20:27:43,Parque de la 93,Chapinero,Hacienda Santa Bárbara,Usaquén,11.3,1.99,Mecánica,Suscriptor,Lluvia,19.3,11.5,Sí
V001929,2026-03-29 14:34:00,Centro Internacional,Santa Fe,Museo Nacional,Santa Fe,6.7,1.16,Mecánica,Ocasional,Nublado,17.7,0.0,Sí
V002685,2026-02-21 08:27:45,Calle 63,Chapinero,Parque El Virrey Norte,Usaquén,24.3,6.86,Eléctrica,Suscriptor,Despejado,14.0,0.0,Sí
V001530,2026-05-23 21:40:36,Parque de los Hippies,Chapinero,Calle 63,Chapinero,12.9,2.51,Mecánica,Ocasional,Nublado,14.0,0.0,Sí
V000903,2026-05-09 18:43:57,Las Nieves,Santa Fe,Museo Nacional,Santa Fe,7.4,1.47,Eléctrica,Suscriptor,Despejado,14.5,0.0,Sí
V000686,2026-04-04 04:23:42,Parque El Virrey Norte,Usaquén,Unicentro,Usaquén,4.9,1.17,Eléctrica,Ocasional,Lluvia ligera,14.8,0.5,Sí
V001552,2026-02-09 17:59:52,Las Aguas,La Candelaria,Universidades Centro,La Candelaria,8.2,1.5,Mecánica,Suscriptor,Despejado,13.3,0.0,No
V000160,2026-05-02 18:11:45,Centro Internacional,Santa Fe,Parque Nacional,Santa Fe,11.2,1.97,Eléctrica,Suscriptor,Despejado,17.4,0.0,Sí
V001000,2026-02-07 08:27:41,Simón Bolívar Sur,Teusaquillo,Centro Internacional,Santa Fe,14.0,2.49,Mecánica,Ocasional,Lluvia ligera,18.1,0.3,Sí
V002607,2026-03-12 16:26:55,Parque de la 93,Chapinero,Parque de la 93,Chapinero,11.5,2.58,Mecánica,Suscriptor,Lluvia,13.4,7.5,No
V003007,2026-02-19 08:22:29,Unicentro,Usaquén,Unicentro,Usaquén,9.6,1.59,Mecánica,Suscriptor,Lluvia ligera,16.4,1.5,No
V002251,2026-03-18 08:32:14,Las Nieves,Santa Fe,Unicentro,Usaquén,7.0,1.84,Eléctrica,Suscriptor,Lluvia ligera,17.2,0.8,No
V000113,2026-04-05 07:17:55,Simón Bolívar Norte,Barrios Unidos,Universidad Javeriana,Chapinero,8.7,2.37,Eléctrica,Suscriptor,Despejado,18.0,0.0,Sí
V003034,2026-04-29 11:45:25,Calle 63,Chapinero,Parque de los Hippies,Chapinero,13.9,2.8,Mecánica,Suscriptor,Despejado,20.2,0.0,No
V001447,2026-02-04 19:09:03,Calle 116,Usaquén,Calle 72,Chapinero,14.3,2.7,Mecánica,Suscriptor,Nublado,14.8,0.0,No
V001953,2026-04-05 08:58:40,Calle 72,Chapinero,Parque El Virrey Norte,Usaquén,5.8,1.48,Eléctrica,Suscriptor,Despejado,13.9,0.0,Sí
V000923,2026-04-03 18:15:23,Unicentro,Usaquén,Hacienda Santa Bárbara,Usaquén,25.1,4.34,Mecánica,Suscriptor,Despejado,16.3,0.0,No
V001625,2026-04-23 11:23:32,Calle 116,Usaquén,Parque El Virrey Norte,Usaquén,13.5,2.2,Mecánica,Suscriptor,Lluvia ligera,15.7,1.7,No
V002752,2026-02-20 17:42:52,Zona G,Chapinero,Calle 63,Chapinero,9.4,2.41,Eléctrica,Ocasional,Nublado,14.3,0.0,No
V001320,2026-05-14 21:07:26,Parque de los Hippies,Chapinero,Calle 63,Chapinero,16.0,2.58,electrica,Ocasional,Lluvia,,10.7,No
V001664,2026-04-06 04:18:38,Parkway,Teusaquillo,Parkway,Teusaquillo,5.0,1.09,Mecánica,Ocasional,Despejado,19.8,0.0,No
V000816,2026-02-20 21:17:42,Simón Bolívar Norte,Barrios Unidos,San Felipe,Barrios Unidos,13.0,3.88,Eléctrica,Suscriptor,Despejado,12.0,0.0,No
V002636,2026-05-28 22:13:09,Galerías,Teusaquillo,Parkway,Teusaquillo,5.8,1.21,Eléctrica,Suscriptor,Lluvia ligera,16.6,1.4,No
V002267,2026-05-12 01:52:46,Calle 72,Chapinero,Zona G,Chapinero,14.6,3.33,Mecánica,Suscriptor,Lluvia ligera,13.6,1.4,No
V001474,2026-03-18 09:20:35,Zona G,Chapinero,Universidad Javeriana,Chapinero,15.4,2.89,Mecánica,Suscriptor,Despejado,16.5,0.0,No
V001774,2026-05-14 09:55:02,Universidad Javeriana,Chapinero,Las Aguas,La Candelaria,12.4,1.82,Eléctrica,Suscriptor,Lluvia,12.6,9.2,No
V000680,2026-02-23 19:47:48,Zona G,Chapinero,Calle 63,Chapinero,19.7,3.3,Mecánica,Suscriptor,Despejado,14.2,0.0,No
V002727,2026-03-20 13:47:14,Parque Nacional,Santa Fe,Centro Internacional,Santa Fe,13.1,2.5,Mecánica,Suscriptor,Nublado,18.7,0.0,No
V001094,2026-04-02 20:36:55,Calle 72,Chapinero,Calle 116,Usaquén,11.9,2.61,Mecánica,Suscriptor,Lluvia ligera,16.9,0.2,No
V000081,2026-04-03 18:59:16,Calle 100,Usaquén,Calle 100,Usaquén,5.8,1.36,Eléctrica,Suscriptor,Despejado,16.6,0.0,No
V001951,2026-04-01 17:01:25,Parque de la 93,Chapinero,Parque de los Hippies,Chapinero,14.7,2.0,Eléctrica,Suscriptor,Despejado,17.7,0.0,No
V002620,2026-03-22 23:03:58,Parkway,Teusaquillo,Las Aguas,La Candelaria,12.3,2.59,Mecánica,Suscriptor,Despejado,15.7,0.0,Sí
V001240,2026-02-23 17:34:00,Plaza de Bolívar,La Candelaria,San Felipe,Barrios Unidos,12.3,2.28,Mecánica,Suscriptor,Lluvia ligera,12.6,1.1,No
V000330,2026-02-10 08:50:21,Calle 100,Usaquén,Parque El Virrey Norte,Usaquén,16.6,3.19,Eléctrica,Suscriptor,Despejado,13.9,0.0,No
V000243,2026-05-18 08:02:29,Calle 80,Barrios Unidos,San Felipe,Barrios Unidos,6.8,0.96,Mecánica,Ocasional,Despejado,20.1,0.0,No
V000642,2026-02-13 09:08:33,Centro Internacional,Santa Fe,Las Nieves,Santa Fe,16.3,3.01,Mecánica,,Nublado,20.7,0.0,No
V000697,2026-02-15 10:24:17,Plaza de Bolívar,La Candelaria,Plaza de Bolívar,La Candelaria,4.3,0.97,Eléctrica,Suscriptor,Nublado,17.1,0.0,Sí
V002258,2026-04-22 18:31:19,Universidad Javeriana,Chapinero,Parque de los Hippies,Chapinero,8.1,1.47,Mecánica,Suscriptor,Nublado,17.5,0.0,No
V000754,2026-03-31 09:20:38,Simón Bolívar Sur,Teusaquillo,Parkway,Teusaquillo,19.5,3.36,Eléctrica,Ocasional,Despejado,18.5,0.0,No
V000436,2026-02-26 10:43:58,Museo Nacional,Santa Fe,Las Nieves,Santa Fe,32.1,6.41,Mecánica,Ocasional,Despejado,15.8,0.0,No
V001564,2026-05-02 08:41:00,Chorro de Quevedo,La Candelaria,Parque de los Hippies,Chapinero,31.8,4.1,Mecánica,Suscriptor,Lluvia ligera,18.2,2.0,Sí
V001935,2026-03-23 08:14:30,Hacienda Santa Bárbara,Usaquén,Calle 116,Usaquén,11.2,2.12,Mecánica,Ocasional,Nublado,14.6,0.0,No
V002944,2026-02-11 19:44:06,Corferias,Teusaquillo,Galerías,Teusaquillo,22.9,5.1,Mecánica,Suscriptor,Despejado,14.7,0.0,No
V001713,2026-03-27 18:49:22,Universidad Javeriana,Chapinero,Zona G,Chapinero,7.0,1.38,Eléctrica,Suscriptor,Lluvia ligera,13.0,2.0,No
V000552,2026-03-19 19:13:37,Parque de la 93,Chapinero,Centro Internacional,Santa Fe,23.9,3.71,Mecánica,Suscriptor,Despejado,17.3,0.0,No
V002777,2026-05-04 14:20:14,Simón Bolívar Sur,Teusaquillo,Corferias,Teusaquillo,7.5,,Eléctrica,Suscriptor,Lluvia,15.6,4.0,No
V000602,2026-05-04 08:55:15,Calle 116,Usaquén,Unicentro,Usaquén,4.9,1.1,Eléctrica,Suscriptor,Nublado,16.5,0.0,No
V001965,2026-04-22 18:08:53,Unicentro,Usaquén,Calle 63,Chapinero,9.1,1.71,Mecánica,Suscriptor,Lluvia,17.9,8.2,No
V001014,2026-04-28 18:02:16,Calle 72,Chapinero,Parkway,Teusaquillo,8.9,1.66,Mecánica,Suscriptor,Despejado,16.9,0.0,No
V002623,2026-05-05 18:04:21,Simón Bolívar Sur,Teusaquillo,Simón Bolívar Sur,Teusaquillo,4.8,0.87,Mecánica,Suscriptor,Nublado,16.8,0.0,No
V001428,2026-05-16 19:14:51,Calle 80,Barrios Unidos,Universidad Javeriana,Chapinero,23.4,4.84,Mecánica,Suscriptor,Lluvia,18.4,4.8,Sí
V002013,2026-04-09 13:02:08,Galerías,Teusaquillo,Simón Bolívar Sur,Teusaquillo,11.8,2.15,Mecánica,Ocasional,Despejado,16.9,0.0,No
V001387,2026-03-08 18:31:27,Calle 72,Chapinero,Calle 80,Barrios Unidos,20.6,1.96,Mecánica,Suscriptor,Nublado,14.2,0.0,Sí
V001296,2026-03-09 07:02:36,Parque Nacional,Santa Fe,Simón Bolívar Norte,Barrios Unidos,20.7,4.4,Mecánica,Suscriptor,Lluvia,15.5,4.0,No
V000467,2026-05-31 19:22:15,Unicentro,Usaquén,Parque El Virrey Norte,Usaquén,10.1,1.36,Mecánica,Suscriptor,Nublado,20.8,0.0,Sí
V001500,2026-04-22 08:52:23,Calle 72,Chapinero,Parque de la 93,Chapinero,18.0,3.47,Eléctrica,Ocasional,Despejado,18.1,0.0,No
V002743,2026-04-03 08:07:02,Plaza de Bolívar,La Candelaria,Universidades Centro,La Candelaria,6.8,1.68,Eléctrica,Suscriptor,Despejado,19.4,0.0,No
V003127,2026-05-26 19:03:25,Parque de la 93,Chapinero,Calle 72,Chapinero,8.4,1.85,Eléctrica,Ocasional,Despejado,16.9,0.0,No
V000278,2026-04-26 06:27:13,Calle 63,Chapinero,Parque de los Hippies,Chapinero,21.5,3.86,Mecánica,Suscriptor,Despejado,16.3,0.0,Sí
V001070,2026-05-27 17:38:18,Las Nieves,Santa Fe,Parque de la 93,Chapinero,25.9,4.04,Mecánica,Suscriptor,Despejado,17.2,0.0,No
V001549,2026-05-27 07:40:05,Calle 72,Chapinero,Calle 72,Chapinero,8.0,1.98,Eléctrica,Suscriptor,Despejado,19.4,0.0,No
V001025,2026-04-24 09:05:43,Las Aguas,La Candelaria,Parque de los Hippies,Chapinero,18.5,3.45,Eléctrica,Suscriptor,Nublado,16.4,0.0,No
V001466,2026-04-26 07:20:00,Parque El Virrey Norte,Usaquén,Calle 116,Usaquén,8.5,2.0,Eléctrica,Ocasional,Despejado,13.9,0.0,Sí
V000941,2026-02-05 19:04:12,Calle 80,Barrios Unidos,Parque de los Novios,Barrios Unidos,11.9,1.86,Mecánica,Suscriptor,Lluvia,15.0,5.5,No
V001467,2026-05-25 18:07:00,Zona G,Chapinero,Calle 72,Chapinero,13.4,2.19,Mecánica,Suscriptor,Despejado,17.8,0.0,No
V001324,2026-03-28 00:07:06,Zona G,Chapinero,Universidad Nacional,Teusaquillo,13.7,2.42,Mecánica,Suscriptor,Lluvia ligera,17.6,1.3,Sí
V001400,2026-04-12 02:12:17,Galerías,Teusaquillo,Galerías,Teusaquillo,8.6,1.61,Eléctrica,Suscriptor,Despejado,17.3,0.0,Sí
V002640,2026-04-24 21:21:54,Universidades Centro,La Candelaria,Las Aguas,La Candelaria,14.4,3.45,Mecánica,Suscriptor,Despejado,21.1,0.0,No
V001450,2026-03-18 04:58:32,San Felipe,Barrios Unidos,Parque El Virrey Norte,Usaquén,11.0,2.19,Mecánica,Suscriptor,Despejado,19.1,0.0,No
V000907,2026-05-19 09:29:00,Las Nieves,Santa Fe,Museo Nacional,Santa Fe,12.3,2.09,Eléctrica,Suscriptor,Lluvia,18.8,8.3,No
V003161,2026-03-12 19:49:25,Calle 100,Usaquén,Calle 100,Usaquén,5.9,1.03,Mecánica,Suscriptor,Despejado,17.7,0.0,No
V001896,2026-05-05 18:51:51,Centro Internacional,Santa Fe,Centro Internacional,Santa Fe,4.2,0.7,Eléctrica,Ocasional,Despejado,17.5,0.0,No
V000389,2026-04-19 02:29:08,Calle 80,Barrios Unidos,Parque de los Novios,Barrios Unidos,8.9,1.81,Eléctrica,Ocasional,Nublado,16.1,0.0,Sí
V002071,2026-02-04 08:44:30,San Felipe,Barrios Unidos,Calle 80,Barrios Unidos,23.0,4.83,Eléctrica,Ocasional,Despejado,15.5,0.0,No
V002517,2026-04-01 03:45:02,Calle 100,Usaquén,Unicentro,Usaquén,3.5,0.92,Eléctrica,Suscriptor,Despejado,18.3,0.0,No
V002173,2026-04-25 17:18:57,Hacienda Santa Bárbara,Usaquén,Hacienda Santa Bárbara,Usaquén,17.0,2.84,Mecánica,Ocasional,Despejado,16.1,0.0,Sí
V000881,2026-04-05 10:46:00,Parkway,Teusaquillo,Simón Bolívar Sur,Teusaquillo,13.6,3.38,Eléctrica,Suscriptor,Lluvia,16.6,6.2,Sí
V002915,2026-03-16 20:41:51,Las Nieves,Santa Fe,Las Nieves,Santa Fe,4.8,1.06,Eléctrica,Ocasional,Nublado,15.4,0.0,No
V000051,2026-02-13 07:21:01,Parkway,Teusaquillo,Simón Bolívar Norte,Barrios Unidos,20.3,5.5,Eléctrica,Suscriptor,Nublado,17.5,0.0,No
V001888,2026-03-17 14:29:25,Parque de la 93,Chapinero,Parque de la 93,Chapinero,6.0,1.59,Mecánica,Suscriptor,Nublado,15.1,0.0,No
V001703,2026-03-11 11:25:57,Calle 72,Chapinero,Calle 72,Chapinero,5.3,1.39,Mecánica,Ocasional,Lluvia ligera,15.2,2.4,No
V002858,2026-05-25 08:58:56,Parque de los Hippies,Chapinero,Parque de los Hippies,Chapinero,5.3,1.1,Mecánica,Suscriptor,Lluvia,15.2,10.7,No
V000134,2026-02-09 23:22:17,Calle 116,Usaquén,Parque de los Novios,Barrios Unidos,10.8,2.49,Eléctrica,Ocasional,Nublado,18.2,0.0,No
V001106,2026-03-30 07:18:29,Parque de los Hippies,Chapinero,Parque de los Hippies,Chapinero,5.9,1.06,Eléctrica,Ocasional,Lluvia,19.1,7.0,No
V000704,2026-05-16 00:43:13,Calle 63,Chapinero,Las Nieves,Santa Fe,12.2,2.13,Mecánica,Suscriptor,Despejado,17.1,0.0,Sí
V000483,2026-04-06 18:17:07,Parque de los Hippies,Chapinero,Calle 63,Chapinero,6.4,1.18,Mecánica,Suscriptor,Despejado,16.8,0.0,No
V001146,2026-05-13 21:49:43,Galerías,Teusaquillo,Universidad Nacional,Teusaquillo,11.1,2.86,Eléctrica,Suscriptor,Despejado,20.5,0.0,No
V002039,2026-04-19 19:22:30,Calle 80,Barrios Unidos,Calle 63,Chapinero,19.2,3.26,Eléctrica,Suscriptor,Lluvia,17.5,11.1,Sí
V003130,2026-05-01 07:18:08,Parque de la 93,Chapinero,Parque de los Hippies,Chapinero,7.9,1.76,Mecánica,Suscriptor,Despejado,19.6,0.0,No
V000067,2026-03-14 12:08:04,Corferias,Teusaquillo,Unicentro,Usaquén,13.9,2.43,Mecánica,Ocasional,Nublado,17.2,0.0,Sí
V002314,2026-04-24 05:17:25,Simón Bolívar Sur,Teusaquillo,,Teusaquillo,9.2,2.17,Mecánica,Ocasional,Nublado,16.8,0.0,No
V002811,2026-02-25 08:58:31,Parque Nacional,Santa Fe,,Teusaquillo,8.5,1.99,Eléctrica,Suscriptor,Despejado,17.1,0.0,No
V000908,2026-03-29 07:36:50,Calle 80,Barrios Unidos,Calle 116,Usaquén,13.5,2.01,Eléctrica,Suscriptor,Despejado,15.9,0.0,Sí
V000032,2026-04-23 23:24:28,Zona G,Chapinero,Calle 63,Chapinero,10.7,2.27,Eléctrica,Suscriptor,Despejado,16.4,0.0,No
V002466,2026-03-10 07:34:24,Zona G,Chapinero,Calle 116,Usaquén,24.3,4.52,Eléctrica,Suscriptor,Lluvia,17.0,9.3,No
V003020,2026-02-28 18:04:17,Parkway,Teusaquillo,Universidad Nacional,Teusaquillo,14.1,2.33,Mecánica,Ocasional,Nublado,12.9,0.0,Sí
V000011,2026-03-24 08:45:23,Las Nieves,Santa Fe,Parque de la 93,Chapinero,28.2,6.29,Eléctrica,Suscriptor,Nublado,16.3,0.0,No
V000065,2026-02-19 02:38:09,Calle 100,Usaquén,Parque El Virrey Norte,Usaquén,20.1,3.42,Mecánica,Suscriptor,Nublado,16.7,0.0,No
V000777,2026-02-21 07:14:07,Plaza de Bolívar,La Candelaria,Universidades Centro,La Candelaria,12.9,2.52,Mecánica,Suscriptor,Nublado,11.7,0.0,Sí
V000078,2026-04-20 18:07:56,Parque de los Novios,Barrios Unidos,Simón Bolívar Norte,Barrios Unidos,7.8,1.53,Mecánica,Suscriptor,Lluvia,17.1,7.0,No
V000492,2026-03-05 08:37:15,Calle 63,Chapinero,Universidad Javeriana,Chapinero,8.6,2.34,Eléctrica,Suscriptor,Despejado,16.0,0.0,No
V002791,2026-05-05 03:21:31,Calle 63,Chapinero,Zona G,Chapinero,14.6,1.96,Eléctrica,Suscriptor,Despejado,21.5,0.0,No
V002114,2026-04-24 09:13:09,Centro Internacional,Santa Fe,Parque Nacional,Santa Fe,18.7,4.78,Eléctrica,Ocasional,Despejado,16.1,0.0,No
V002941,2026-03-13 22:06:26,Corferias,Teusaquillo,Parkway,Teusaquillo,12.8,2.72,Mecánica,Ocasional,Lluvia,18.8,5.7,No
V002345,2026-05-07 08:55:59,Universidades Centro,La Candelaria,Plaza de Bolívar,La Candelaria,8.2,1.22,Mecánica,Suscriptor,Nublado,19.7,0.0,No
V000592,2026-04-09 00:26:38,Universidades Centro,La Candelaria,Universidades Centro,La Candelaria,5.7,1.1,Mecánica,Ocasional,Despejado,15.8,0.0,No
V001286,2026-05-03 18:58:29,Las Nieves,Santa Fe,Centro Internacional,Santa Fe,14.8,3.08,Mecánica,Ocasional,Lluvia ligera,13.6,2.1,Sí
V002683,2026-03-19 18:40:58,Corferias,Teusaquillo,Calle 100,Usaquén,8.3,1.95,Mecánica,Suscriptor,Despejado,16.8,0.0,No
V000725,2026-02-19 08:27:14,Las Nieves,Santa Fe,Museo Nacional,Santa Fe,11.4,1.98,Eléctrica,Suscriptor,Despejado,10.6,0.0,No
V002681,2026-05-18 09:55:29,Parque de los Hippies,Chapinero,Calle 72,Chapinero,5.6,1.28,Eléctrica,Ocasional,Despejado,17.5,0.0,No
V001213,2026-05-27 17:03:49,Simón Bolívar Norte,Barrios Unidos,Calle 80,Barrios Unidos,13.6,2.1,Mecánica,Suscriptor,Lluvia,15.3,7.4,No
V003103,2026-05-06 17:27:39,Zona G,Chapinero,Calle 116,Usaquén,14.6,4.32,Eléctrica,Ocasional,Nublado,,0.0,No
V002300,2026-04-24 17:32:07,Simón Bolívar Norte,Barrios Unidos,Calle 80,Barrios Unidos,11.5,2.65,Mecánica,Suscriptor,Despejado,19.5,0.0,No
V002747,2026-04-24 18:42:00,Calle 72,Chapinero,Simón Bolívar Norte,Barrios Unidos,16.2,3.97,Mecánica,Ocasional,Despejado,15.4,0.0,No
V001638,2026-05-29 03:30:50,Calle 63,Chapinero,Calle 100,Usaquén,9.9,2.56,Mecánica,Ocasional,Lluvia ligera,18.8,0.3,No
V003047,2026-02-20 06:25:20,Centro Internacional,Santa Fe,Las Nieves,Santa Fe,12.3,2.48,Eléctrica,Suscriptor,Lluvia,12.1,8.1,No
V003040,2026-03-31 18:57:19,Calle 72,Chapinero,Parque de los Hippies,Chapinero,11.7,2.76,Mecánica,Suscriptor,Lluvia,17.9,5.3,No
V003122,2026-04-03 16:58:38,Corferias,Teusaquillo,Corferias,Teusaquillo,13.4,2.41,Mecánica,Suscriptor,Nublado,15.0,0.0,No
V000983,2026-05-30 07:14:40,Simón Bolívar Sur,Teusaquillo,Las Nieves,Santa Fe,36.0,5.87,Eléctrica,Suscriptor,Lluvia ligera,18.1,1.9,Sí
V000707,2026-03-01 21:54:45,Parque El Virrey Norte,Usaquén,Calle 100,Usaquén,12.5,2.34,Eléctrica,Suscriptor,Despejado,,0.0,Sí
V002536,2026-03-30 09:25:39,Universidad Javeriana,Chapinero,Galerías,Teusaquillo,38.4,7.68,Mecánica,Ocasional,Nublado,22.2,0.0,No
V001688,2026-02-09 23:01:36,Calle 80,Barrios Unidos,San Felipe,Barrios Unidos,7.6,1.18,Mecánica,Ocasional,Nublado,15.7,0.0,No
V002789,2026-02-17 08:47:18,Simón Bolívar Sur,Teusaquillo,Universidad Nacional,Teusaquillo,16.0,2.67,Mecánica,Suscriptor,Despejado,13.9,0.0,No
V000274,2026-04-03 11:44:52,Simón Bolívar Sur,Teusaquillo,Universidad Javeriana,Chapinero,17.7,,Mecánica,Ocasional,Lluvia ligera,,0.9,No
V001710,2026-04-05 01:29:46,Calle 63,Chapinero,Calle 72,Chapinero,8.9,2.0,Mecánica,Suscriptor,Lluvia,16.3,6.2,Sí
V002918,2026-02-15 19:39:21,Calle 80,Barrios Unidos,Calle 80,Barrios Unidos,6.6,1.18,Mecánica,Suscriptor,Lluvia ligera,17.8,0.5,Sí
V000964,2026-05-26 20:52:51,Hacienda Santa Bárbara,Usaquén,Hacienda Santa Bárbara,Usaquén,5.7,1.13,Mecánica,Ocasional,Despejado,17.6,0.0,No
V002675,2026-02-16 19:12:29,Corferias,Teusaquillo,Simón Bolívar Sur,Teusaquillo,6.4,1.43,Mecánica,Suscriptor,Lluvia,17.0,2.9,No
V003039,2026-04-13 21:31:11,Simón Bolívar Sur,Teusaquillo,Universidad Nacional,Teusaquillo,7.3,1.33,Mecánica,Suscriptor,Nublado,19.0,0.0,No
V003160,2026-04-29 20:29:07,Galerías,Teusaquillo,Corferias,Teusaquillo,18.8,4.14,Eléctrica,Suscriptor,Despejado,16.0,0.0,No
V002460,2026-03-23 20:01:23,Universidad Nacional,Teusaquillo,Parkway,Teusaquillo,12.3,2.17,Eléctrica,Ocasional,Despejado,17.1,0.0,No
V002834,2026-05-04 18:45:50,San Felipe,Barrios Unidos,Zona G,Chapinero,23.4,5.51,Mecánica,Suscriptor,Nublado,18.2,0.0,No
V002722,2026-04-24 22:28:54,Parque Nacional,Santa Fe,Corferias,Teusaquillo,44.3,8.06,Mecánica,Ocasional,Lluvia ligera,19.3,2.3,No
V001453,2026-05-02 07:44:50,Centro Internacional,Santa Fe,Calle 72,Chapinero,14.4,3.17,Mecánica,Suscriptor,Lluvia,19.1,6.4,Sí
V000150,2026-03-14 08:04:26,Parque Nacional,Santa Fe,Calle 63,Chapinero,26.5,7.01,Eléctrica,Suscriptor,Lluvia,16.8,9.7,Sí
V001758,2026-03-20 08:30:40,Museo Nacional,Santa Fe,Museo Nacional,Santa Fe,6.9,1.42,Eléctrica,Ocasional,Lluvia,16.2,9.6,No
V000219,2026-05-13 19:24:28,Parque de la 93,Chapinero,Zona G,Chapinero,8.3,1.45,Mecánica,Suscriptor,Lluvia,14.3,6.4,No
V000240,2026-05-03 19:22:26,Unicentro,Usaquén,Parque El Virrey Norte,Usaquén,7.6,1.96,Eléctrica,Suscriptor,Despejado,16.0,0.0,Sí
V001132,2026-04-24 17:16:53,Calle 63,Chapinero,Chorro de Quevedo,La Candelaria,35.3,6.87,Mecánica,Suscriptor,Lluvia ligera,17.8,1.4,No
V002882,2026-02-17 03:57:18,Las Nieves,Santa Fe,Las Nieves,Santa Fe,10.5,1.28,Eléctrica,Suscriptor,Lluvia,17.2,10.2,No
V002240,2026-03-30 06:00:50,Las Aguas,La Candelaria,Zona G,Chapinero,17.1,2.63,Mecánica,Suscriptor,Despejado,18.5,0.0,No
V002382,2026-02-01 19:56:33,Museo Nacional,Santa Fe,Centro Internacional,Santa Fe,12.5,2.31,Mecánica,Suscriptor,Despejado,16.0,0.0,Sí
V001254,2026-03-08 05:11:22,Calle 116,Usaquén,Parque El Virrey Norte,Usaquén,9.7,2.23,Mecánica,Suscriptor,Nublado,18.3,0.0,Sí
V001054,2026-04-19 07:40:59,Centro Internacional,Santa Fe,Calle 100,Usaquén,33.3,8.11,Mecánica,Ocasional,Nublado,18.4,0.0,Sí
V001669,2026-05-16 07:01:13,Hacienda Santa Bárbara,Usaquén,Calle 100,Usaquén,9.3,2.75,Eléctrica,Suscriptor,Despejado,16.4,0.0,Sí
V002923,2026-05-08 22:40:38,Universidad Nacional,Teusaquillo,Galerías,Teusaquillo,16.1,3.45,Mecánica,Ocasional,Despejado,21.3,0.0,No
V003165,2026-03-24 19:10:34,Corferias,Teusaquillo,Simón Bolívar Norte,Barrios Unidos,23.2,4.75,Eléctrica,Suscriptor,Lluvia ligera,17.6,0.9,No
V001358,2026-05-10 19:06:35,Parque Nacional,Santa Fe,Centro Internacional,Santa Fe,6.2,1.22,Eléctrica,Suscriptor,Nublado,18.6,0.0,Sí
V000776,2026-04-08 23:39:52,Simón Bolívar Sur,Teusaquillo,Calle 116,Usaquén,14.6,2.78,Eléctrica,Suscriptor,Nublado,16.1,0.0,No
V002792,2026-04-20 09:00:39,San Felipe,Barrios Unidos,Parque de los Novios,Barrios Unidos,9.7,1.66,Eléctrica,Suscriptor,Nublado,18.3,0.0,No
V000840,2026-02-20 08:40:50,Museo Nacional,Santa Fe,Museo Nacional,Santa Fe,7.9,1.69,Mecánica,Suscriptor,Nublado,14.6,0.0,No
V000628,2026-02-26 22:28:32,Las Aguas,La Candelaria,Calle 116,Usaquén,8.9,1.1,Mecánica,Suscriptor,Nublado,16.5,0.0,No
V000324,2026-04-28 02:18:53,Calle 72,Chapinero,Zona G,Chapinero,8.0,1.42,Mecánica,Ocasional,Lluvia ligera,18.2,0.4,No
V002894,2026-03-27 17:01:19,Universidades Centro,La Candelaria,Las Aguas,La Candelaria,15.2,3.88,Eléctrica,Ocasional,Lluvia ligera,19.9,1.4,No
V003131,2026-05-15 08:58:33,Corferias,Teusaquillo,Museo Nacional,Santa Fe,13.8,3.75,Eléctrica,Suscriptor,Despejado,16.2,0.0,No
V001868,2026-02-09 08:03:41,Zona G,Chapinero,Calle 63,Chapinero,18.6,4.16,Mecánica,Suscriptor,Lluvia,12.3,3.9,No
V001161,2026-05-18 07:00:52,Universidad Nacional,Teusaquillo,Simón Bolívar Sur,Teusaquillo,11.9,2.47,Eléctrica,Suscriptor,Despejado,15.6,0.0,No
V001077,2026-03-30 08:16:58,Parque El Virrey Norte,Usaquén,Unicentro,Usaquén,8.1,1.62,Eléctrica,Ocasional,Nublado,14.5,0.0,No
V000438,2026-03-05 08:46:28,Parque Nacional,Santa Fe,Parque Nacional,Santa Fe,6.5,1.29,Mecánica,Suscriptor,Nublado,13.2,0.0,No
V000120,2026-02-01 18:33:59,Museo Nacional,Santa Fe,Centro Internacional,Santa Fe,9.6,2.26,Mecánica,Suscriptor,Nublado,15.0,0.0,Sí
V002818,2026-02-22 18:12:18,Galerías,Teusaquillo,Parkway,Teusaquillo,9.1,1.9,Mecánica,Suscriptor,Nublado,13.3,0.0,Sí
V002631,2026-05-10 22:56:49,Hacienda Santa Bárbara,Usaquén,Hacienda Santa Bárbara,Usaquén,4.0,0.96,Eléctrica,,Despejado,18.8,0.0,Sí
V002869,2026-04-19 04:27:19,Calle 63,Chapinero,Las Aguas,La Candelaria,14.9,2.56,Mecánica,Ocasional,Despejado,17.5,0.0,Sí
V001815,2026-03-01 21:42:40,Universidad Nacional,Teusaquillo,Corferias,Teusaquillo,19.3,5.34,Eléctrica,Suscriptor,Nublado,14.0,0.0,Sí
V001840,2026-02-26 07:00:11,Calle 116,Usaquén,Calle 63,Chapinero,8.8,1.64,Eléctrica,Suscriptor,Despejado,14.6,0.0,No
V001027,2026-02-14 18:05:24,Galerías,Teusaquillo,Calle 72,Chapinero,10.2,2.31,Eléctrica,Suscriptor,Despejado,22.2,0.0,Sí
V000077,2026-03-09 17:04:38,Calle 100,Usaquén,Parque El Virrey Norte,Usaquén,10.2,2.47,Eléctrica,Suscriptor,Lluvia,15.7,12.0,No
V000901,2026-04-22 19:53:46,Las Nieves,Santa Fe,Simón Bolívar Norte,Barrios Unidos,13.4,3.12,Eléctrica,Ocasional,Lluvia ligera,19.8,1.1,No
V000372,2026-02-28 13:11:01,Centro Internacional,Santa Fe,Museo Nacional,Santa Fe,16.4,3.49,Mecánica,Ocasional,Lluvia ligera,14.3,0.5,Sí
V001205,2026-05-26 06:04:27,Parque Nacional,Santa Fe,Las Nieves,Santa Fe,20.6,4.2,Mecánica,Ocasional,Lluvia ligera,15.1,2.3,No
V002716,2026-02-26 08:20:48,Centro Internacional,Santa Fe,Museo Nacional,Santa Fe,8.7,2.57,Eléctrica,Suscriptor,Despejado,19.2,0.0,No
V000942,2026-02-18 20:39:05,Corferias,Teusaquillo,Parkway,Teusaquillo,7.6,1.36,Mecánica,Ocasional,Despejado,17.4,0.0,No
V000553,2026-02-10 19:32:07,Las Nieves,Santa Fe,Museo Nacional,Santa Fe,15.1,3.27,Eléctrica,Suscriptor,Nublado,15.0,0.0,No
V000407,2026-03-26 09:37:03,Universidad Javeriana,Chapinero,Las Nieves,Santa Fe,20.0,3.76,Mecánica,Ocasional,Nublado,19.6,0.0,No
V002118,2026-05-17 18:27:30,Universidad Nacional,Teusaquillo,Galerías,Teusaquillo,10.2,2.21,Mecánica,Suscriptor,Despejado,17.3,0.0,Sí
V001614,2026-03-07 19:49:37,Parque El Virrey Norte,Usaquén,Parque de los Novios,Barrios Unidos,10.2,2.2,Eléctrica,Suscriptor,Nublado,13.9,0.0,Sí
V000969,2026-03-15 11:43:24,Zona G,Chapinero,Simón Bolívar Sur,Teusaquillo,12.1,2.39,Mecánica,Suscriptor,Despejado,17.9,0.0,Sí
V002806,2026-04-10 17:15:35,Calle 72,Chapinero,Hacienda Santa Bárbara,Usaquén,17.8,2.61,Eléctrica,Ocasional,Despejado,15.6,0.0,No
V002350,2026-04-01 13:45:52,Parque El Virrey Norte,Usaquén,Calle 116,Usaquén,6.9,1.43,Eléctrica,Suscriptor,Lluvia,15.7,10.1,No
V001747,2026-05-29 08:59:27,Centro Internacional,Santa Fe,Centro Internacional,Santa Fe,11.4,2.23,Mecánica,Ocasional,Despejado,14.9,0.0,No
V000690,2026-03-02 14:17:19,Universidad Javeriana,Chapinero,Calle 72,Chapinero,5.2,1.27,Eléctrica,Ocasional,Nublado,14.9,0.0,No
V001739,2026-04-16 07:55:44,Universidades Centro,La Candelaria,Chorro de Quevedo,La Candelaria,7.3,1.09,Mecánica,Suscriptor,Lluvia,19.1,9.2,No
V000237,2026-05-23 21:30:20,Parque de los Novios,Barrios Unidos,Calle 80,Barrios Unidos,8.4,1.88,Eléctrica,Suscriptor,Despejado,19.1,0.0,Sí
V003057,2026-03-16 11:37:12,Parque de los Novios,Barrios Unidos,Calle 72,Chapinero,6.9,1.54,Eléctrica,Suscriptor,Despejado,22.4,0.0,No
V001987,2026-04-23 11:04:37,Galerías,Teusaquillo,Chorro de Quevedo,La Candelaria,16.2,1.62,Mecánica,Ocasional,Lluvia,16.5,7.4,No
V001984,2026-03-04 14:55:23,Plaza de Bolívar,La Candelaria,Chorro de Quevedo,La Candelaria,12.9,1.61,Mecánica,Suscriptor,Lluvia ligera,20.9,0.4,No
V000500,2026-04-29 07:23:23,Plaza de Bolívar,La Candelaria,Parque Nacional,Santa Fe,9.9,1.49,Mecánica,Ocasional,Despejado,15.5,0.0,No
V000823,2026-02-12 12:37:39,Parkway,Teusaquillo,Parkway,Teusaquillo,9.4,1.98,Eléctrica,Suscriptor,Nublado,13.5,0.0,No
V000795,2026-04-02 17:38:24,Unicentro,Usaquén,Calle 100,Usaquén,7.3,1.6,Mecánica,Suscriptor,Despejado,18.1,0.0,No
V000991,2026-04-23 08:10:56,Universidad Javeriana,Chapinero,Calle 63,Chapinero,14.3,3.09,Eléctrica,Ocasional,Despejado,16.7,0.0,No
V000568,2026-04-05 18:59:39,Calle 100,Usaquén,Calle 116,Usaquén,6.0,1.05,Mecánica,Suscriptor,Lluvia ligera,18.0,2.0,Sí
V002436,2026-05-25 08:04:49,Las Nieves,Santa Fe,Las Nieves,Santa Fe,6.6,1.18,Mecánica,Ocasional,Despejado,21.7,0.0,No
V000391,2026-04-02 18:58:05,Universidad Javeriana,Chapinero,Parque de los Novios,Barrios Unidos,16.4,3.88,Eléctrica,Suscriptor,Despejado,22.5,0.0,No
V000744,2026-03-25 05:15:11,Calle 116,Usaquén,Calle 116,Usaquén,9.6,1.21,Mecánica,Suscriptor,Despejado,17.6,0.0,No
V002401,2026-05-15 07:39:16,Calle 116,Usaquén,Parque El Virrey Norte,Usaquén,3.8,0.72,Eléctrica,Ocasional,Despejado,15.9,0.0,No
V001218,2026-05-17 18:34:25,Parque Nacional,Santa Fe,Centro Internacional,Santa Fe,5.5,0.79,Eléctrica,Suscriptor,Nublado,21.5,0.0,Sí
V000236,2026-02-06 18:05:14,Parque de la 93,Chapinero,Calle 72,Chapinero,17.6,3.37,Mecánica,Suscriptor,Lluvia ligera,15.5,2.2,No
V002951,2026-04-28 07:50:41,Universidades Centro,La Candelaria,Chorro de Quevedo,La Candelaria,16.9,4.41,Mecánica,Suscriptor,Despejado,16.3,0.0,No
V000481,2026-02-08 09:48:41,Centro Internacional,Santa Fe,Calle 80,Barrios Unidos,10.8,2.31,Eléctrica,Suscriptor,Despejado,14.4,0.0,Sí
V002043,2026-02-11 06:18:36,Universidad Nacional,Teusaquillo,Universidad Nacional,Teusaquillo,12.0,2.58,Eléctrica,Ocasional,Lluvia ligera,10.1,2.4,No
V002616,2026-04-24 01:54:43,Centro Internacional,Santa Fe,Centro Internacional,Santa Fe,16.4,3.06,Mecánica,Ocasional,Nublado,17.4,0.0,No
V001678,2026-02-22 19:02:08,Calle 80,Barrios Unidos,Parque Nacional,Santa Fe,14.3,3.39,Eléctrica,Ocasional,Lluvia,14.9,8.5,Sí
V002930,2026-05-05 07:44:26,Corferias,Teusaquillo,Corferias,Teusaquillo,12.6,2.69,Mecánica,Ocasional,Nublado,19.8,0.0,No
V003087,2026-04-29 19:51:10,Universidad Javeriana,Chapinero,Calle 72,Chapinero,7.6,1.35,Eléctrica,Suscriptor,Nublado,17.9,0.0,No
V002764,2026-02-16 17:17:07,Parque de la 93,Chapinero,Parque Nacional,Santa Fe,15.1,3.25,Mecánica,Suscriptor,Lluvia ligera,21.3,0.8,No
V002828,2026-04-25 17:38:47,Parque de los Novios,Barrios Unidos,Las Nieves,Santa Fe,30.0,5.52,Mecánica,Ocasional,Nublado,12.9,0.0,Sí
V000121,2026-04-25 08:04:42,Parque Nacional,Santa Fe,Las Nieves,Santa Fe,7.1,1.38,Eléctrica,Suscriptor,Despejado,24.0,0.0,Sí
V002969,2026-05-17 03:53:21,Las Nieves,Santa Fe,Parque Nacional,Santa Fe,7.0,0.77,Eléctrica,Suscriptor,Nublado,16.4,0.0,Sí
V001273,2026-05-19 02:36:51,Parque Nacional,Santa Fe,Museo Nacional,Santa Fe,10.4,2.06,Mecánica,Suscriptor,Nublado,14.5,0.0,No
V000927,2026-04-20 22:29:08,Centro Internacional,Santa Fe,Hacienda Santa Bárbara,Usaquén,26.2,5.64,Eléctrica,Suscriptor,Lluvia,15.9,2.6,No
V002564,2026-04-28 05:07:40,Centro Internacional,Santa Fe,Las Nieves,Santa Fe,19.5,3.61,Eléctrica,Suscriptor,Despejado,16.7,0.0,No
V001595,2026-02-16 17:44:49,Parque El Virrey Norte,Usaquén,Hacienda Santa Bárbara,Usaquén,8.5,1.63,Mecánica,Suscriptor,Lluvia,15.1,6.2,No
V000224,2026-02-15 07:10:00,Zona G,Chapinero,Parque de la 93,Chapinero,14.1,2.34,Eléctrica,Suscriptor,Nublado,13.4,0.0,Sí
V000767,2026-05-17 13:34:13,Calle 63,Chapinero,Universidad Javeriana,Chapinero,19.8,2.58,Mecánica,Suscriptor,Despejado,19.4,0.0,Sí
V000614,2026-03-09 03:45:02,Centro Internacional,Santa Fe,Las Nieves,Santa Fe,22.2,,Mecánica,Suscriptor,lluvia ligera,19.4,0.0,No
V001246,2026-04-17 22:09:26,Zona G,Chapinero,Calle 63,Chapinero,10.4,2.37,Mecánica,Suscriptor,Despejado,17.2,0.0,No
V001541,2026-05-22 08:47:03,Universidad Nacional,Teusaquillo,Corferias,Teusaquillo,11.4,1.7,Eléctrica,Ocasional,Nublado,19.5,0.0,No
V000053,2026-02-12 17:14:04,Parque El Virrey Norte,Usaquén,Parque de los Novios,Barrios Unidos,17.2,,Mecánica,Suscriptor,Lluvia ligera,14.9,0.5,No
V000530,2026-05-26 22:01:38,Plaza de Bolívar,La Candelaria,Simón Bolívar Norte,Barrios Unidos,11.8,2.0,Mecánica,Ocasional,Nublado,16.6,0.0,No
V002534,2026-05-01 19:29:36,Simón Bolívar Sur,Teusaquillo,Corferias,Teusaquillo,18.4,4.71,Eléctrica,Suscriptor,Lluvia ligera,17.9,0.5,No
V001900,2026-05-05 18:42:19,Universidad Nacional,Teusaquillo,Plaza de Bolívar,La Candelaria,27.3,6.54,Eléctrica,Suscriptor,Nublado,22.8,0.0,No
V003133,2026-03-31 08:17:20,Parque de los Hippies,Chapinero,Universidad Javeriana,Chapinero,7.0,,Eléctrica,Ocasional,Nublado,19.7,0.0,No
V000819,2026-02-23 19:03:30,Plaza de Bolívar,La Candelaria,Universidades Centro,La Candelaria,15.8,2.15,Mecánica,Ocasional,Nublado,15.7,0.0,No
V000156,2026-05-16 12:17:22,Unicentro,Usaquén,Universidad Javeriana,Chapinero,7.1,1.11,Mecánica,Ocasional,Nublado,18.3,0.0,Sí
V002649,2026-04-25 16:22:14,Corferias,Teusaquillo,Galerías,Teusaquillo,16.1,2.22,Eléctrica,Ocasional,Lluvia ligera,18.0,2.0,Sí
V003076,2026-04-11 07:11:15,Universidad Javeriana,Chapinero,Calle 63,Chapinero,4.8,0.7,Eléctrica,Suscriptor,Lluvia,20.0,10.9,Sí
V000249,2026-05-18 09:08:59,Parque Nacional,Santa Fe,Las Nieves,Santa Fe,12.1,2.65,Eléctrica,Suscriptor,Despejado,17.8,0.0,No
V000762,2026-05-08 22:55:17,Universidad Nacional,Teusaquillo,San Felipe,Barrios Unidos,28.5,6.11,Mecánica,Suscriptor,Despejado,17.3,0.0,No
V001895,2026-02-07 12:40:59,Universidad Javeriana,Chapinero,Simón Bolívar Sur,Teusaquillo,16.1,3.73,Eléctrica,Suscriptor,Nublado,14.1,0.0,Sí
V002030,2026-02-14 17:57:53,Universidad Javeriana,Chapinero,Zona G,Chapinero,8.3,1.43,Eléctrica,Suscriptor,Despejado,14.2,0.0,Sí
V003055,2026-02-25 19:22:50,Parque Nacional,Santa Fe,Universidad Javeriana,Chapinero,8.8,1.33,Mecánica,Suscriptor,Lluvia,18.2,11.7,No
V001131,2026-04-11 22:43:19,Parque de los Novios,Barrios Unidos,Calle 72,Chapinero,3.0,0.7,Mecánica,Suscriptor,Despejado,16.7,0.0,Sí
V000543,2026-02-26 08:48:23,Las Nieves,Santa Fe,Universidad Javeriana,Chapinero,9.0,1.56,Mecánica,Ocasional,Nublado,15.7,0.0,No
V000794,2026-03-23 22:39:19,Unicentro,Usaquén,Parque El Virrey Norte,Usaquén,9.1,1.86,Mecánica,Suscriptor,Nublado,14.3,0.0,No
V001726,2026-05-28 17:06:43,Universidades Centro,La Candelaria,Plaza de Bolívar,La Candelaria,23.2,6.95,Mecánica,,Despejado,16.9,0.0,No
V002728,2026-03-19 19:25:31,Parque El Virrey Norte,Usaquén,Parque El Virrey Norte,Usaquén,10.8,1.75,Eléctrica,Ocasional,Nublado,15.8,0.0,No
V000629,2026-04-30 18:47:38,Universidades Centro,La Candelaria,Las Aguas,La Candelaria,19.3,3.39,Mecánica,Suscriptor,Nublado,18.8,0.0,No
V002199,2026-03-13 18:10:24,Parque El Virrey Norte,Usaquén,Parque El Virrey Norte,Usaquén,12.3,1.98,Mecánica,Ocasional,Lluvia ligera,17.1,0.4,No
V002893,2026-05-22 14:47:55,Simón Bolívar Norte,Barrios Unidos,Calle 116,Usaquén,13.0,,Eléctrica,Suscriptor,Nublado,16.6,0.0,No
V002340,2026-05-22 08:33:12,Simón Bolívar Sur,Teusaquillo,Universidad Nacional,Teusaquillo,11.3,2.3,Mecánica,Ocasional,Despejado,16.3,0.0,No
V002430,2026-03-10 07:06:06,Calle 80,Barrios Unidos,,Usaquén,19.9,3.98,Eléctrica,Ocasional,Despejado,18.0,0.0,No
V003045,2026-05-19 19:38:10,Calle 72,Chapinero,Zona G,Chapinero,16.7,3.31,Mecánica,Ocasional,Lluvia ligera,14.2,2.5,No
V001368,2026-04-10 09:13:57,Universidad Javeriana,Chapinero,Las Nieves,Santa Fe,11.8,2.42,Eléctrica,Ocasional,Despejado,20.8,0.0,No
V001621,2026-03-04 01:11:11,Simón Bolívar Sur,Teusaquillo,Simón Bolívar Sur,Teusaquillo,3.4,0.7,Mecánica,Suscriptor,Lluvia,15.2,11.9,No
V002980,2026-02-20 14:42:27,Calle 63,Chapinero,Parque de la 93,Chapinero,23.1,4.4,Mecánica,Ocasional,Lluvia ligera,13.1,0.7,No
V001072,2026-04-07 07:11:43,Universidad Javeriana,Chapinero,Parque de los Hippies,Chapinero,9.1,2.97,Eléctrica,Suscriptor,Lluvia ligera,16.7,1.9,No
V000555,2026-05-03 19:18:34,Calle 63,Chapinero,Calle 63,Chapinero,5.6,0.96,Mecánica,Suscriptor,Nublado,17.4,0.0,Sí
V001829,2026-03-09 18:58:06,Calle 63,Chapinero,Centro Internacional,Santa Fe,9.1,1.9,Mecánica,Suscriptor,Nublado,18.9,0.0,No
V000827,2026-02-27 18:48:50,Hacienda Santa Bárbara,Usaquén,Parque de los Novios,Barrios Unidos,27.9,4.87,Mecánica,Suscriptor,Lluvia ligera,14.0,0.9,No
V002866,2026-02-05 05:56:39,Parque de la 93,Chapinero,Parque de la 93,Chapinero,6.7,1.4,Mecánica,Suscriptor,Despejado,14.2,0.0,No
V001985,2026-03-01 17:20:29,Calle 100,Usaquén,Parque El Virrey Norte,Usaquén,10.2,1.31,Mecánica,Suscriptor,Despejado,16.2,0.0,Sí
V001838,2026-05-06 22:24:52,Plaza de Bolívar,La Candelaria,Simón Bolívar Norte,Barrios Unidos,27.5,7.11,Mecánica,Suscriptor,Lluvia,20.8,5.9,No
V000536,2026-02-06 17:31:56,Unicentro,Usaquén,Calle 100,Usaquén,8.9,1.93,Eléctrica,Suscriptor,Despejado,14.6,0.0,No
V002859,2026-03-10 08:45:28,Calle 63,Chapinero,Zona G,Chapinero,19.8,5.11,Eléctrica,Suscriptor,Nublado,16.4,0.0,No
V002664,2026-04-25 19:21:23,Calle 72,Chapinero,Parque de la 93,Chapinero,10.5,2.33,Eléctrica,Ocasional,Lluvia ligera,,1.1,Sí
V000155,2026-02-02 07:22:19,Universidad Javeriana,Chapinero,Universidad Javeriana,Chapinero,7.5,1.78,Eléctrica,Suscriptor,Nublado,14.8,0.0,No
V002762,2026-03-02 08:20:50,Parque Nacional,Santa Fe,Centro Internacional,Santa Fe,23.7,5.91,Eléctrica,Ocasional,Nublado,16.7,0.0,No
V003010,2026-04-26 02:27:33,Universidad Nacional,Teusaquillo,Corferias,Teusaquillo,25.8,3.99,Mecánica,Suscriptor,Lluvia,17.3,9.3,Sí
V000323,2026-03-27 08:02:44,Parque de la 93,Chapinero,Universidad Javeriana,Chapinero,12.5,2.58,Mecánica,Ocasional,Lluvia ligera,14.3,0.5,No
V001711,2026-02-06 19:04:30,Universidad Javeriana,Chapinero,Universidades Centro,La Candelaria,19.8,5.01,Mecánica,Suscriptor,Nublado,14.6,0.0,No
V000015,2026-02-14 18:02:42,Parque de la 93,Chapinero,Parque Nacional,Santa Fe,28.6,4.58,Eléctrica,Suscriptor,Lluvia,13.1,8.1,Sí
V001799,2026-02-24 15:34:59,Parkway,Teusaquillo,Simón Bolívar Sur,Teusaquillo,10.9,2.82,Mecánica,Suscriptor,Nublado,15.6,0.0,No
V003013,2026-05-04 11:20:36,Universidades Centro,La Candelaria,Las Aguas,La Candelaria,20.4,4.83,Eléctrica,Suscriptor,Despejado,19.4,0.0,No
V000083,2026-04-18 20:29:44,Calle 116,Usaquén,Hacienda Santa Bárbara,Usaquén,17.1,3.56,Eléctrica,Suscriptor,Despejado,15.9,0.0,Sí
V002561,2026-05-15 08:41:32,Calle 63,Chapinero,Parque de los Hippies,Chapinero,9.9,2.14,Eléctrica,Suscriptor,Nublado,20.3,0.0,No
V001944,2026-03-04 13:45:35,Corferias,Teusaquillo,Parque de la 93,Chapinero,11.6,1.95,Mecánica,Suscriptor,Despejado,19.3,0.0,No
V001989,2026-03-10 15:14:33,Universidad Nacional,Teusaquillo,Simón Bolívar Sur,Teusaquillo,8.4,,Eléctrica,Suscriptor,Despejado,18.0,0.0,No
V002673,2026-04-11 09:55:02,Calle 72,Chapinero,Parque de los Hippies,Chapinero,26.8,5.32,Mecánica,Ocasional,Despejado,17.2,0.0,Sí
V001384,2026-04-05 18:23:39,Simón Bolívar Sur,Teusaquillo,Plaza de Bolívar,La Candelaria,11.1,2.41,Eléctrica,Suscriptor,Despejado,13.9,0.0,Sí
V001575,2026-02-13 00:59:10,Parkway,Teusaquillo,Las Nieves,Santa Fe,10.4,2.21,Mecánica,Ocasional,Lluvia ligera,11.0,1.4,No
V002059,2026-05-26 18:28:11,Calle 80,Barrios Unidos,San Felipe,Barrios Unidos,8.3,2.15,Mecánica,Ocasional,Despejado,19.4,0.0,No
V003190,2026-02-22 08:02:52,Calle 116,Usaquén,Unicentro,Usaquén,7.1,1.03,Mecánica,Ocasional,Despejado,19.1,0.0,Sí
V001495,2026-05-07 09:33:39,Calle 63,Chapinero,Universidad Javeriana,Chapinero,7.7,,Mecánica,Suscriptor,Lluvia,18.5,11.5,No
V000832,2026-02-19 01:51:11,Universidades Centro,La Candelaria,Plaza de Bolívar,La Candelaria,21.6,3.54,Mecánica,Suscriptor,Nublado,15.3,0.0,No
V002081,2026-02-18 20:33:16,San Felipe,Barrios Unidos,Simón Bolívar Norte,Barrios Unidos,11.7,3.17,Eléctrica,Ocasional,Nublado,16.0,0.0,No
V001175,2026-05-26 08:03:31,Calle 63,Chapinero,Calle 63,Chapinero,6.4,1.73,Mecánica,Suscriptor,Nublado,17.3,0.0,No
V000414,2026-03-09 13:15:34,Parque de la 93,Chapinero,Calle 63,Chapinero,3.6,0.92,Eléctrica,Ocasional,Nublado,16.7,0.0,No
V002629,2026-02-08 18:58:07,Plaza de Bolívar,Chapinero ,Universidades Centro,La Candelaria,12.6,1.67,Mecánica,Suscriptor,Despejado,13.6,0.0,Sí
V001818,2026-04-17 08:36:00,Calle 63,Chapinero,Calle 72,Chapinero,6.0,0.86,Eléctrica,Ocasional,Despejado,15.9,0.0,No
V000166,2026-03-27 18:48:53,Calle 72,Chapinero,Universidad Javeriana,Chapinero,8.0,1.94,Eléctrica,Suscriptor,Despejado,19.7,0.0,No
V002906,2026-02-17 11:57:59,Calle 80,Barrios Unidos,Calle 63,Chapinero,17.3,3.85,Eléctrica,Suscriptor,Lluvia,12.6,11.9,No
V003124,2026-02-10 02:03:56,Corferias,Teusaquillo,Corferias,Teusaquillo,4.6,1.1,Mecánica,Ocasional,Lluvia ligera,12.5,0.9,No
V000615,2026-03-30 06:54:45,Plaza de Bolívar,La Candelaria,Chorro de Quevedo,La Candelaria,15.9,2.81,Eléctrica,Ocasional,Nublado,15.2,0.0,No
V001015,2026-03-24 19:14:53,Centro Internacional,Santa Fe,Universidades Centro,La Candelaria,11.3,3.02,Eléctrica,Suscriptor,Nublado,17.2,0.0,No
V002138,2026-05-23 19:27:57,Galerías,Teusaquillo,Las Nieves,Santa Fe,15.4,4.45,Mecánica,Suscriptor,Nublado,16.3,0.0,Sí
V002940,2026-05-19 02:10:41,Centro Internacional,Santa Fe,Simón Bolívar Norte,Barrios Unidos,22.5,3.18,Mecánica,Suscriptor,Nublado,16.4,0.0,No
V002650,2026-04-14 07:11:45,Parkway,Teusaquillo,Calle 116,Usaquén,14.6,4.14,Eléctrica,Suscriptor,Lluvia,20.7,4.5,No
V001238,2026-04-21 03:42:23,Calle 116,Usaquén,Hacienda Santa Bárbara,Usaquén,11.0,3.47,Eléctrica,Suscriptor,Nublado,21.4,0.0,No
V002182,2026-04-30 21:18:53,Parque de la 93,Chapinero,Universidad Javeriana,Chapinero,11.2,2.58,Mecánica,Suscriptor,Nublado,16.5,0.0,No
V000556,2026-04-25 19:08:56,Universidad Nacional,Teusaquillo,,Teusaquillo,7.8,1.11,Mecánica,Suscriptor,Despejado,15.9,0.0,Sí
V002369,2026-03-29 04:00:00,Parque de los Novios,Barrios Unidos,San Felipe,Barrios Unidos,7.2,1.41,Mecánica,Suscriptor,Despejado,18.2,0.0,Sí
V003003,2026-02-02 13:01:00,Simón Bolívar Norte,Barrios Unidos,Calle 100,Usaquén,31.3,4.87,Mecánica,Suscriptor,Despejado,16.5,0.0,No
V001212,2026-02-08 18:08:11,Corferias,Teusaquillo,Parkway,Teusaquillo,18.9,3.08,Eléctrica,Ocasional,Despejado,16.3,0.0,Sí
V002979,2026-02-19 07:21:26,Las Nieves,Santa Fe,Parque Nacional,Santa Fe,12.6,,Mecánica,Suscriptor,Lluvia ligera,14.2,2.0,No
V000635,2026-05-23 18:34:09,Calle 100,Usaquén,Simón Bolívar Norte,Barrios Unidos,6.3,1.35,Eléctrica,Ocasional,Nublado,16.6,0.0,Sí
V002601,2026-02-11 12:00:10,Zona G,Chapinero,Parque de la 93,Chapinero,6.2,1.39,Mecánica,Suscriptor,Nublado,14.7,0.0,No
V001056,2026-05-27 08:26:37,Las Nieves,Santa Fe,Centro Internacional,Santa Fe,13.9,1.27,Mecánica,Suscriptor,Despejado,14.9,0.0,No
V002341,2026-02-04 17:07:42,Universidad Javeriana,Chapinero,Parque de la 93,Chapinero,13.3,2.88,Eléctrica,Ocasional,Nublado,14.3,0.0,No
V001709,2026-04-18 09:11:44,Galerías,Teusaquillo,Galerías,Teusaquillo,16.4,3.84,Eléctrica,Suscriptor,Despejado,12.3,0.0,Sí
V000797,2026-05-31 18:11:52,Las Nieves,Santa Fe,Centro Internacional,Santa Fe,8.5,2.15,Eléctrica,Suscriptor,Despejado,21.4,0.0,Sí
V002954,2026-02-03 18:25:53,Simón Bolívar Sur,Teusaquillo,Las Aguas,La Candelaria,19.5,4.96,Eléctrica,Ocasional,Lluvia,13.9,5.3,No
V000175,2026-04-02 18:06:37,Parque El Virrey Norte,Usaquén,Calle 116,Usaquén,13.9,2.23,Mecánica,Suscriptor,Nublado,17.4,0.0,No
V000246,2026-04-22 05:52:23,Parque de los Novios,Barrios Unidos,San Felipe,Barrios Unidos,6.8,1.23,Mecánica,Suscriptor,Nublado,15.3,0.0,No
V001081,2026-04-11 18:32:19,Calle 63,Chapinero,Corferias,Teusaquillo,13.4,2.94,Mecánica,Ocasional,Despejado,20.4,0.0,Sí
V001655,2026-03-10 19:00:07,Parkway,Teusaquillo,Galerías,Teusaquillo,13.7,2.23,Mecánica,Suscriptor,Lluvia ligera,19.6,0.9,No
V003164,2026-02-22 09:15:01,Centro Internacional,Santa Fe,Museo Nacional,Santa Fe,13.5,2.17,Mecánica,Suscriptor,Despejado,14.3,0.0,Sí
V000145,2026-03-23 09:48:15,Corferias,Teusaquillo,Corferias,Teusaquillo,7.0,2.24,Eléctrica,Suscriptor,Nublado,15.1,0.0,No
V000146,2026-03-19 07:17:28,Galerías,Teusaquillo,Universidades Centro,La Candelaria,36.2,7.59,Mecánica,Suscriptor,Lluvia,20.3,11.0,No
V000091,2026-03-31 18:59:42,Museo Nacional,Santa Fe,Simón Bolívar Sur,Teusaquillo,11.0,2.26,Eléctrica,Suscriptor,Lluvia ligera,16.9,1.4,No
V000683,2026-03-27 09:24:29,Parque de la 93,Chapinero,Calle 72,Chapinero,13.8,3.53,Eléctrica,Suscriptor,Nublado,17.0,0.0,No
V000311,2026-03-23 08:37:24,Calle 63,Chapinero,Calle 63,Chapinero,9.7,1.32,Mecánica,Suscriptor,Despejado,,0.0,No
V000094,2026-03-27 17:04:45,Las Aguas,La Candelaria,Chorro de Quevedo,La Candelaria,10.2,2.02,Eléctrica,Suscriptor,Despejado,18.9,0.0,No
V002831,2026-05-31 07:09:46,Centro Internacional,Santa Fe,Parkway,Teusaquillo,13.3,2.85,Mecánica,Suscriptor,Nublado,18.4,0.0,Sí
V001957,2026-02-17 17:32:25,Calle 63,Chapinero,Calle 63,Chapinero,10.3,2.16,Eléctrica,Suscriptor,Nublado,12.3,0.0,No
V000925,2026-02-27 10:19:37,Plaza de Bolívar,La Candelaria,Las Aguas,La Candelaria,9.2,1.48,Mecánica,Suscriptor,Lluvia,14.7,9.2,No
V002936,2026-02-01 07:13:54,Parkway,Teusaquillo,Galerías,Teusaquillo,7.0,1.45,Eléctrica,Suscriptor,Lluvia ligera,14.4,2.3,Sí
V001910,2026-02-22 13:08:29,Las Nieves,Santa Fe,Museo Nacional,Santa Fe,6.7,1.19,Eléctrica,Ocasional,Despejado,15.3,0.0,Sí
V001036,2026-05-30 04:32:20,Calle 116,Usaquén,Calle 100,Usaquén,13.2,2.45,Eléctrica,Suscriptor,Lluvia ligera,18.3,2.2,Sí
V001401,2026-05-20 17:59:51,Calle 80,Barrios Unidos,Calle 100,Usaquén,19.0,3.32,Mecánica,Suscriptor,Nublado,16.6,0.0,No
V002292,2026-05-14 17:39:58,Parque de los Hippies,Chapinero,Calle 72,Chapinero,12.1,2.72,Eléctrica,Suscriptor,Despejado,19.2,0.0,No
V001501,2026-05-14 17:24:56,Plaza de Bolívar,La Candelaria,Chorro de Quevedo,La Candelaria,7.8,1.94,Eléctrica,Suscriptor,Despejado,16.7,0.0,No
V002263,2026-02-23 03:08:07,Calle 72,Chapinero,Universidad Javeriana,Chapinero,20.7,4.6,Mecánica,Suscriptor,Despejado,20.5,0.0,No
V001469,2026-05-04 06:55:18,Parque de la 93,Chapinero,Calle 63,Chapinero,9.4,2.08,Eléctrica,Suscriptor,Nublado,16.0,0.0,No
V000999,2026-04-07 14:57:49,Simón Bolívar Sur,Teusaquillo,Universidad Nacional,Teusaquillo,6.0,1.33,Mecánica,Ocasional,Nublado,18.4,0.0,No
V000854,2026-02-20 21:20:42,Parque El Virrey Norte,Usaquén,,Chapinero,28.8,5.22,Eléctrica,Suscriptor,Nublado,17.1,0.0,No
V002474,2026-05-08 18:33:29,Simón Bolívar Sur,Teusaquillo,,Barrios Unidos,45.2,8.8,Eléctrica,Suscriptor,Nublado,14.6,0.0,No
V002205,2026-03-25 03:12:16,Centro Internacional,Santa Fe,Centro Internacional,Santa Fe,8.0,1.75,Mecánica,Suscriptor,Lluvia,20.4,3.7,No
V001143,2026-02-26 08:53:52,Chorro de Quevedo,La Candelaria,Plaza de Bolívar,La Candelaria,7.8,1.94,Mecánica,Suscriptor,Lluvia ligera,13.2,1.7,No
V001144,2026-02-22 18:56:26,Unicentro,Usaquén,Unicentro,Usaquén,10.2,2.38,Mecánica,Suscriptor,Lluvia,17.7,6.5,Sí
V002275,2026-03-02 19:41:23,Centro Internacional,Santa Fe,Parque El Virrey Norte,Usaquén,16.7,2.18,Mecánica,Suscriptor,Nublado,16.5,0.0,No
V002049,2026-05-07 18:32:16,Chorro de Quevedo,La Candelaria,Universidades Centro,La Candelaria,9.7,1.28,Mecánica,Ocasional,Nublado,18.5,0.0,No
V000402,2026-03-02 07:48:48,Parkway,Teusaquillo,Calle 100,Usaquén,35.7,7.96,Eléctrica,Suscriptor,Despejado,13.1,0.0,No
V001104,2026-05-09 17:43:04,Universidad Nacional,Teusaquillo,Corferias,Teusaquillo,10.7,1.68,Mecánica,Ocasional,Despejado,15.7,0.0,Sí
V000085,2026-02-02 07:29:39,Calle 80,Barrios Unidos,Museo Nacional,Santa Fe,17.5,2.58,Eléctrica,Suscriptor,Despejado,15.0,0.0,No
V002211,2026-03-29 10:46:27,Simón Bolívar Sur,Teusaquillo,Universidad Nacional,Teusaquillo,11.7,2.16,Eléctrica,Ocasional,Despejado,15.0,0.0,Sí
V003082,2026-03-23 19:57:11,Parque Nacional,Santa Fe,Hacienda Santa Bárbara,Usaquén,16.9,4.22,Eléctrica,Ocasional,Nublado,18.2,0.0,No
V000115,2026-04-06 17:01:07,Corferias,Teusaquillo,Simón Bolívar Sur,Teusaquillo,13.6,2.25,Mecánica,Ocasional,Lluvia,16.2,3.2,No
V002719,2026-03-01 02:55:24,Corferias,Teusaquillo,Hacienda Santa Bárbara,Usaquén,16.2,3.4,Eléctrica,Ocasional,Nublado,16.6,0.0,Sí
V002793,2026-04-24 17:44:34,Simón Bolívar Norte,Barrios Unidos,Parque El Virrey Norte,Usaquén,8.8,2.11,Eléctrica,Suscriptor,Despejado,16.7,0.0,No
V001586,2026-04-25 12:14:41,Simón Bolívar Sur,Teusaquillo,Parkway,Teusaquillo,30.7,6.8,Mecánica,Suscriptor,Nublado,20.3,0.0,Sí
V001568,2026-04-03 06:07:52,Centro Internacional,Santa Fe,Museo Nacional,Santa Fe,12.8,3.11,Mecánica,Suscriptor,Despejado,19.1,0.0,No
V001502,2026-02-14 08:53:19,Parque de los Hippies,Chapinero,Calle 63,Chapinero,14.9,2.36,Mecánica,Suscriptor,Nublado,17.0,0.0,Sí
V001661,2026-03-31 07:25:29,Universidad Nacional,Teusaquillo,Las Nieves,Santa Fe,11.5,3.34,Eléctrica,Suscriptor,Despejado,15.6,0.0,No
V001557,2026-04-29 09:26:20,Universidad Nacional,Teusaquillo,Galerías,Teusaquillo,17.6,2.78,Mecánica,Suscriptor,Nublado,19.3,0.0,No
V002008,2026-05-11 09:37:03,Universidad Nacional,Teusaquillo,Universidad Nacional,Teusaquillo,3.0,0.7,Eléctrica,Ocasional,Despejado,14.0,0.0,No
V000626,2026-04-02 09:15:44,Unicentro,Usaquén,Calle 100,Usaquén,27.3,6.49,Mecánica,Ocasional,Despejado,13.8,0.0,No
V001886,2026-03-15 09:56:18,Parque Nacional,Santa Fe,Las Nieves,Santa Fe,12.3,2.54,Mecánica,Suscriptor,Lluvia,15.7,9.1,Sí
V001867,2026-03-07 05:43:42,Universidades Centro,La Candelaria,Universidades Centro,La Candelaria,5.0,0.7,Eléctrica,Suscriptor,Despejado,12.8,0.0,Sí
V000953,2026-04-11 17:30:34,Universidad Nacional,Teusaquillo,Corferias,Teusaquillo,10.2,1.66,Eléctrica,Suscriptor,Nublado,18.5,0.0,Sí
V002307,2026-02-21 10:23:34,Centro Internacional,Santa Fe,Parque Nacional,Santa Fe,5.6,1.11,Mecánica,Suscriptor,Lluvia ligera,12.9,1.6,Sí
V000625,2026-03-04 00:20:03,Corferias,Teusaquillo,Galerías,Teusaquillo,16.8,2.87,Mecánica,Suscriptor,Despejado,14.1,0.0,No
V000235,2026-04-25 17:47:20,Simón Bolívar Sur,Teusaquillo,Universidad Nacional,Teusaquillo,8.2,1.33,Mecánica,Ocasional,Despejado,17.1,0.0,Sí
V002184,2026-02-19 04:06:16,Parque de los Novios,Barrios Unidos,Calle 80,Barrios Unidos,10.7,1.91,Mecánica,Suscriptor,Nublado,13.8,0.0,No
V002665,2026-03-19 12:36:11,Galerías,Teusaquillo,Galerías,Teusaquillo,16.5,3.42,Eléctrica,Suscriptor,Despejado,16.8,0.0,No
V002035,2026-03-05 17:04:23,Parque de la 93,Chapinero,Universidad Nacional,Teusaquillo,26.4,4.82,Mecánica,,Despejado,16.9,0.0,No
V001827,2026-03-10 19:19:44,Museo Nacional,Santa Fe,Centro Internacional,Santa Fe,10.1,1.28,Mecánica,Suscriptor,Despejado,15.2,0.0,No
V003037,2026-03-05 17:38:24,Corferias,Teusaquillo,Simón Bolívar Sur,Teusaquillo,13.5,2.69,Eléctrica,Suscriptor,Despejado,20.4,0.0,No
V002641,2026-05-09 05:10:59,Calle 80,Barrios Unidos,Calle 80,Barrios Unidos,14.7,2.76,Eléctrica,Ocasional,Despejado,16.9,0.0,Sí
V001315,2026-05-31 08:56:02,Zona G,Chapinero,Universidad Javeriana,Chapinero,15.7,4.27,Eléctrica,Suscriptor,Despejado,17.2,0.0,Sí
V001526,2026-05-22 07:58:13,Museo Nacional,Santa Fe,Centro Internacional,Santa Fe,5.8,1.29,Eléctrica,Suscriptor,Nublado,20.5,0.0,No
V001563,2026-03-11 18:50:44,Museo Nacional,Santa Fe,Calle 72,Chapinero,18.5,4.16,Eléctrica,Ocasional,Nublado,18.0,0.0,No
V001753,2026-04-21 18:59:34,Simón Bolívar Sur,Teusaquillo,Galerías,Teusaquillo,15.9,1.92,Mecánica,Suscriptor,Lluvia,19.4,6.6,No
V001606,2026-04-29 07:29:52,Museo Nacional,Santa Fe,Museo Nacional,Santa Fe,9.0,1.7,Mecánica,Suscriptor,Despejado,21.4,0.0,No
V000344,2026-02-07 01:10:21,Calle 80,Barrios Unidos,Centro Internacional,Santa Fe,10.5,2.4,Mecánica,Suscriptor,Lluvia ligera,12.5,1.0,Sí
V003177,2026-05-23 16:46:06,Parque de los Hippies,Chapinero,Parque de los Novios,Barrios Unidos,12.7,2.57,Mecánica,Suscriptor,Despejado,17.3,0.0,Sí
V002342,2026-02-04 16:25:23,Simón Bolívar Sur,Teusaquillo,Parkway,Teusaquillo,10.8,2.04,Mecánica,Ocasional,Lluvia,17.3,10.9,No
V002413,2026-04-06 17:53:16,Universidad Nacional,Teusaquillo,Simón Bolívar Sur,Teusaquillo,21.7,2.69,Eléctrica,Suscriptor,Despejado,18.7,0.0,No
V002227,2026-02-23 07:00:00,Plaza de Bolívar,La Candelaria,Corferias,Teusaquillo,9.5,2.35,Eléctrica,Suscriptor,Despejado,19.3,0.0,No
V002708,2026-03-13 19:54:46,Calle 72,Chapinero,Zona G,Chapinero,13.6,2.8,Eléctrica,Suscriptor,Despejado,18.8,0.0,No
V000997,2026-03-06 00:44:51,Parque de los Hippies,Chapinero,Calle 72,Chapinero,14.9,3.88,Eléctrica,Suscriptor,Despejado,10.7,0.0,No
V002063,2026-04-08 06:22:14,Calle 100,Usaquén,Museo Nacional,Santa Fe,27.8,8.06,Eléctrica,Suscriptor,Despejado,18.2,0.0,No
V001111,2026-04-13 18:45:41,Parkway,Teusaquillo,Universidad Nacional,Teusaquillo,13.5,3.24,Eléctrica,Suscriptor,Lluvia,19.3,11.9,No
V002214,2026-05-13 08:27:18,Calle 80,Barrios Unidos,Simón Bolívar Norte,Barrios Unidos,10.7,2.55,Eléctrica,Ocasional,Nublado,,0.0,No
V001360,2026-04-27 07:24:36,Calle 80,Barrios Unidos,Calle 80,Barrios Unidos,5.2,1.26,Eléctrica,Suscriptor,Nublado,15.5,0.0,No
V002108,2026-04-21 19:57:23,Calle 80,Barrios Unidos,Parque El Virrey Norte,Usaquén,7.8,1.95,Mecánica,Suscriptor,Despejado,16.2,0.0,No
V000710,2026-05-21 09:15:44,Corferias,Teusaquillo,Corferias,Teusaquillo,9.2,1.84,Mecánica,Suscriptor,Nublado,16.1,0.0,No
V001879,2026-04-26 15:16:42,San Felipe,Barrios Unidos,Parque de los Novios,Barrios Unidos,21.4,4.8,Eléctrica,Suscriptor,Nublado,15.0,0.0,Sí
V002725,2026-05-12 02:06:07,Parque de los Novios,Barrios Unidos,Parque de los Novios,Barrios Unidos,12.3,2.29,Eléctrica,Suscriptor,Lluvia ligera,18.3,1.4,No
V001379,2026-05-17 00:09:40,San Felipe,Barrios Unidos,San Felipe,Barrios Unidos,3.1,0.7,Eléctrica,Suscriptor,Lluvia,17.3,4.3,Sí
V000425,2026-04-06 17:34:46,Simón Bolívar Sur,Teusaquillo,Parque Nacional,Santa Fe,25.0,4.37,Mecánica,Suscriptor,Nublado,19.1,0.0,No
V000293,2026-04-11 17:36:18,Universidades Centro,La Candelaria,Parque de la 93,Chapinero,13.7,2.5,Eléctrica,Suscriptor,Despejado,18.1,0.0,Sí
V001066,2026-03-26 17:27:57,Parque de la 93,Chapinero,Calle 72,Chapinero,22.7,5.16,Mecánica,Suscriptor,Despejado,12.9,0.0,No
V002378,2026-03-23 19:48:45,Calle 80,Barrios Unidos,Calle 80,Barrios Unidos,12.3,1.9,Mecánica,Suscriptor,Nublado,13.3,0.0,No
V001639,2026-02-18 00:43:26,Calle 72,Chapinero,Las Nieves,Santa Fe,9.5,2.13,Eléctrica,Ocasional,Despejado,14.5,0.0,No
V002478,2026-03-15 08:57:12,Plaza de Bolívar,La Candelaria,Parque Nacional,Santa Fe,23.5,5.41,Mecánica,Suscriptor,Nublado,15.0,0.0,Sí
V001013,2026-04-14 17:56:24,Universidad Javeriana,Chapinero,Zona G,Chapinero,6.3,1.06,Mecánica,Ocasional,Despejado,20.6,0.0,No
V002128,2026-04-03 14:11:10,Calle 116,Usaquén,Unicentro,Usaquén,29.2,5.64,Mecánica,Suscriptor,Lluvia ligera,16.7,2.3,No
V001718,2026-03-20 07:40:57,Centro Internacional,Santa Fe,Las Aguas,La Candelaria,11.2,2.03,Mecánica,Suscriptor,Despejado,19.4,0.0,No
V000938,2026-02-24 18:00:03,Parque de los Hippies,Chapinero,Las Aguas,La Candelaria,11.6,2.47,Mecánica,Suscriptor,Nublado,15.4,0.0,No
V000835,2026-04-11 13:26:20,Parque de los Novios,Barrios Unidos,San Felipe,Barrios Unidos,10.9,2.77,Eléctrica,Ocasional,Nublado,18.3,0.0,Sí
V002798,2026-04-24 18:31:24,Calle 72,Chapinero,Museo Nacional,Santa Fe,22.6,3.88,Mecánica,Suscriptor,Despejado,19.5,0.0,No
V000255,2026-04-22 08:53:30,Simón Bolívar Sur,Teusaquillo,Galerías,Teusaquillo,6.7,1.22,Mecánica,Ocasional,Despejado,16.5,0.0,No
V001483,2026-03-24 07:34:23,San Felipe,Barrios Unidos,Calle 80,Barrios Unidos,9.1,2.58,Eléctrica,Ocasional,Despejado,14.2,0.0,No
V003173,2026-03-30 02:10:00,Unicentro,Usaquén,Calle 116,Usaquén,15.4,2.65,Mecánica,Suscriptor,Lluvia,15.6,3.8,No
V001408,2026-04-23 21:48:26,Calle 63,Chapinero,Calle 72,Chapinero,3.7,0.81,Eléctrica,Suscriptor,Despejado,19.0,0.0,No
V003106,2026-05-22 08:22:23,Corferias,Teusaquillo,,Chapinero,8.8,2.13,Mecánica,Suscriptor,Nublado,15.7,0.0,No
V002185,2026-03-08 01:54:47,Parkway,Teusaquillo,Galerías,Teusaquillo,16.8,3.48,Eléctrica,Suscriptor,Lluvia,14.4,10.3,Sí
V000724,2026-05-09 05:51:49,Calle 63,Chapinero,Parque de los Hippies,Chapinero,7.0,1.69,Eléctrica,Ocasional,Lluvia ligera,16.5,2.1,Sí
V000970,2026-02-01 03:11:07,Parque de los Novios,Barrios Unidos,San Felipe,Barrios Unidos,6.8,1.57,Eléctrica,Suscriptor,Despejado,15.8,0.0,Sí
V000497,2026-02-28 17:24:01,Simón Bolívar Norte,Barrios Unidos,Parque de los Novios,Barrios Unidos,16.0,2.75,Eléctrica,Suscriptor,Lluvia,16.5,8.2,Sí
V000951,2026-04-23 08:12:41,San Felipe,Barrios Unidos,Simón Bolívar Norte,Barrios Unidos,9.1,1.57,Mecánica,Ocasional,Despejado,16.4,0.0,No
V000806,2026-04-16 13:18:34,Parque Nacional,Santa Fe,Parque Nacional,Santa Fe,7.3,1.45,Eléctrica,Suscriptor,Despejado,14.5,0.0,No
V001830,2026-03-10 08:01:46,Zona G,Chapinero,Parque de los Hippies,Chapinero,7.5,1.47,Mecánica,Suscriptor,Nublado,15.8,0.0,No
V002178,2026-02-07 23:07:48,Simón Bolívar Norte,Barrios Unidos,Calle 116,Usaquén,10.4,1.78,Mecánica,Suscriptor,Despejado,17.0,0.0,Sí
V001740,2026-04-26 12:07:57,Universidad Javeriana,Chapinero,Universidad Javeriana,Chapinero,8.8,1.32,Mecánica,Suscriptor,Nublado,17.5,0.0,Sí
V000338,2026-03-06 20:02:46,Las Nieves,Santa Fe,Museo Nacional,Santa Fe,9.1,2.23,Eléctrica,Ocasional,Nublado,13.7,0.0,No
V000731,2026-02-16 17:17:09,Calle 116,Usaquén,Parque El Virrey Norte,Usaquén,19.7,4.52,Mecánica,Ocasional,Despejado,11.1,0.0,No
V000609,2026-03-30 19:36:38,Parque de los Novios,Barrios Unidos,Parque de los Hippies,Chapinero,17.5,4.24,Eléctrica,Suscriptor,Lluvia ligera,16.2,0.8,No
V001149,2026-05-05 13:57:18,Universidad Javeriana,Chapinero,Las Aguas,La Candelaria,19.9,4.38,Mecánica,Suscriptor,Nublado,16.2,0.0,No
V002244,2026-05-06 08:25:31,Chorro de Quevedo,La Candelaria,Plaza de Bolívar,La Candelaria,6.7,1.12,Eléctrica,Ocasional,Nublado,12.9,0.0,No
V001714,2026-02-25 18:32:06,Parque de la 93,Chapinero,Parque de la 93,Chapinero,10.3,1.81,Mecánica,Ocasional,Despejado,12.4,0.0,No
V003187,2026-02-05 09:11:16,San Felipe,Barrios Unidos,Galerías,Teusaquillo,21.0,4.46,Eléctrica,Ocasional,Despejado,13.1,0.0,No
V000910,2026-05-18 03:09:02,Unicentro,Usaquén,Calle 116,Usaquén,16.3,2.53,Mecánica,Suscriptor,Nublado,15.5,0.0,No
V002633,2026-03-20 08:30:02,Corferias,Teusaquillo,Parkway,Teusaquillo,4.2,0.7,Mecánica,Ocasional,Nublado,17.6,0.0,No
V002152,2026-03-10 00:00:00,Calle 63,Chapinero,Zona G,Chapinero,13.5,2.89,Eléctrica,Ocasional,Nublado,17.2,0.0,No
V002011,2026-03-08 18:42:22,Parque Nacional,Santa Fe,Parque Nacional,Santa Fe,5.7,1.16,Eléctrica,Suscriptor,Despejado,16.6,0.0,Sí
V002492,2026-02-20 02:37:10,Chorro de Quevedo,La Candelaria,Las Aguas,La Candelaria,10.6,2.47,electrica,Suscriptor,Despejado,14.7,0.0,No
V001811,2026-05-31 05:17:25,San Felipe,Barrios Unidos,Simón Bolívar Norte,Barrios Unidos,2.8,0.71,Eléctrica,Suscriptor,Despejado,18.2,0.0,Sí
V001995,2026-04-22 18:21:58,Calle 72,Chapinero,Centro Internacional,Santa Fe,9.7,2.1,Eléctrica,Suscriptor,Nublado,19.2,0.0,No
V000720,2026-03-13 05:25:36,Calle 80,Barrios Unidos,Parque de los Novios,Barrios Unidos,7.4,1.29,Mecánica,Suscriptor,Lluvia ligera,13.6,1.4,No
V002825,2026-02-25 11:46:42,Parque de los Novios,Barrios Unidos,Museo Nacional,Santa Fe,19.2,3.82,Mecánica,Suscriptor,Despejado,14.4,0.0,No
V001570,2026-04-30 09:35:59,Parque Nacional,Santa Fe,Simón Bolívar Sur,Teusaquillo,12.6,2.09,Mecánica,Ocasional,Lluvia,16.0,4.4,No
V002276,2026-02-24 19:54:12,Galerías,Teusaquillo,Parque Nacional,Santa Fe,12.4,2.19,Eléctrica,Suscriptor,Nublado,15.5,0.0,No
V000435,2026-05-16 19:30:50,Parque El Virrey Norte,Usaquén,Calle 100,Usaquén,22.5,3.92,Mecánica,Suscriptor,Despejado,17.6,0.0,Sí
V001300,2026-03-13 21:57:05,Unicentro,Usaquén,San Felipe,Barrios Unidos,34.5,6.81,Mecánica,Suscriptor,Nublado,16.3,0.0,No
V002175,2026-04-03 06:32:11,Universidad Javeriana,Chapinero,Zona G,Chapinero,26.8,5.14,Mecánica,Ocasional,Despejado,14.3,0.0,No
V000406,2026-04-27 19:04:30,Galerías,Teusaquillo,Parkway,Teusaquillo,11.6,2.14,Mecánica,Ocasional,Despejado,,0.0,No
V002824,2026-04-17 17:08:07,Corferias,Teusaquillo,Simón Bolívar Sur,Teusaquillo,23.0,3.53,Eléctrica,Ocasional,Nublado,20.8,0.0,No
V000822,2026-02-28 00:52:55,Parkway,Teusaquillo,Simón Bolívar Sur,Teusaquillo,10.3,1.66,Eléctrica,Suscriptor,Despejado,18.5,0.0,Sí
V002760,2026-02-14 16:49:27,Las Aguas,La Candelaria,Las Aguas,La Candelaria,8.3,1.66,Mecánica,Ocasional,Despejado,16.0,0.0,Sí
V001790,2026-03-19 22:51:19,Universidades Centro,La Candelaria,Universidades Centro,La Candelaria,5.4,1.49,Eléctrica,Suscriptor,Lluvia,14.6,2.7,No
V003108,2026-05-25 09:26:18,Plaza de Bolívar,La Candelaria,Chorro de Quevedo,La Candelaria,11.1,,Mecánica,Ocasional,Lluvia,17.3,10.1,No
V002352,2026-03-08 19:01:45,Simón Bolívar Sur,Teusaquillo,Galerías,Teusaquillo,21.8,4.13,Eléctrica,Suscriptor,Nublado,15.7,0.0,Sí
V002316,2026-05-10 18:08:31,Zona G,Chapinero,Zona G,Chapinero,7.6,,Eléctrica,Suscriptor,Despejado,16.4,0.0,Sí
V001859,2026-03-19 07:11:39,Universidades Centro,La Candelaria,Universidades Centro,La Candelaria,0.5,2.05,Mecánica,Suscriptor,Nublado,16.8,0.0,No
V001558,2026-04-06 08:13:47,Unicentro,Usaquén,Parque El Virrey Norte,Usaquén,13.6,2.6,Mecánica,Suscriptor,Despejado,16.1,0.0,No
V000546,2026-03-29 08:29:09,Museo Nacional,Santa Fe,Museo Nacional,Santa Fe,9.6,2.97,Eléctrica,Suscriptor,Despejado,19.6,0.0,Sí
V000213,2026-02-10 18:16:55,Las Nieves,Santa Fe,Parque Nacional,Santa Fe,12.0,2.3,Eléctrica,Suscriptor,Nublado,13.2,0.0,No
V000897,2026-02-03 17:15:02,Museo Nacional,Santa Fe,Museo Nacional,Santa Fe,7.1,1.36,Mecánica,Suscriptor,Despejado,16.4,0.0,No
V001942,2026-04-03 13:03:53,Plaza de Bolívar,La Candelaria,Calle 63,Chapinero,15.3,3.45,Eléctrica,Suscriptor,Nublado,16.1,0.0,No
V001892,2026-03-21 02:58:41,Centro Internacional,Santa Fe,Parque Nacional,Santa Fe,14.9,2.89,Mecánica,Suscriptor,Nublado,18.8,0.0,Sí
V000917,2026-05-12 07:26:44,Parque de los Hippies,Chapinero,Zona G,Chapinero,10.8,1.97,Mecánica,Suscriptor,Despejado,18.1,0.0,No
V002724,2026-03-07 21:08:59,Las Nieves,Santa Fe,Corferias,Teusaquillo,13.9,2.28,Mecánica,Suscriptor,Nublado,17.5,0.0,Sí
V001290,2026-05-26 02:46:54,San Felipe,Barrios Unidos,Calle 80,Barrios Unidos,18.9,4.53,Mecánica,Suscriptor,Lluvia ligera,19.9,1.7,No
V000815,2026-04-27 16:55:02,Chorro de Quevedo,La Candelaria,Museo Nacional,Santa Fe,29.3,7.9,Eléctrica,Suscriptor,Lluvia ligera,18.5,0.4,No
V001266,2026-04-06 09:11:43,Calle 80,Barrios Unidos,Simón Bolívar Norte,Barrios Unidos,6.1,1.63,Eléctrica,Suscriptor,Nublado,14.6,0.0,No
V000343,2026-02-09 10:05:44,Parque Nacional,Santa Fe,Simón Bolívar Sur,Teusaquillo,22.3,4.78,Mecánica,Suscriptor,Nublado,16.4,0.0,No
V002598,2026-04-22 13:32:36,Universidad Nacional,Teusaquillo,Parque de la 93,Chapinero,9.8,2.38,Mecánica,Suscriptor,Nublado,15.8,0.0,No
V001411,2026-04-03 19:41:18,Simón Bolívar Norte,Barrios Unidos,Calle 80,Barrios Unidos,6.4,1.43,Eléctrica,Suscriptor,Despejado,19.0,0.0,No
V001215,2026-02-15 08:50:45,San Felipe,Barrios Unidos,Calle 80,Barrios Unidos,12.8,3.46,Mecánica,Suscriptor,Nublado,17.5,0.0,Sí
V000967,2026-05-07 05:35:57,Chorro de Quevedo,La Candelaria,Las Aguas,La Candelaria,13.7,2.52,Mecánica,Ocasional,Nublado,23.2,0.0,No
V001231,2026-02-13 17:07:14,Parque de los Novios,Barrios Unidos,Calle 63,Chapinero,13.6,2.53,Eléctrica,Suscriptor,Lluvia,13.0,3.6,No
V002344,2026-05-15 18:38:20,San Felipe,Barrios Unidos,Parque de los Novios,Barrios Unidos,6.3,1.72,Eléctrica,Suscriptor,Lluvia,17.3,9.2,No
V000696,2026-05-06 09:11:58,Calle 63,Chapinero,Parque de la 93,Chapinero,17.1,2.39,Mecánica,Suscriptor,Despejado,16.2,0.0,No
V002122,2026-02-11 14:47:29,Simón Bolívar Sur,Teusaquillo,Universidad Nacional,Teusaquillo,20.2,3.16,Mecánica,Ocasional,Despejado,19.0,0.0,No
V000606,2026-04-23 17:56:53,Universidad Nacional,Teusaquillo,Parkway,Teusaquillo,18.4,3.13,Mecánica,Suscriptor,Nublado,18.2,0.0,No
V000105,2026-03-03 00:16:14,Centro Internacional,Santa Fe,Simón Bolívar Sur,Teusaquillo,18.3,4.46,Eléctrica,Suscriptor,Despejado,18.3,0.0,No
V000646,2026-04-16 06:29:03,Universidades Centro,La Candelaria,Chorro de Quevedo,La Candelaria,10.1,1.99,Eléctrica,Suscriptor,Nublado,18.1,0.0,No
V001405,2026-05-11 17:31:49,Chorro de Quevedo,La Candelaria,Calle 72,Chapinero,11.9,2.97,Eléctrica,Ocasional,Despejado,13.2,0.0,No
V000495,2026-03-26 09:40:50,Parque de la 93,Chapinero,Universidades Centro,La Candelaria,6.5,1.25,Eléctrica,Suscriptor,Lluvia,19.0,3.0,No
V002488,2026-04-16 05:58:39,Calle 72,Chapinero,Calle 72,Chapinero,3.3,0.7,Mecánica,Suscriptor,Nublado,17.3,0.0,No
V001020,2026-03-18 18:10:17,San Felipe,Barrios Unidos,Parque de la 93,Chapinero,13.4,3.18,Eléctrica,Suscriptor,Nublado,14.4,0.0,No
V000092,2026-03-24 08:30:01,Museo Nacional,Santa Fe,Parque Nacional,Santa Fe,16.9,3.71,Mecánica,Suscriptor,Lluvia ligera,17.9,2.5,No
V001113,2026-02-21 23:50:42,Parque de los Novios,Barrios Unidos,Parque de los Novios,Barrios Unidos,12.2,2.98,Mecánica,Suscriptor,Despejado,12.5,0.0,Sí
V002992,2026-03-05 22:56:29,Unicentro,Usaquén,Hacienda Santa Bárbara,Usaquén,10.5,1.94,Eléctrica,Suscriptor,Nublado,16.1,0.0,No
V000909,2026-05-02 19:23:37,Calle 80,Barrios Unidos,Simón Bolívar Norte,Barrios Unidos,9.6,1.71,Mecánica,Suscriptor,Despejado,18.3,0.0,Sí
V001475,2026-03-10 19:01:44,Galerías,Teusaquillo,Corferias,Teusaquillo,14.7,2.79,Mecánica,Suscriptor,Despejado,16.7,0.0,No
V001742,2026-04-11 08:53:26,Parque Nacional,Santa Fe,Centro Internacional,Santa Fe,17.6,2.75,Mecánica,Suscriptor,Nublado,16.8,0.0,Sí
V002151,2026-05-07 09:07:14,San Felipe,Barrios Unidos,San Felipe,Barrios Unidos,11.7,2.14,Mecánica,Suscriptor,Despejado,17.3,0.0,No
V000239,2026-03-08 17:37:27,Unicentro,Usaquén,Calle 72,Chapinero,13.1,2.92,Eléctrica,Suscriptor,Nublado,18.1,0.0,Sí
V000943,2026-02-09 06:58:45,Las Nieves,Santa Fe,Museo Nacional,Santa Fe,16.7,2.98,Eléctrica,Suscriptor,Despejado,14.4,0.0,No
V001271,2026-02-07 01:22:32,Universidad Nacional,Teusaquillo,Simón Bolívar Sur,Teusaquillo,6.6,1.55,Eléctrica,Ocasional,Lluvia ligera,17.3,0.8,Sí
V000939,2026-03-11 11:22:00,Parque Nacional,Santa Fe,Parque Nacional,Santa Fe,12.3,3.25,Eléctrica,Ocasional,Nublado,16.3,0.0,No
V001425,2026-04-28 09:07:39,Galerías,Teusaquillo,Simón Bolívar Sur,Teusaquillo,8.5,1.9,Mecánica,Ocasional,Despejado,18.5,0.0,No
V001863,2026-05-20 18:15:12,Universidad Javeriana,Chapinero,Parque de los Hippies,Chapinero,11.6,2.49,Eléctrica,Ocasional,Lluvia,17.1,5.1,No
V001670,2026-04-06 07:51:58,Parque de la 93,Chapinero,Calle 63,Chapinero,7.8,1.72,Eléctrica,Suscriptor,Nublado,18.8,0.0,No
V000006,2026-05-17 08:26:14,Calle 100,Usaquén,Calle 116,Usaquén,13.8,2.41,Mecánica,Suscriptor,Lluvia ligera,19.7,2.0,Sí
V000248,2026-02-11 00:31:41,Unicentro,Usaquén,Unicentro,Usaquén,16.7,3.03,Mecánica,Suscriptor,Nublado,15.5,0.0,No
V000019,2026-05-30 18:40:10,Galerías,Teusaquillo,Universidad Nacional,Teusaquillo,26.1,6.13,Eléctrica,Suscriptor,Nublado,15.0,0.0,Sí
V002170,2026-04-03 19:45:33,Calle 116,Usaquén,Parque El Virrey Norte,Usaquén,10.9,2.02,Eléctrica,Ocasional,Nublado,15.4,0.0,No
V001971,2026-05-19 13:12:25,Corferias,Teusaquillo,Galerías,Teusaquillo,21.6,5.76,Eléctrica,Suscriptor,Despejado,16.1,0.0,No
V002710,2026-03-31 01:54:55,San Felipe,Barrios Unidos,Unicentro,Usaquén,24.0,2.96,Mecánica,Ocasional,Nublado,19.8,0.0,No
V002233,2026-02-06 08:13:30,Universidad Nacional,Teusaquillo,Parkway,Teusaquillo,10.0,2.04,Eléctrica,Suscriptor,Nublado,16.9,0.0,No
V002323,2026-05-06 09:01:50,Galerías,Teusaquillo,Galerías,Teusaquillo,9.4,1.77,Mecánica,Ocasional,Nublado,15.6,0.0,No
V002482,2026-02-17 18:08:48,Las Nieves,Santa Fe,Calle 100,Usaquén,12.4,2.15,Eléctrica,Ocasional,Despejado,13.4,0.0,No
V000812,2026-04-30 19:16:19,Calle 72,Chapinero,Calle 116,Usaquén,7.2,1.08,Mecánica,Suscriptor,Nublado,14.2,0.0,No
V001301,2026-02-05 08:36:22,Parque Nacional,Santa Fe,Centro Internacional,Santa Fe,7.7,1.86,Eléctrica,Suscriptor,Nublado,14.1,0.0,No
V001336,2026-02-27 18:54:55,Calle 63,Chapinero,Universidad Javeriana,Chapinero,7.3,1.74,Eléctrica,Ocasional,Despejado,20.7,0.0,No
V003093,2026-05-12 18:32:48,Simón Bolívar Sur,Teusaquillo,Universidad Nacional,Teusaquillo,19.7,3.99,Eléctrica,Suscriptor,Nublado,15.8,0.0,No
V000261,2026-05-24 14:38:19,Galerías,Teusaquillo,Simón Bolívar Sur,Teusaquillo,15.4,2.07,Mecánica,Suscriptor,Despejado,15.7,0.0,Sí
V001805,2026-02-13 02:44:46,Parque de los Hippies,Chapinero,Chorro de Quevedo,La Candelaria,11.0,1.63,Mecánica,Suscriptor,Nublado,15.7,0.0,No
V001571,2026-02-08 08:15:59,Calle 63,Chapinero,Parque de los Hippies,Chapinero,7.6,1.58,Eléctrica,Suscriptor,Despejado,15.7,0.0,Sí
V002230,2026-03-31 18:28:56,Las Nieves,Santa Fe,Centro Internacional,Santa Fe,15.0,3.6,Mecánica,Suscriptor,Nublado,17.4,0.0,No
V000185,2026-03-02 18:27:11,Calle 72,Chapinero,Universidades Centro,La Candelaria,19.7,2.81,Mecánica,Ocasional,Lluvia ligera,12.5,0.5,No
V002455,2026-04-11 21:17:55,Calle 63,Chapinero,Parque de la 93,Chapinero,16.4,3.64,Mecánica,Suscriptor,Lluvia ligera,16.4,1.6,Sí
V001744,2026-02-14 22:21:38,Parque Nacional,Santa Fe,Parque El Virrey Norte,Usaquén,20.4,4.1,Eléctrica,Suscriptor,Despejado,14.2,0.0,Sí
V002914,2026-04-24 18:24:09,Parque de los Novios,Barrios Unidos,Simón Bolívar Norte,Barrios Unidos,7.3,1.97,Eléctrica,Suscriptor,Lluvia,17.3,11.2,No
V001631,2026-03-19 04:35:36,Simón Bolívar Sur,Teusaquillo,Unicentro,Usaquén,15.9,,Mecánica,Suscriptor,Despejado,17.8,0.0,No
V001717,2026-04-19 19:56:24,Simón Bolívar Sur,Teusaquillo,Corferias,Teusaquillo,11.1,2.5,Eléctrica,Ocasional,Despejado,17.9,0.0,Sí
V000521,2026-02-25 18:56:53,Calle 100,Usaquén,Calle 72,Chapinero,33.5,6.99,Mecánica,Suscriptor,Nublado,16.3,0.0,No
V002429,2026-05-12 10:23:12,Parque de los Novios,Barrios Unidos,Unicentro,Usaquén,10.8,2.69,Eléctrica,Suscriptor,Despejado,16.9,0.0,No
V002017,2026-03-10 04:40:34,Parque de los Novios,Barrios Unidos,Simón Bolívar Norte,Barrios Unidos,23.7,4.18,Mecánica,Suscriptor,Despejado,17.0,0.0,No
V001659,2026-03-14 05:33:59,Parque de la 93,Chapinero,Calle 63,Chapinero,11.3,2.09,Mecánica,Suscriptor,Despejado,18.9,0.0,Sí
V001613,2026-04-29 17:03:56,Parque Nacional,Santa Fe,Centro Internacional,Santa Fe,7.1,1.31,Eléctrica,Ocasional,Lluvia,18.8,11.2,No
V002476,2026-05-03 23:52:22,Centro Internacional,Santa Fe,Centro Internacional,Santa Fe,9.5,1.36,Eléctrica,Suscriptor,Lluvia,16.3,5.1,Sí
V002127,2026-03-13 08:55:56,Parkway,Teusaquillo,Galerías,Teusaquillo,11.4,1.96,Mecánica,Ocasional,Despejado,14.7,0.0,No
V003184,2026-03-19 18:10:20,San Felipe,Barrios Unidos,Hacienda Santa Bárbara,Usaquén,12.2,3.34,Eléctrica,Ocasional,Nublado,13.5,0.0,No
V000608,2026-03-29 05:00:49,Corferias,Teusaquillo,Parkway,Teusaquillo,8.7,1.4,Mecánica,Ocasional,Despejado,17.4,0.0,Sí
V000231,2026-05-22 09:58:18,Galerías,Teusaquillo,Calle 100,Usaquén,13.0,2.87,Mecánica,Ocasional,Nublado,19.4,0.0,No
V000332,2026-05-25 20:44:35,Parque de la 93,Chapinero,Zona G,Chapinero,15.8,2.54,Mecánica,Ocasional,Despejado,15.3,0.0,No
V001441,2026-04-23 09:40:15,Calle 80,Barrios Unidos,Parque de los Novios,Barrios Unidos,6.0,1.25,Eléctrica,Suscriptor,Despejado,16.2,0.0,No
V001928,2026-05-04 17:22:26,Simón Bolívar Sur,Teusaquillo,Parkway,Teusaquillo,6.0,1.01,Mecánica,Suscriptor,Nublado,18.0,0.0,No
V001092,2026-02-28 07:20:55,Corferias,Teusaquillo,Universidades Centro,La Candelaria,23.8,5.98,Eléctrica,Suscriptor,Despejado,17.1,0.0,Sí
V001102,2026-03-16 09:44:56,Universidad Nacional,Teusaquillo,Las Aguas,La Candelaria,18.0,3.16,Mecánica,Suscriptor,Despejado,12.2,0.0,No
V001130,2026-02-20 09:52:11,Universidad Javeriana,Chapinero,Parque El Virrey Norte,Usaquén,13.3,0.05,Eléctrica,Suscriptor,Despejado,15.0,0.0,No
V000462,2026-03-19 18:19:07,Plaza de Bolívar,La Candelaria,Galerías,Teusaquillo,18.0,4.27,Mecánica,,Nublado,20.3,0.0,No
V000959,2026-02-20 07:15:42,Zona G,Chapinero,Parque Nacional,Santa Fe,18.7,3.93,Mecánica,Suscriptor,Lluvia ligera,16.2,1.4,No
V001663,2026-05-22 08:39:01,Las Nieves,Santa Fe,Centro Internacional,Santa Fe,9.7,1.73,Mecánica,Ocasional,Lluvia ligera,20.5,0.8,No
V000560,2026-04-17 00:30:57,Chorro de Quevedo,La Candelaria,Museo Nacional,Santa Fe,18.5,2.98,Mecánica,Suscriptor,Despejado,16.4,0.0,No
V002895,2026-04-18 07:43:38,Parkway,Teusaquillo,Simón Bolívar Norte,Barrios Unidos,14.9,2.4,Mecánica,Suscriptor,Despejado,18.6,0.0,Sí
V002739,2026-05-19 23:25:41,Parque de los Novios,Barrios Unidos,Universidad Javeriana,Chapinero,19.1,4.0,Mecánica,Suscriptor,Despejado,16.5,0.0,No
V003000,2026-02-17 07:43:26,Calle 80,Barrios Unidos,Calle 80,Barrios Unidos,8.9,1.72,Eléctrica,Suscriptor,Nublado,13.1,0.0,No
V001520,2026-05-19 08:32:35,Parque de los Novios,Barrios Unidos,Calle 80,Barrios Unidos,12.0,1.76,Mecánica,Suscriptor,Despejado,18.8,0.0,No
V002141,2026-02-26 22:12:02,Universidad Javeriana,Chapinero ,Universidad Javeriana,Chapinero,4.9,1.29,Eléctrica,Ocasional,Despejado,17.6,0.0,No
V003091,2026-03-03 18:08:34,Universidades Centro,La Candelaria,Plaza de Bolívar,La Candelaria,8.1,1.45,Mecánica,Suscriptor,Despejado,15.2,0.0,No
V002033,2026-02-17 12:09:22,Universidad Javeriana,Chapinero,Parque de la 93,Chapinero,14.5,3.32,Mecánica,Suscriptor,Despejado,16.4,0.0,No
V002485,2026-05-11 19:39:21,Museo Nacional,Santa Fe,Centro Internacional,Santa Fe,15.0,2.15,Mecánica,Ocasional,Despejado,17.1,0.0,No
V002539,2026-05-22 09:56:21,Centro Internacional,Santa Fe,Calle 116,Usaquén,13.5,2.25,Mecánica,Suscriptor,Nublado,15.2,0.0,No
V002123,2026-05-19 19:24:19,Las Aguas,La Candelaria,Chorro de Quevedo,La Candelaria,8.0,1.69,Eléctrica,Suscriptor,Lluvia ligera,17.1,1.9,No
V002098,2026-05-28 17:56:43,Calle 116,Usaquén,Hacienda Santa Bárbara,Usaquén,16.5,3.84,Mecánica,Suscriptor,Lluvia,16.4,3.5,No
V003032,2026-04-03 10:34:02,Parkway,Teusaquillo,Corferias,Teusaquillo,18.9,3.47,Mecánica,Suscriptor,Lluvia ligera,18.0,0.7,No
V000070,2026-03-28 09:21:27,Galerías,Teusaquillo,Corferias,Teusaquillo,180.0,3.71,Mecánica,Suscriptor,Despejado,17.9,0.0,Sí
V001573,2026-04-09 08:06:41,Calle 116,Usaquén,Parque El Virrey Norte,Usaquén,7.3,1.48,electrica,Suscriptor,Nublado,16.7,0.0,No
V000809,2026-02-06 23:49:16,Universidad Nacional,Teusaquillo,Calle 100,Usaquén,12.5,3.0,Eléctrica,Suscriptor,Despejado,15.4,0.0,No
V000012,2026-05-16 03:00:14,Museo Nacional,Santa Fe,Unicentro,Usaquén,14.7,2.06,Mecánica,Suscriptor,Despejado,16.5,0.0,Sí
V002026,2026-02-16 17:20:31,Las Nieves,Santa Fe,Museo Nacional,Santa Fe,11.3,2.23,Mecánica,Suscriptor,Lluvia ligera,16.5,0.8,No
V002193,2026-04-30 04:03:07,Universidades Centro,La Candelaria,Universidades Centro,La Candelaria,3.5,0.7,Mecánica,Suscriptor,Lluvia ligera,19.6,0.6,No
V000918,2026-02-17 11:40:26,Hacienda Santa Bárbara,Chapinero ,Centro Internacional,Santa Fe,21.5,3.57,Eléctrica,Suscriptor,Nublado,18.3,0.0,No
V001452,2026-04-02 19:50:51,Chorro de Quevedo,La Candelaria,Centro Internacional,Santa Fe,12.5,,Eléctrica,Ocasional,Despejado,15.8,0.0,No
V002688,2026-02-27 08:40:14,Calle 63,Chapinero,Parque de los Hippies,Chapinero,11.9,3.16,Eléctrica,Ocasional,Nublado,18.0,0.0,No
V000177,2026-04-19 00:32:37,Calle 63,Chapinero,Corferias,Teusaquillo,5.0,1.08,Mecánica,Suscriptor,Lluvia ligera,15.6,1.6,Sí
V000995,2026-02-07 17:18:01,Universidad Javeriana,Chapinero,Parque de los Hippies,Chapinero,9.3,1.71,Mecánica,Suscriptor,Lluvia,19.2,5.2,Sí
V002489,2026-04-27 08:14:16,Plaza de Bolívar,La Candelaria,Las Aguas,La Candelaria,12.8,2.26,Eléctrica,Suscriptor,Lluvia,20.6,9.1,No
V002570,2026-03-15 19:55:14,Parkway,Teusaquillo,Universidad Nacional,Teusaquillo,25.8,5.45,Eléctrica,Suscriptor,Nublado,16.5,0.0,Sí
V001256,2026-03-29 18:42:04,Centro Internacional,Santa Fe,Museo Nacional,Santa Fe,9.7,1.82,Eléctrica,Ocasional,Despejado,18.3,0.0,Sí
V001665,2026-05-04 18:51:02,Chorro de Quevedo,La Candelaria,Unicentro,Usaquén,18.2,5.17,Eléctrica,Suscriptor,Nublado,21.4,0.0,No
V002192,2026-03-02 08:01:05,Parque El Virrey Norte,Usaquén,Calle 80,Barrios Unidos,14.5,3.49,Mecánica,Suscriptor,Despejado,18.3,0.0,No
V002802,2026-04-01 08:59:59,Centro Internacional,Santa Fe,Parque Nacional,Santa Fe,29.4,7.52,Eléctrica,Suscriptor,Lluvia ligera,20.6,1.2,No
V002568,2026-04-23 21:11:02,Parque de los Hippies,Chapinero,Parque El Virrey Norte,Usaquén,28.7,3.43,Mecánica,Suscriptor,Despejado,14.5,0.0,No
V001318,2026-05-29 04:23:44,Calle 63,Chapinero,Zona G,Chapinero,10.1,3.44,Eléctrica,Ocasional,Lluvia ligera,16.6,1.3,No
V002871,2026-04-27 00:02:21,Plaza de Bolívar,La Candelaria,Parkway,Teusaquillo,16.8,3.55,Mecánica,Suscriptor,Lluvia,16.7,4.1,No
V001791,2026-05-26 07:39:14,Calle 63,Chapinero,Calle 63,Chapinero,11.1,2.1,Eléctrica,Ocasional,Despejado,13.2,0.0,No
V002477,2026-04-19 20:32:38,Calle 72,Chapinero,Simón Bolívar Sur,Teusaquillo,40.8,8.96,Eléctrica,Suscriptor,Despejado,17.1,0.0,Sí
V002661,2026-02-19 19:13:33,Plaza de Bolívar,La Candelaria,Plaza de Bolívar,La Candelaria,4.5,0.86,Mecánica,Ocasional,Nublado,16.0,0.0,No
V000157,2026-03-15 19:47:05,Calle 100,Usaquén,Calle 100,Usaquén,5.6,1.13,Eléctrica,Suscriptor,Despejado,16.9,0.0,Sí
V002588,2026-09-05 18:06:00,Centro Internacional,Santa Fe,Parque Nacional,Santa Fe,24.2,3.64,Eléctrica,Suscriptor,Despejado,17.7,0.0,Sí
V001461,2026-03-13 19:30:24,Parque El Virrey Norte,Usaquén,Calle 100,Usaquén,12.4,1.98,Eléctrica,Ocasional,Lluvia ligera,20.7,1.2,No
V002047,2026-05-12 23:08:15,Universidad Nacional,Teusaquillo,Universidad Nacional,Teusaquillo,6.0,1.2,Mecánica,Suscriptor,Nublado,20.9,0.0,No
V001851,2026-03-20 19:59:37,Simón Bolívar Norte,Barrios Unidos,San Felipe,Barrios Unidos,12.9,4.18,Eléctrica,Ocasional,Lluvia,18.5,3.6,No
V002510,2026-04-24 15:59:45,Simón Bolívar Norte,Barrios Unidos,San Felipe,Barrios Unidos,6.9,1.29,Mecánica,Suscriptor,Despejado,17.7,0.0,No
V002625,2026-02-01 19:28:58,Parque Nacional,Santa Fe,Zona G,Chapinero,32.0,4.75,Mecánica,Suscriptor,Despejado,10.8,0.0,Sí
V002304,2026-04-07 19:45:45,Plaza de Bolívar,La Candelaria,Universidades Centro,La Candelaria,8.6,1.86,Eléctrica,Suscriptor,Lluvia ligera,20.7,1.2,No
V002006,2026-02-16 02:16:21,Corferias,Teusaquillo,Universidad Nacional,Teusaquillo,11.5,2.53,Mecánica,Suscriptor,Despejado,16.0,0.0,No
V001186,2026-05-11 11:27:57,Unicentro,Usaquén,Parque de la 93,Chapinero,19.8,3.93,Eléctrica,Suscriptor,Lluvia,17.4,3.5,No
V001007,2026-04-25 17:05:18,Galerías,Teusaquillo,Universidad Nacional,Teusaquillo,14.2,2.74,Mecánica,Ocasional,Despejado,18.0,0.0,Sí
V000561,2026-05-30 07:07:08,San Felipe,Barrios Unidos,Calle 80,Barrios Unidos,15.3,3.23,Eléctrica,Ocasional,Lluvia ligera,12.3,2.2,Sí
V002257,2026-03-11 18:10:38,Parque Nacional,Santa Fe,Parkway,Teusaquillo,22.0,5.97,Eléctrica,Suscriptor,Nublado,16.8,0.0,No
V000911,2026-02-02 05:43:23,Simón Bolívar Norte,Barrios Unidos,Simón Bolívar Norte,Barrios Unidos,4.4,0.74,Mecánica,Suscriptor,Despejado,16.5,0.0,No
V001312,2026-03-17 15:00:35,Parque de la 93,Chapinero,Parque de los Hippies,Chapinero,14.8,1.95,Mecánica,Ocasional,Despejado,18.2,0.0,No
V002050,2026-02-07 03:15:35,Chorro de Quevedo,La Candelaria,Plaza de Bolívar,La Candelaria,24.3,5.01,Mecánica,Ocasional,Lluvia,16.0,9.8,Sí
V000270,2026-02-28 23:48:46,Centro Internacional,Santa Fe,Museo Nacional,Santa Fe,16.1,2.0,Eléctrica,Ocasional,Despejado,16.3,0.0,Sí
V001994,2026-02-27 18:33:18,Zona G,Chapinero,,Santa Fe,15.1,2.89,Mecánica,Suscriptor,Despejado,14.4,0.0,No
V000266,2026-04-03 07:47:30,San Felipe,Barrios Unidos,Parque de los Novios,Barrios Unidos,15.5,3.13,Mecánica,Suscriptor,Nublado,16.1,0.0,No
V000915,2026-04-23 18:31:03,Simón Bolívar Norte,Barrios Unidos,Simón Bolívar Norte,Barrios Unidos,4.6,0.79,Mecánica,Suscriptor,Nublado,18.3,0.0,No
V002279,2026-03-24 15:43:21,Calle 116,Usaquén,Parque de los Hippies,Chapinero,13.0,2.03,Mecánica,Suscriptor,Lluvia,20.2,8.5,No
V002232,2026-02-22 17:33:00,Universidad Nacional,Teusaquillo,Parkway,Teusaquillo,8.6,1.45,Eléctrica,Suscriptor,Lluvia,15.3,6.9,Sí
V003183,2026-02-19 18:11:32,Calle 80,Barrios Unidos,Parque de los Novios,Barrios Unidos,11.2,2.17,Eléctrica,Suscriptor,Lluvia,15.7,5.0,No
V002913,2026-02-01 17:58:14,Universidad Javeriana,Chapinero,Las Aguas,La Candelaria,17.7,3.82,Mecánica,Suscriptor,Nublado,12.0,0.0,Sí
V000874,2026-02-15 09:01:37,Calle 116,Usaquén,Unicentro,Usaquén,8.6,1.5,Mecánica,Suscriptor,Lluvia ligera,10.7,0.3,Sí
V002094,2026-03-01 18:15:09,Calle 72,Chapinero,Universidad Javeriana,Chapinero,12.5,,Eléctrica,Suscriptor,Nublado,15.2,0.0,Sí
V002447,2026-05-08 07:12:16,Corferias,Teusaquillo,Parque de los Hippies,Chapinero,18.8,3.91,Mecánica,Suscriptor,Nublado,19.8,0.0,No
V000476,2026-05-02 05:17:58,Zona G,Chapinero,Calle 63,Chapinero,16.2,4.38,Eléctrica,Suscriptor,Despejado,19.4,0.0,Sí
V001653,2026-05-31 19:36:31,Chorro de Quevedo,La Candelaria,Parque Nacional,Santa Fe,8.5,2.03,Mecánica,Suscriptor,Despejado,16.3,0.0,Sí
V001961,2026-02-03 08:48:47,Unicentro,Usaquén,Hacienda Santa Bárbara,Usaquén,10.7,,Mecánica,Suscriptor,Nublado,14.8,0.0,No
V000046,2026-02-25 18:42:30,Plaza de Bolívar,La Candelaria,Simón Bolívar Norte,Barrios Unidos,16.3,2.93,Eléctrica,Ocasional,Despejado,16.9,0.0,No
V000162,2026-05-21 14:15:26,Universidades Centro,La Candelaria,Parque de la 93,Chapinero,13.8,2.11,Eléctrica,Suscriptor,Despejado,16.4,0.0,No
V002776,2026-05-19 02:58:35,Calle 63,Chapinero,Parque de la 93,Chapinero,13.5,3.47,Mecánica,Suscriptor,Despejado,18.0,0.0,No
V002678,2026-02-28 19:10:50,Calle 100,Usaquén,Zona G,Chapinero,17.0,3.97,Mecánica,Suscriptor,Despejado,19.3,0.0,Sí
V000289,2026-04-27 18:36:35,Simón Bolívar Norte,Barrios Unidos,Parque de los Hippies,Chapinero,7.4,0.99,Eléctrica,Ocasional,Lluvia,16.4,5.4,No
V003170,2026-04-06 19:20:19,Unicentro,Usaquén,Calle 100,Usaquén,16.5,3.34,Eléctrica,Ocasional,Nublado,16.5,0.0,No
V001949,2026-04-07 18:23:01,Simón Bolívar Norte,Barrios Unidos,San Felipe,Barrios Unidos,33.9,8.01,Mecánica,Suscriptor,Lluvia ligera,17.7,1.8,No
V000576,2026-05-24 07:53:08,Unicentro,Usaquén,Hacienda Santa Bárbara,Usaquén,10.9,2.71,Eléctrica,Suscriptor,Lluvia,16.4,9.4,Sí
V000851,2026-02-02 13:34:27,Universidades Centro,La Candelaria,Parque El Virrey Norte,Usaquén,20.9,5.73,Eléctrica,Suscriptor,Nublado,14.8,0.0,No
V000912,2026-03-18 05:50:53,Universidad Javeriana,Chapinero,Parque de los Hippies,Chapinero,18.4,5.35,Mecánica,Suscriptor,Despejado,14.7,0.0,No
V001255,2026-02-11 18:54:48,Calle 63,Chapinero,Parque de la 93,Chapinero,20.0,3.43,Mecánica,Suscriptor,Lluvia,15.1,11.8,No
V001834,2026-04-07 17:50:46,Galerías,Teusaquillo,Universidad Nacional,Teusaquillo,6.9,1.54,Mecánica,Suscriptor,Nublado,18.6,0.0,No
V001723,2026-05-26 08:38:29,Universidades Centro,La Candelaria,Plaza de Bolívar,La Candelaria,4.2,0.76,Eléctrica,Suscriptor,Nublado,13.6,0.0,No
V002134,2026-05-18 08:35:46,Universidad Javeriana,Chapinero,Calle 100,Usaquén,15.6,3.43,Eléctrica,Suscriptor,Despejado,17.1,0.0,No
V001736,2026-05-20 07:52:22,Museo Nacional,Santa Fe,Museo Nacional,Santa Fe,5.7,1.1,Mecánica,Suscriptor,Despejado,,0.0,No
V000933,2026-02-18 19:45:15,Galerías,Teusaquillo,Parkway,Teusaquillo,19.7,4.28,Mecánica,Suscriptor,Nublado,12.6,0.0,No
V001101,2026-02-04 11:29:42,Calle 72,Chapinero,Parque Nacional,Santa Fe,32.1,6.16,Mecánica,Suscriptor,Despejado,16.1,0.0,No
V001208,2026-03-06 17:56:38,Plaza de Bolívar,La Candelaria,Las Aguas,La Candelaria,11.4,2.03,Mecánica,Suscriptor,Despejado,15.7,0.0,No
V002296,2026-02-25 11:13:43,Chorro de Quevedo,La Candelaria,Universidades Centro,La Candelaria,13.1,2.97,Eléctrica,Ocasional,Lluvia,13.8,4.3,No
V001844,2026-03-15 19:04:51,Calle 100,Usaquén,Calle 100,Usaquén,4.6,1.1,Eléctrica,Suscriptor,Lluvia ligera,17.1,0.6,Sí
V001849,2026-03-26 07:09:48,Museo Nacional,Santa Fe,Museo Nacional,Santa Fe,4.6,0.81,Eléctrica,Ocasional,Nublado,18.1,0.0,No
V002525,2026-02-26 09:34:26,Zona G,Chapinero,Parque de los Hippies,Chapinero,11.1,2.11,Eléctrica,Suscriptor,Despejado,15.6,0.0,No
V001695,2026-05-17 08:22:01,Parque de los Novios,Barrios Unidos,Simón Bolívar Norte,Barrios Unidos,6.4,1.4,Eléctrica,Suscriptor,Despejado,19.3,0.0,Sí
V000086,2026-05-16 07:13:32,Parque de los Novios,Barrios Unidos,Parque de los Novios,Barrios Unidos,6.7,1.02,Eléctrica,Suscriptor,Despejado,18.6,0.0,Sí
V000470,2026-05-03 06:59:17,Museo Nacional,Santa Fe,Centro Internacional,Santa Fe,12.9,2.73,Eléctrica,Suscriptor,Despejado,18.4,0.0,Sí
V002274,2026-05-10 05:38:56,Galerías,Teusaquillo,Corferias,Teusaquillo,13.6,2.8,Eléctrica,Suscriptor,Lluvia ligera,15.3,0.3,Sí
V002823,2026-04-05 02:05:11,Calle 63,Chapinero,Parque Nacional,Santa Fe,17.8,2.27,Mecánica,Ocasional,Despejado,17.1,0.0,Sí
V002380,2026-04-08 07:13:29,Calle 63,Chapinero,Calle 72,Chapinero,9.5,1.83,Eléctrica,Suscriptor,Despejado,12.6,0.0,No
V000234,2026-02-16 14:53:10,Universidades Centro,La Candelaria,Universidades Centro,La Candelaria,7.2,0.9,Mecánica,Suscriptor,Despejado,15.8,0.0,No
V002637,2026-02-03 18:07:49,Simón Bolívar Sur,Teusaquillo,Parkway,Teusaquillo,10.1,1.92,Mecánica,Suscriptor,Despejado,15.8,0.0,No
V002524,2026-04-17 22:40:57,Calle 72,Chapinero,Universidad Javeriana,Chapinero,10.5,2.07,Mecánica,Suscriptor,Despejado,17.8,0.0,No
V003153,2026-02-16 18:04:31,Parque Nacional,Santa Fe,Parque Nacional,Santa Fe,8.4,2.04,Eléctrica,Suscriptor,Despejado,16.9,0.0,No
V002648,2026-05-13 22:30:00,Universidad Nacional,Teusaquillo,San Felipe,Barrios Unidos,13.3,2.56,Eléctrica,Suscriptor,Lluvia ligera,17.7,0.4,No
V002470,2026-04-05 19:15:03,Calle 72,Chapinero,Zona G,Chapinero,20.7,5.08,Mecánica,Suscriptor,Nublado,14.9,0.0,Sí
V001712,2026-05-04 22:40:49,Museo Nacional,Santa Fe,Galerías,Teusaquillo,15.9,3.58,Mecánica,Suscriptor,Despejado,17.5,0.0,No
V000183,2026-04-23 13:36:56,Las Nieves,Santa Fe,Museo Nacional,Santa Fe,12.7,2.08,Mecánica,Suscriptor,Nublado,12.1,0.0,No
V000989,2026-02-21 23:28:39,Las Nieves,Santa Fe,Las Nieves,Santa Fe,9.8,2.77,Eléctrica,Suscriptor,Nublado,14.9,0.0,Sí
V001001,2026-04-26 09:10:03,Calle 116,Usaquén,Simón Bolívar Sur,Teusaquillo,30.7,4.61,Mecánica,Ocasional,Lluvia ligera,18.6,0.4,Sí
V001642,2026-05-27 17:36:50,Calle 100,Usaquén,Calle 63,Chapinero,25.4,6.07,Eléctrica,Ocasional,Nublado,12.5,0.0,No
V001357,2026-03-23 16:50:57,Centro Internacional,Santa Fe,Museo Nacional,Santa Fe,8.2,1.49,Mecánica,Suscriptor,Despejado,12.9,0.0,No
V001463,2026-05-13 18:07:16,Parque de los Novios,Barrios Unidos,Simón Bolívar Sur,Teusaquillo,7.7,1.84,Mecánica,Ocasional,Despejado,20.4,0.0,No
V000050,2026-05-12 18:28:07,Galerías,Teusaquillo,Corferias,Teusaquillo,14.3,,Eléctrica,Ocasional,Nublado,17.7,0.0,No
V003098,2026-03-30 18:29:47,Parque de la 93,Chapinero,Calle 63,Chapinero,17.0,2.52,Mecánica,Suscriptor,Nublado,18.1,0.0,No
V002578,2026-04-17 13:44:28,Hacienda Santa Bárbara,Usaquén,Parque El Virrey Norte,Usaquén,9.9,1.63,Mecánica,Suscriptor,Lluvia,16.7,7.4,No
V001259,2026-02-20 10:14:37,Parque Nacional,Santa Fe,Las Aguas,La Candelaria,15.0,3.55,Eléctrica,Suscriptor,Nublado,12.2,0.0,No
V000487,2026-02-17 00:59:51,Simón Bolívar Sur,Teusaquillo,Chorro de Quevedo,La Candelaria,6.9,1.4,Eléctrica,Suscriptor,Nublado,11.8,0.0,No
V003168,2026-04-10 07:27:13,Simón Bolívar Sur,Teusaquillo,Universidad Nacional,Teusaquillo,17.4,3.93,Eléctrica,Suscriptor,Despejado,18.5,0.0,No
V002546,2026-04-29 13:30:50,Chorro de Quevedo,La Candelaria,San Felipe,Barrios Unidos,9.8,1.61,Eléctrica,Suscriptor,Despejado,17.6,0.0,No
V001909,2026-05-11 18:58:43,Calle 63,Chapinero,Parque de los Hippies,Chapinero,11.6,2.08,Mecánica,Ocasional,Despejado,17.8,0.0,No
V000107,2026-04-06 08:50:59,Museo Nacional,Santa Fe,Parque Nacional,Santa Fe,12.3,2.67,Eléctrica,Suscriptor,Despejado,18.6,0.0,No
V000444,2026-03-27 17:09:05,Universidad Javeriana,Chapinero,Unicentro,Usaquén,20.8,4.91,Mecánica,Suscriptor,Lluvia ligera,15.7,0.5,No
V001955,2026-03-11 00:06:04,Simón Bolívar Norte,Barrios Unidos,Hacienda Santa Bárbara,Usaquén,18.5,4.49,Eléctrica,Suscriptor,Despejado,15.8,0.0,No
V000647,2026-04-14 17:05:43,Unicentro,Usaquén,Unicentro,Usaquén,6.2,1.21,Mecánica,Suscriptor,Nublado,21.5,0.0,No
V001763,2026-03-29 09:10:02,Las Nieves,Santa Fe,Las Nieves,Santa Fe,9.6,1.79,Mecánica,Ocasional,Nublado,18.2,0.0,Sí
V000727,2026-04-05 19:01:40,Calle 100,Usaquén,Unicentro,Usaquén,28.2,6.48,Eléctrica,Suscriptor,Nublado,15.5,0.0,Sí
V002239,2026-02-04 18:55:28,Centro Internacional,Santa Fe,Centro Internacional,Santa Fe,5.2,0.84,Mecánica,Suscriptor,Despejado,16.1,0.0,No
V001857,2026-02-25 15:21:41,San Felipe,Barrios Unidos,San Felipe,Barrios Unidos,5.8,0.9,Mecánica,Ocasional,Lluvia ligera,,1.7,No
V002331,2026-02-27 21:33:38,Calle 100,Usaquén,Calle 116,Usaquén,14.7,2.33,Mecánica,Suscriptor,Despejado,14.1,0.0,No
V000030,2026-05-07 19:57:01,Parkway,Teusaquillo,Parque de la 93,Chapinero,11.3,2.62,Eléctrica,Suscriptor,Nublado,21.1,0.0,No
V000170,2026-03-21 00:25:25,Universidad Nacional,Teusaquillo,Universidad Nacional,Teusaquillo,10.2,2.36,Eléctrica,Suscriptor,Nublado,15.3,0.0,Sí
V001002,2026-03-12 21:56:04,Museo Nacional,Santa Fe,Calle 80,Barrios Unidos,13.1,3.01,Mecánica,Suscriptor,Nublado,16.9,0.0,No
V002149,2026-03-01 08:05:23,Parque de la 93,Chapinero,Hacienda Santa Bárbara,Usaquén,22.9,5.25,Eléctrica,Suscriptor,Despejado,20.1,0.0,Sí
V000198,2026-03-20 05:53:03,Zona G,Chapinero,San Felipe,Barrios Unidos,26.8,4.82,Eléctrica,Suscriptor,Despejado,17.5,0.0,No
V000496,2026-04-20 17:23:32,Parque de los Hippies,Chapinero,Parque de los Hippies,Chapinero,5.6,0.86,Mecánica,Ocasional,Nublado,16.2,0.0,No
V002027,2026-03-28 18:29:38,Parque de los Hippies,Chapinero,Unicentro,Usaquén,14.8,2.73,Mecánica,Suscriptor,Lluvia,18.0,6.2,Sí
V000648,2026-02-24 00:52:14,Parque Nacional,Santa Fe,Las Nieves,Santa Fe,17.9,3.4,Eléctrica,Suscriptor,Despejado,9.7,0.0,No
V003036,2026-03-15 18:47:12,Parque de los Hippies,Chapinero,Parque de los Hippies,Chapinero,8.5,1.96,Mecánica,Ocasional,Lluvia ligera,14.8,0.2,Sí
V000045,2026-05-06 08:52:46,Museo Nacional,Santa Fe,Museo Nacional,Santa Fe,5.7,0.96,Mecánica,Suscriptor,Despejado,15.8,0.0,No
V002759,2026-04-24 14:14:37,Parque de los Hippies,Chapinero,Calle 72,Chapinero,12.8,3.08,Mecánica,Suscriptor,Nublado,16.9,0.0,No
V000374,2026-04-08 04:41:25,Universidad Javeriana,Chapinero,Universidad Javeriana,Chapinero,6.6,1.06,Mecánica,Suscriptor,Despejado,18.8,0.0,No
V000679,2026-02-03 17:13:59,Calle 72,Chapinero,Calle 72,Chapinero,5.8,1.06,Mecánica,Suscriptor,Nublado,12.0,0.0,No
V000567,2026-05-29 17:22:43,Corferias,Teusaquillo,Parkway,Teusaquillo,8.2,1.86,Eléctrica,Suscriptor,Lluvia,14.9,7.2,No
V002896,2026-02-28 20:51:45,Zona G,Chapinero,Parque de los Hippies,Chapinero,9.8,1.91,Mecánica,Ocasional,Nublado,16.0,0.0,Sí
V000461,2026-04-24 04:30:00,Calle 100,Usaquén,Calle 100,Usaquén,20.6,4.85,Mecánica,Suscriptor,Despejado,18.2,0.0,No
V001933,2026-04-30 22:28:03,Centro Internacional,Santa Fe,Centro Internacional,Santa Fe,6.7,0.81,Mecánica,Ocasional,Nublado,18.9,0.0,No
V001156,2026-05-01 19:28:51,Parkway,Teusaquillo,Parque de los Novios,Barrios Unidos,25.2,4.11,Mecánica,Suscriptor,Lluvia,20.0,8.0,No
V000040,2026-05-16 07:49:59,Hacienda Santa Bárbara,Usaquén,Parkway,Teusaquillo,17.0,4.45,Eléctrica,Ocasional,Despejado,16.4,0.0,Sí
V002483,2026-04-28 07:32:41,Parque de los Novios,Barrios Unidos,Calle 80,Barrios Unidos,14.3,1.11,Mecánica,Ocasional,Despejado,19.2,0.0,No
V000974,2026-04-14 13:03:33,Las Nieves,Santa Fe,Plaza de Bolívar,La Candelaria,17.0,3.37,Mecánica,Ocasional,Nublado,19.9,0.0,No
V003056,2026-04-18 20:36:05,Universidades Centro,La Candelaria,Centro Internacional,Santa Fe,7.1,1.27,Mecánica,Ocasional,Nublado,16.0,0.0,Sí
V001787,2026-05-30 18:58:41,Calle 80,Barrios Unidos,Centro Internacional,Santa Fe,19.5,2.8,Mecánica,Suscriptor,Nublado,18.8,0.0,Sí
V001499,2026-02-12 18:53:00,Universidad Nacional,Teusaquillo,Corferias,Teusaquillo,9.7,2.11,Mecánica,Suscriptor,Despejado,17.6,0.0,No
V002505,2026-04-23 02:33:59,Universidad Javeriana,Chapinero,Calle 63,Chapinero,12.7,2.4,Eléctrica,Ocasional,Despejado,16.9,0.0,No
V001836,2026-05-16 04:33:26,Simón Bolívar Norte,Barrios Unidos,Centro Internacional,Santa Fe,16.1,4.6,Eléctrica,Suscriptor,Despejado,14.7,0.0,Sí
V002309,2026-02-20 17:09:45,Calle 80,Barrios Unidos,San Felipe,Barrios Unidos,15.4,2.72,Eléctrica,Suscriptor,Lluvia ligera,14.5,2.0,No
V001841,2026-04-01 16:17:44,Calle 63,Chapinero,Parque de los Hippies,Chapinero,18.6,5.25,Eléctrica,Suscriptor,Lluvia,19.4,3.0,No
V002084,2026-02-15 18:41:52,Parque Nacional,Santa Fe,Calle 72,Chapinero,20.4,4.05,Mecánica,Suscriptor,Despejado,14.4,0.0,Sí
V000828,2026-03-26 07:55:41,Universidades Centro,La Candelaria,Plaza de Bolívar,La Candelaria,15.4,4.13,Eléctrica,Suscriptor,Despejado,12.7,0.0,No
V001936,2026-02-10 04:31:20,Galerías,Teusaquillo,Calle 72,Chapinero,9.2,,Mecánica,Suscriptor,Despejado,17.1,0.0,No
V002045,2026-05-29 09:33:55,Parque Nacional,Santa Fe,Centro Internacional,Santa Fe,8.0,1.63,Mecánica,Suscriptor,Nublado,15.5,0.0,No
V000310,2026-04-30 18:23:43,Parque de la 93,Chapinero,Parque de los Hippies,Chapinero,8.6,2.04,Eléctrica,Suscriptor,Lluvia,18.9,9.1,No
V000277,2026-03-17 04:09:46,Calle 63,Chapinero,Calle 72,Chapinero,10.5,1.94,Mecánica,Ocasional,Despejado,19.7,0.0,No
V000637,2026-05-06 22:06:12,Parkway,Teusaquillo,Simón Bolívar Sur,Teusaquillo,3.9,0.95,Eléctrica,Suscriptor,Despejado,15.9,0.0,No
V000655,2026-03-13 00:24:35,Museo Nacional,Santa Fe,Parque Nacional,Santa Fe,9.8,2.32,Eléctrica,Suscriptor,Despejado,12.2,0.0,No
V000623,2026-02-03 17:16:41,Calle 63,Chapinero,Parque de la 93,Chapinero,11.8,1.62,Mecánica,Ocasional,Nublado,13.6,0.0,No
V001860,2026-05-27 18:49:43,Calle 63,Chapinero,Parque de los Hippies,Chapinero,17.3,4.05,Mecánica,Suscriptor,Despejado,16.9,0.0,No
V000845,2026-04-11 18:16:05,Las Nieves,Santa Fe,Museo Nacional,Santa Fe,5.2,1.17,Eléctrica,Ocasional,Nublado,19.3,0.0,Sí
V000394,2026-02-18 19:27:54,San Felipe,Barrios Unidos,Calle 80,Barrios Unidos,7.9,1.85,Eléctrica,Suscriptor,Nublado,18.7,0.0,No
V002156,2026-04-21 18:50:09,Corferias,Teusaquillo,Parkway,Teusaquillo,12.8,2.05,Mecánica,Ocasional,Lluvia ligera,18.1,1.3,No
V000350,2026-05-25 19:35:45,Parque de la 93,Chapinero,Calle 63,Chapinero,29.9,5.59,Mecánica,Suscriptor,Despejado,20.2,0.0,No
V002573,2026-04-04 07:35:40,Parque de los Hippies,Chapinero,Calle 80,Barrios Unidos,11.4,2.49,Mecánica,Suscriptor,Nublado,15.8,0.0,Sí
V000785,2026-03-20 07:33:11,Calle 116,Usaquén,Calle 63,Chapinero,22.8,4.22,Eléctrica,Suscriptor,Despejado,12.5,0.0,No
V000048,2026-05-16 17:48:46,Universidades Centro,La Candelaria,Parque Nacional,Santa Fe,9.3,1.96,Eléctrica,Ocasional,Despejado,17.3,0.0,Sí
V001979,2026-02-13 22:57:36,Las Nieves,Santa Fe,Centro Internacional,Santa Fe,16.2,3.66,Mecánica,Suscriptor,Despejado,12.6,0.0,No
V002252,2026-04-07 20:34:03,Parque de la 93,Chapinero,Calle 63,Chapinero,7.8,1.3,Eléctrica,Suscriptor,Lluvia,17.8,3.6,No
V001656,2026-02-23 21:34:25,Parque de los Novios,Barrios Unidos,San Felipe,Barrios Unidos,6.7,0.88,Mecánica,Suscriptor,Despejado,16.0,0.0,No
V002070,2026-05-22 07:18:07,Calle 63,Chapinero,Universidad Javeriana,Chapinero,23.5,4.81,Mecánica,Ocasional,Nublado,18.0,0.0,No
V000403,2026-05-07 08:29:48,Museo Nacional,Santa Fe,Parque Nacional,Santa Fe,6.1,1.19,Mecánica,Ocasional,Lluvia ligera,18.2,1.1,No
V001108,2026-03-09 07:10:58,Universidad Javeriana,Chapinero,Calle 72,Chapinero,27.8,7.36,Eléctrica,Suscriptor,Despejado,14.8,0.0,No
V001155,2026-04-15 08:25:52,Parque de la 93,Chapinero,Calle 63,Chapinero,18.1,2.89,Mecánica,Suscriptor,Despejado,15.9,0.0,No
V001440,2026-03-15 20:02:06,Universidades Centro,La Candelaria,Universidades Centro,La Candelaria,7.4,1.49,Mecánica,Suscriptor,Despejado,15.1,0.0,Sí
V003196,2026-03-31 18:45:21,Universidad Nacional,Teusaquillo,Las Nieves,Santa Fe,7.4,1.33,Eléctrica,Ocasional,Nublado,19.4,0.0,No
V002002,2026-04-01 03:55:53,Las Nieves,Santa Fe,Parque Nacional,Santa Fe,12.0,1.98,Mecánica,Suscriptor,Despejado,18.6,0.0,No
V000990,2026-04-16 22:35:50,Parque El Virrey Norte,Usaquén,Parque El Virrey Norte,Usaquén,4.0,0.78,Eléctrica,Ocasional,Nublado,17.4,0.0,No
V001866,2026-03-01 23:24:12,Parkway,Teusaquillo,Universidad Nacional,Teusaquillo,22.2,4.01,Eléctrica,Suscriptor,Nublado,12.3,0.0,Sí
V002790,2026-04-24 19:43:32,San Felipe,Barrios Unidos,Parque de los Novios,Barrios Unidos,19.1,4.85,Eléctrica,Suscriptor,Nublado,14.2,0.0,No
V001311,2026-05-27 20:02:49,Las Nieves,Santa Fe,Centro Internacional,Santa Fe,17.7,4.38,electrica,Ocasional,Despejado,18.0,0.0,No
V000034,2026-03-21 19:40:28,Corferias,Teusaquillo,Parque de la 93,Chapinero,9.9,1.71,Mecánica,Ocasional,Lluvia,17.2,10.2,Sí
V000788,2026-03-09 19:40:42,Universidad Javeriana,Chapinero,Parque Nacional,Santa Fe,10.2,2.37,Mecánica,Suscriptor,Nublado,16.3,0.0,No
V002972,2026-02-07 06:50:24,Zona G,Chapinero,Calle 63,Chapinero,12.5,2.64,Eléctrica,Suscriptor,Lluvia,14.8,3.6,Sí
V001044,2026-05-29 11:24:25,Calle 72,Chapinero,San Felipe,Barrios Unidos,12.4,2.91,Mecánica,Suscriptor,Despejado,17.4,0.0,No
V000482,2026-04-11 07:37:12,Parkway,Teusaquillo,Galerías,Teusaquillo,14.8,1.85,electrica,Ocasional,Nublado,17.6,0.0,Sí
V001244,2026-04-18 18:52:42,Corferias,Teusaquillo,Corferias,Teusaquillo,15.1,4.45,Eléctrica,Suscriptor,Despejado,19.2,0.0,Sí
V002628,2026-04-01 18:30:08,Universidad Javeriana,Chapinero,Universidad Javeriana,Chapinero,8.8,1.32,Mecánica,Suscriptor,Nublado,16.3,0.0,No
V002530,2026-05-01 02:53:31,Zona G,Chapinero,Parque de la 93,Chapinero,19.7,4.07,Eléctrica,Suscriptor,Despejado,17.6,0.0,No
V000932,2026-03-14 09:53:54,Simón Bolívar Sur,Teusaquillo,Universidad Nacional,Teusaquillo,6.9,1.46,Eléctrica,Ocasional,Lluvia ligera,21.5,0.5,Sí
V002405,2026-04-12 18:33:48,Centro Internacional,Santa Fe,Corferias,Teusaquillo,15.1,3.03,Mecánica,Suscriptor,Nublado,18.9,0.0,Sí
V001686,2026-04-02 09:16:40,Parque de los Novios,Barrios Unidos,Parque de los Novios,Barrios Unidos,22.5,4.9,Mecánica,Suscriptor,Nublado,15.0,0.0,No
V001249,2026-02-09 02:40:37,Simón Bolívar Norte,Barrios Unidos,Parque de los Novios,Barrios Unidos,15.5,2.36,Mecánica,Ocasional,Lluvia ligera,12.9,2.4,No
V000760,2026-05-18 07:01:46,Simón Bolívar Norte,Barrios Unidos,Simón Bolívar Norte,Barrios Unidos,5.3,0.71,Mecánica,Ocasional,Despejado,20.8,0.0,No
V000093,2026-05-19 10:12:32,Plaza de Bolívar,La Candelaria,Plaza de Bolívar,La Candelaria,12.0,2.34,Mecánica,Suscriptor,Despejado,18.3,0.0,No
V001176,2026-04-30 18:42:37,Parque de los Novios,Barrios Unidos,Universidad Javeriana,Chapinero,19.7,5.23,Eléctrica,Suscriptor,Lluvia,19.6,11.6,No
V001416,2026-03-05 07:25:06,Museo Nacional,Santa Fe,Parkway,Teusaquillo,16.6,3.06,Mecánica,Suscriptor,Lluvia,14.9,11.9,No
V001342,2026-05-28 18:27:05,Calle 116,Usaquén,Unicentro,Usaquén,18.4,5.66,Eléctrica,Suscriptor,Nublado,20.0,0.0,No
V001473,2026-05-16 07:50:06,Calle 72,Chapinero,Las Aguas,La Candelaria,23.6,,Mecánica,Ocasional,Nublado,17.5,0.0,Sí
V002852,2026-02-19 19:31:37,Calle 72,Chapinero,Plaza de Bolívar,La Candelaria,15.3,2.71,Mecánica,Suscriptor,Despejado,,0.0,No
V002794,2026-03-20 10:10:36,Calle 63,Chapinero,Calle 72,Chapinero,16.1,3.61,Eléctrica,Ocasional,Lluvia,16.7,7.2,No
V002328,2026-04-23 02:02:28,Parque de los Hippies,Chapinero,Universidad Nacional,Teusaquillo,12.1,2.51,Mecánica,Suscriptor,Nublado,17.3,0.0,No
V001608,2026-02-08 19:35:24,Simón Bolívar Sur,Teusaquillo,Corferias,Teusaquillo,15.4,2.9,Eléctrica,Suscriptor,Nublado,17.4,0.0,Sí
V000765,2026-05-28 02:34:25,Museo Nacional,Santa Fe,Centro Internacional,Santa Fe,8.6,1.72,Mecánica,Suscriptor,Despejado,20.4,0.0,No
V002653,2026-03-14 19:11:12,Corferias,Teusaquillo,Simón Bolívar Sur,Teusaquillo,32.8,5.32,Mecánica,Suscriptor,Lluvia ligera,13.3,1.9,Sí
V003194,2026-05-06 11:13:23,Calle 100,Usaquén,Calle 80,Barrios Unidos,13.6,3.08,Mecánica,Ocasional,Nublado,20.9,0.0,No
V001374,2026-05-31 04:38:27,Parque El Virrey Norte,Usaquén,Unicentro,Usaquén,20.3,4.31,Mecánica,Suscriptor,Nublado,20.7,0.0,Sí
V001952,2026-04-28 14:23:00,Calle 100,Usaquén,,Usaquén,4.9,0.82,Eléctrica,Suscriptor,Despejado,18.8,0.0,No
V002449,2026-03-14 09:17:50,Parkway,Teusaquillo,Unicentro,Usaquén,14.2,2.38,Mecánica,Suscriptor,Despejado,17.8,0.0,Sí
V001729,2026-03-01 18:28:34,Plaza de Bolívar,La Candelaria,Las Aguas,La Candelaria,23.0,3.73,Mecánica,Suscriptor,Despejado,13.0,0.0,Sí
V000258,2026-02-27 18:55:04,Parque de la 93,Chapinero,Simón Bolívar Sur,Teusaquillo,9.9,1.88,Mecánica,Suscriptor,Nublado,19.3,0.0,No
V000945,2026-04-18 08:31:01,Parque de la 93,Chapinero,Unicentro,Usaquén,9.0,1.57,Mecánica,Ocasional,Lluvia,18.8,9.1,Sí
V003145,2026-05-01 07:07:08,Parkway,Teusaquillo,Simón Bolívar Sur,Teusaquillo,21.1,3.11,Mecánica,Ocasional,Lluvia ligera,15.3,0.8,No
V001220,2026-04-06 19:23:18,Zona G,Chapinero,Las Nieves,Santa Fe,9.5,1.76,Eléctrica,Ocasional,lluvia ligera,22.1,0.0,No
V001162,2026-05-10 17:01:32,Plaza de Bolívar,La Candelaria,Chorro de Quevedo,La Candelaria,13.5,2.69,Mecánica,Suscriptor,Nublado,20.2,0.0,Sí
V002543,2026-04-21 20:41:42,Parkway,Teusaquillo,Corferias,Teusaquillo,10.1,2.46,Eléctrica,Suscriptor,Despejado,18.5,0.0,No
V000773,2026-05-11 18:47:33,Hacienda Santa Bárbara,Usaquén,Parkway,Teusaquillo,23.2,4.34,Mecánica,Suscriptor,Nublado,18.5,0.0,No
V002599,2026-03-17 11:15:50,Las Nieves,Santa Fe,Museo Nacional,Santa Fe,12.3,1.92,Mecánica,Suscriptor,Despejado,17.5,0.0,No
V001487,2026-03-09 20:51:20,Parque de los Hippies,Chapinero,San Felipe,Barrios Unidos,39.1,5.83,Mecánica,Suscriptor,Nublado,18.9,0.0,No
V002250,2026-05-03 02:49:08,Hacienda Santa Bárbara,Usaquén,Calle 116,Usaquén,12.4,2.01,Mecánica,Suscriptor,Lluvia ligera,17.0,1.3,Sí
V000313,2026-05-03 13:14:29,Calle 63,Chapinero,Parque Nacional,Santa Fe,16.5,2.85,Mecánica,Suscriptor,Nublado,20.2,0.0,Sí
V000291,2026-03-11 08:24:54,Unicentro,Usaquén,Hacienda Santa Bárbara,Usaquén,16.1,3.69,Eléctrica,Suscriptor,Nublado,15.7,0.0,No
V000764,2026-04-24 08:50:24,Zona G,Chapinero,Calle 63,Chapinero,21.5,3.88,Mecánica,Suscriptor,Nublado,18.0,0.0,No
V002998,2026-04-19 20:30:43,Calle 80,Barrios Unidos,Calle 80,Barrios Unidos,7.7,2.11,Eléctrica,Suscriptor,Nublado,14.5,0.0,Sí
V000184,2026-04-26 04:21:55,Centro Internacional,Santa Fe,Museo Nacional,Santa Fe,16.8,3.67,Eléctrica,Suscriptor,Nublado,18.6,0.0,Sí
V001177,2026-02-01 20:12:53,Simón Bolívar Norte,Barrios Unidos,Corferias,Teusaquillo,20.4,3.79,Eléctrica,Suscriptor,Lluvia,12.4,5.7,Sí
V001350,2026-03-26 13:57:32,Simón Bolívar Norte,Barrios Unidos,Parque de los Novios,Barrios Unidos,24.0,4.15,electrica,Suscriptor,Lluvia ligera,18.4,1.1,No
V003117,2026-05-21 01:26:05,Calle 80,Barrios Unidos,Simón Bolívar Norte,Barrios Unidos,7.7,1.39,Mecánica,Suscriptor,Nublado,17.1,0.0,No
V003079,2026-02-17 02:38:14,Parque El Virrey Norte,Usaquén,Hacienda Santa Bárbara,Usaquén,21.1,4.76,Mecánica,Suscriptor,Nublado,16.6,0.0,No
V002299,2026-05-16 08:37:16,Parque de los Hippies,Chapinero,Parque El Virrey Norte,Usaquén,14.4,2.8,Eléctrica,Ocasional,Despejado,21.3,0.0,Sí
V002872,2026-04-19 19:38:17,Universidades Centro,La Candelaria,Universidades Centro,La Candelaria,13.3,3.54,Eléctrica,Suscriptor,Despejado,17.4,0.0,Sí
V001100,2026-02-03 17:36:14,Parque Nacional,Santa Fe,Las Nieves,Santa Fe,6.5,1.34,Eléctrica,Ocasional,Lluvia ligera,12.9,0.8,No
V002989,2026-05-22 18:40:31,Museo Nacional,Santa Fe,Parque Nacional,Santa Fe,7.4,1.11,Eléctrica,Suscriptor,Nublado,18.8,0.0,No
V000392,2026-04-23 09:18:07,San Felipe,Barrios Unidos,San Felipe,Barrios Unidos,6.5,1.35,Mecánica,Suscriptor,Nublado,15.9,0.0,No
V001920,2026-05-15 06:51:16,Universidad Nacional,Teusaquillo,Corferias,Teusaquillo,7.4,1.97,Eléctrica,Suscriptor,Despejado,15.3,0.0,No
V001457,2026-03-10 07:40:51,Corferias,Teusaquillo,Parkway,Teusaquillo,3.9,0.8,Eléctrica,Ocasional,Despejado,20.6,0.0,No
V001093,2026-05-06 16:17:29,Simón Bolívar Norte,Barrios Unidos,Plaza de Bolívar,La Candelaria,9.8,1.88,Eléctrica,Suscriptor,Lluvia,19.4,5.5,No
V002023,2026-04-21 19:07:48,Simón Bolívar Sur,Teusaquillo,Las Aguas,La Candelaria,30.0,5.61,Eléctrica,Suscriptor,Lluvia ligera,15.6,1.3,No
V000905,2026-04-19 18:04:56,Simón Bolívar Sur,Teusaquillo,Universidad Nacional,Teusaquillo,16.6,3.05,Mecánica,Suscriptor,Lluvia ligera,17.7,0.9,Sí
V002779,2026-02-28 16:53:27,Simón Bolívar Norte,Barrios Unidos,Simón Bolívar Norte,Barrios Unidos,11.1,1.87,Mecánica,Suscriptor,Lluvia ligera,12.9,2.1,Sí
V002603,2026-04-04 07:11:28,Corferias,Teusaquillo,Simón Bolívar Sur,Teusaquillo,20.0,3.27,Mecánica,Suscriptor,Nublado,22.6,0.0,Sí
V000367,2026-03-27 02:13:19,Calle 72,Chapinero,Parque de los Hippies,Chapinero,12.6,2.13,Eléctrica,Ocasional,Nublado,16.6,0.0,No
V000346,2026-02-21 23:08:18,Corferias,Teusaquillo,Calle 63,Chapinero,37.2,8.84,Eléctrica,Suscriptor,Despejado,16.0,0.0,Sí
V002584,2026-04-04 23:36:01,Universidad Nacional,Teusaquillo,Simón Bolívar Sur,Teusaquillo,18.2,3.6,Mecánica,Suscriptor,Despejado,15.5,0.0,Sí
V001373,2026-02-24 06:40:27,Las Aguas,La Candelaria,Plaza de Bolívar,La Candelaria,22.3,4.58,Mecánica,,Nublado,15.2,0.0,No
V001640,2026-04-22 23:09:36,Museo Nacional,Santa Fe,Parque de los Hippies,Chapinero,44.2,5.47,Mecánica,Suscriptor,Nublado,20.4,0.0,No
V000920,2026-05-26 17:36:03,San Felipe,Chapinero ,Parque de los Novios,Barrios Unidos,23.6,4.61,Mecánica,Suscriptor,Lluvia,20.6,8.0,No
V000212,2026-05-03 17:30:28,Calle 100,Usaquén,Hacienda Santa Bárbara,Usaquén,11.0,2.73,Eléctrica,Suscriptor,Nublado,17.1,0.0,Sí
V001604,2026-02-09 08:38:47,Centro Internacional,Santa Fe,Universidad Javeriana,Chapinero,13.9,3.06,Eléctrica,Suscriptor,Nublado,15.1,0.0,No
V002551,2026-03-21 15:54:26,Parque de los Novios,Barrios Unidos,Parque de los Novios,Barrios Unidos,6.0,1.49,electrica,Ocasional,Nublado,16.9,0.0,Sí
V000538,2026-04-20 20:31:42,San Felipe,Barrios Unidos,Simón Bolívar Norte,Barrios Unidos,16.4,2.23,Eléctrica,Ocasional,Despejado,11.2,0.0,No
V001221,2026-05-15 18:30:35,Parkway,Teusaquillo,Calle 100,Usaquén,8.3,0.97,Mecánica,Suscriptor,Lluvia ligera,18.4,0.3,No
V000176,2026-05-23 19:24:26,Universidad Nacional,Teusaquillo,Galerías,Teusaquillo,8.3,1.58,Eléctrica,Suscriptor,Lluvia,19.1,3.1,Sí
